Rank,Rank_Overall,Rank_Superflex,"Full Name","Team Abbrev",Position,"Fantasy Points Per Game","Best Ball Points Added",ADP,id
1,1,5,"Christian McCaffrey",SF,RB,24.5,283.3,1.2,9e801ec6-ed8e-49b1-8b66-90553d7dd7e2
2,2,6,"Tyreek Hill",MIA,WR,23.5,245.2,3.2,a36d312f-0f65-4e3a-98ef-823608309b21
3,3,7,"CeeDee Lamb",DAL,WR,23.7,263.8,2.1,098d87b9-1fc9-4466-a7dd-7f35f697f506
4,4,8,"Ja'Marr Chase",CIN,WR,16.4,137.4,4.1,5a9b6074-7296-4571-94f8-6b9e803ba039
5,5,9,"Justin Jefferson",MIN,WR,20.2,126.1,5.4,8209c653-34c2-4bc5-8434-d5a6d2c8b27b
6,6,10,"Amon-Ra St. Brown",DET,WR,20.7,202.8,6.1,7b36b9f5-93c3-4fb7-8703-f89aa740c452
7,7,11,"Breece Hall",NYJ,RB,17.1,188.6,7.8,3f671138-3ef9-437b-af4b-f865c1423161
8,8,13,"Bijan Robinson",ATL,RB,14.5,145.2,7.1,7f4475be-2cd2-4e94-9272-9d6e1c6a6262
9,9,15,"A.J. Brown",PHI,WR,17.0,166.2,10.2,2bad3d34-9960-4d9a-8fa7-6abc8d2ba1f7
10,10,18,"Puka Nacua",LAR,WR,17.6,165.1,9.3,fb1781a7-ebfc-47c4-a925-18ad114c9834
11,11,20,"Jahmyr Gibbs",DET,RB,16.1,142.7,11.7,f098bc7a-7b26-4b95-8a2a-5603e0c79eab
12,12,22,"Garrett Wilson",NYJ,WR,12.5,86.4,11.2,c76953d5-dc07-49f6-85e2-731b919c09a0
13,13,23,"Jonathan Taylor",IND,RB,15.6,91.3,16.1,b4792419-5e76-45de-864a-741ac6df7651
14,14,24,"Marvin Harrison Jr.",ARI,WR,-,-,13.5,ffadf9c7-84c5-4cbd-882c-08ac77e4ceff
15,15,25,"Saquon Barkley",PHI,RB,15.9,130.3,15.4,5b733acd-4a48-40f0-9662-51e4540b0351
16,16,26,"Brandon Aiyuk",SF,WR,15.6,123.1,17.4,c3032705-9198-4d1b-ba45-3d5eb7983645
17,17,29,"Drake London",ATL,WR,10.9,67.7,15.3,56c751bc-45b5-4984-b916-8a9b1cbc056e
18,18,32,"Kyren Williams",LAR,RB,21.3,174.0,21,2ea6b394-3237-4644-8b49-69cf67b6e8a9
19,19,34,"Deebo Samuel",SF,WR,16.2,138.4,21.5,bc1959be-6b30-4eca-be97-0f2e5b97eb9a
20,20,36,"Michael Pittman",IND,WR,15.6,123.5,30.5,0c4fb388-7ebc-4e40-947f-90ba2e7f60a3
21,21,37,"Jaylen Waddle",MIA,WR,14.2,85.8,27.4,0eca149b-3acb-4540-90b9-e573a3983e73
22,22,38,"Chris Olave",NO,WR,14.5,109.5,18.3,333093b5-7ef3-49ae-a736-93217e79f666
23,23,39,"Davante Adams",LV,WR,15.6,143.0,19.1,6591b1cf-50ee-4c6d-964c-2b26ad46bfde
24,24,40,"Mike Evans",TB,WR,16.6,153.7,24.2,8da0dbe1-4d06-45f3-830a-2112443c2466
25,25,41,"Cooper Kupp",LAR,WR,13.7,80.3,34.4,07d3867e-0154-4152-a798-18d6c7accd42
26,26,1,"Josh Allen",BUF,QB,24.2,109.0,33.4,66b13037-5e4c-4b36-a7e7-398cbace2e58
27,27,42,"Devonta Smith",PHI,WR,14.2,106.6,32.6,c0c23fc3-862e-481f-824b-04ee87c01392
28,28,43,"Malik Nabers",NYG,WR,-,-,28.8,12dc1620-9e6e-4ea6-81db-325a12cf154c
29,29,44,"Sam LaPorta",DET,TE,14.1,89.9,28.7,686108bb-239b-4273-a28a-69b9571cc03d
30,30,45,"Derrick Henry",BAL,RB,14.5,146.1,31.5,2e8f2806-a076-496d-b610-30c5a9db0098
31,31,46,"Nico Collins",HOU,WR,17.4,148.6,22.4,0ca934b7-a6df-4df8-9f7b-f34f1f51d396
32,32,47,"Josh Jacobs",GB,RB,13.9,95.7,38.2,993baded-bd48-4787-b0ad-ac2996be73a4
33,33,48,"Tee Higgins",CIN,WR,11.5,66.9,41.8,d27b174c-ed7e-4138-a2c7-ab3fcd3575b3
34,34,49,"D.J. Moore",CHI,WR,16.9,157.0,26.5,f68af97f-836c-472d-8ad2-8b87a19ec178
35,35,50,"Travis Etienne",JAX,RB,16.6,169.2,39,a9ad9af2-611c-4c9b-9e07-687f619a55ce
36,36,51,"Stefon Diggs",HOU,WR,16.1,140.9,26,aeec05d9-8fa4-4b9a-a85d-4611dbb12d5f
37,37,52,"DK Metcalf",SEA,WR,14.1,104.6,32.3,2704e8d7-a534-4bef-9e3d-6d12ff738205
38,38,54,"Devon Achane",MIA,RB,17.3,129.2,23.9,47a7e2a4-2f23-4670-ac09-1c20b7e4bb39
39,39,55,"Isiah Pacheco",KC,RB,15.3,119.6,47,951c3ab5-1b70-43de-a537-16376027a240
40,40,2,"Jalen Hurts",PHI,QB,21.9,88.0,36.5,5e0c0398-4cff-4185-9805-3d5b56cb929b
41,41,3,"Lamar Jackson",BAL,QB,21.1,80.5,42.5,f258ff18-d5fd-4dce-af9a-958900eecf52
42,42,57,"Travis Kelce",KC,TE,14.6,84.3,37.7,18a2678b-805b-4ec2-8489-0e677735311b
43,43,58,"Rachaad White",TB,RB,15.8,153.2,53.8,140a874a-e16b-4b51-9640-01797a14e4a1
44,44,59,"Christian Kirk",JAX,WR,12.5,63.2,54,3641f3d1-3ff6-4d44-91db-47834e41227b
45,45,62,"George Pickens",PIT,WR,12.3,89.3,46,0c410b1a-19f9-415f-ae96-11dc81d258dc
46,46,63,"Trey McBride",ARI,TE,10.7,56.9,44.1,eb7bc4df-1285-4d03-94d4-bf9ab58eea87
47,47,4,"Patrick Mahomes",KC,QB,18.4,31.6,46.1,1028d0c1-94d4-463f-9a3d-3c0bebb060db
48,48,64,"Mark Andrews",BAL,TE,13.5,47.9,52.1,b73379fb-c0bf-4624-bb87-5b9daf7ae1ed
49,49,65,"James Cook",BUF,RB,13.7,122.7,52.4,d7025fba-a9fc-4295-8a27-b194556a90f9
50,50,66,"Dalton Kincaid",BUF,TE,9.4,34.6,49.1,5fd1a37f-4c31-4cc1-82b5-ce980d353aaa
51,51,67,"Zay Flowers",BAL,WR,12.9,89.5,39.7,0f1d4122-0410-4a08-8ec5-564ad56b8d8c
52,52,68,"Tank Dell",HOU,WR,15.0,91.2,42.5,2df22d1e-e053-42dd-9c5e-480d1196ff25
53,53,69,"Amari Cooper",CLE,WR,15.1,122.3,49.6,2426f790-2c33-4a1d-9074-0a2975affc5d
54,54,70,"Terry McLaurin",WAS,WR,12.3,82.2,56.8,84b4c137-2193-4e4b-b3de-a74f2eed2ad3
55,55,71,"Chris Godwin",TB,WR,12.3,75.4,74.2,19f1f476-acd6-4dbd-ac1c-7c4a920bf479
56,56,72,"Keenan Allen",CHI,WR,21.5,172.3,52.3,079b90e6-3ce0-4952-88a6-8e2a3003d6fe
57,57,73,"Jayden Reed",GB,WR,13.6,97.9,58.8,501824d3-4a54-4af2-b44a-d3ecd1963f1d
58,58,74,"Alvin Kamara",NO,RB,17.9,145.3,66.4,8efa33b9-1203-4a58-82f7-2b1104491e97
59,59,75,"Joe Mixon",HOU,RB,15.7,152.3,57,012a73f3-7fe2-427d-89d5-2ddc0fb366e6
60,60,76,"Jordan Addison",MIN,WR,13.0,103.8,68.6,010a891d-2b17-4cbc-b8fe-7b3aa74f9e6f
61,61,77,"Kenneth Walker",SEA,RB,13.3,106.5,62.7,03fcdf1b-3181-4dc9-9891-5f8db430037f
62,62,78,"Aaron Jones",MIN,RB,12.3,69.1,72.4,c7a3f5f1-7736-4c0d-9fed-b00b9e39c46b
63,63,79,"George Kittle",SF,TE,12.7,82.0,67,0d22526b-00d4-4f61-9c71-7540cd373543
64,64,80,"Rashee Rice",KC,WR,13.3,87.5,82.7,d763e0dc-b773-483d-be2a-a49c5ee0046d
65,65,12,"C.J. Stroud",HOU,QB,18.7,46.8,50.3,d1f113bc-e984-499b-a386-2c38ef7a25d0
66,66,81,"Rome Odunze",CHI,WR,-,-,65.8,144f1a02-d422-4d10-ba5e-349a5daae34b
67,67,14,"Anthony Richardson",IND,QB,18.4,14.3,56.1,e5c2cbd7-65b7-41a9-b81d-a6e1313571fd
68,68,82,"Calvin Ridley",TEN,WR,13.5,108.4,66.4,cc6cf04a-9ebb-4f4d-9d39-cc637b2da612
69,69,83,"Kyle Pitts",ATL,TE,8.1,19.0,60.8,4ffdccda-f8a4-4ec4-90a6-0ddf19626a93
70,70,84,"DeAndre Hopkins",TEN,WR,13.2,101.1,82.6,d0ab599c-2441-43c7-8e44-355ddcd40fb4
71,71,85,"Evan Engram",JAX,TE,13.5,76.3,75.9,5482dd3a-89c6-44de-9819-2b27e7af1097
72,72,86,"David Montgomery",DET,RB,14.8,115.2,74.2,1bbd25be-df0b-43c5-a027-2ff0bc886805
73,73,87,"Xavier Worthy",KC,WR,-,-,58.8,f1af93fd-af0e-4380-8ae4-519f04a8673c
74,74,88,"Najee Harris",PIT,RB,11.5,93.3,87.8,fa6d275b-9843-4a2a-a13f-17b2a6421118
75,75,89,"Ladd McConkey",LAC,WR,-,-,70.9,da9a62a7-26d6-4485-be96-cd693c639448
76,76,90,"Diontae Johnson",CAR,WR,11.7,61.3,81.3,b7b1f316-40a7-4784-a8d1-f972b0dd394f
77,77,93,"Marquise Brown",KC,WR,9.6,48.6,61.9,905c091a-69b0-4c46-9f4a-0887d6485aaf
78,78,94,"Tony Pollard",TEN,RB,13.1,111.7,91.5,46af6d96-b1c6-420e-8267-e45b7ee6bed2
79,79,16,"Joe Burrow",CIN,QB,15.3,21.7,73.6,13b9e9b0-7b2f-4a53-9772-7a2b029a0cec
80,80,96,"Jaxon Smith-Njigba",SEA,WR,8.8,34.0,79.2,71aa400e-7eab-465e-bf0a-1c1f7f407306
81,81,97,"Rhamondre Stevenson",NE,RB,12.1,73.7,77.5,1775916e-71ef-4b95-beb7-cc387b7d0a26
82,82,17,"Kyler Murray",ARI,QB,18.9,13.7,77.9,bf247202-99b8-442a-9164-7e7b88e3c39c
83,83,98,"D'Andre Swift",CHI,RB,12.5,102.4,83.8,59e3addb-e2f7-4d24-8852-eaa61c397dd7
84,84,100,"Brock Bowers",LV,TE,-,-,100.6,f5867da2-a5d7-46e0-8c3d-87d8f5679ac3
85,85,101,"Jake Ferguson",DAL,TE,10.4,40.3,86.4,21b4aa19-67f2-4f75-9580-e7de8402ec95
86,86,102,"Christian Watson",GB,WR,11.3,39.3,85,c404a688-5ff2-4ede-a1bd-1e52bd000052
87,87,104,"Keon Coleman",BUF,WR,-,-,71.1,6d7c0fe8-34ac-4c6c-a7ab-3aba41078fc0
88,88,105,"Jaylen Warren",PIT,RB,11.6,81.9,92.2,f92ed8de-d86d-4837-9230-7ed84bdaf0f3
89,89,106,"Brian Thomas Jr.",JAX,WR,-,-,73.7,e596066b-2a14-4ac2-9b2c-84422febdf32
90,90,107,"Tyler Lockett",SEA,WR,11.9,82.1,106.9,d29d0594-1f4b-4108-8592-046e49e5257f
91,91,19,"Dak Prescott",DAL,QB,20.7,81.1,86.4,820e0944-20ba-491d-94a0-9c367bb95d2a
92,92,108,"David Njoku",CLE,TE,12.6,66.0,98.2,3346891b-8250-442e-be54-4ffc467140f0
93,93,109,"Courtland Sutton",DEN,WR,11.9,80.1,102.1,63578ada-4ed4-4316-9f8a-e9aabc341a12
94,94,110,"Jonathon Brooks",CAR,RB,-,-,90.5,d4aff586-ebb1-48b4-9046-92ced891b82e
95,95,112,"Zamir White",LV,RB,4.3,33.7,81.2,1eaa53eb-1685-436a-92f1-5108e9060916
96,96,113,"Javonte Williams",DEN,RB,11.2,76.8,105,4cdb965b-ad70-4a6d-9ab5-2d106a11b98f
97,97,21,"Jordan Love",GB,QB,19.4,44.2,89.5,9edea840-1092-4867-b6ce-7cf21b5a10b0
98,98,114,"James Conner",ARI,RB,15.5,116.1,93.5,94b09be0-23a5-46fd-9484-7aa994983d13
99,99,116,"Raheem Mostert",MIA,RB,17.8,168.4,94.9,313f9102-552e-42bb-9de8-8cdd09f9f400
100,100,118,"Curtis Samuel",BUF,WR,9.8,55.1,100.7,5938ed56-9d15-4ddb-bbb6-4f2df360082d
101,101,27,"Caleb Williams",CHI,QB,-,-,96.4,b8771ac8-365e-47ee-8c89-257ce9c3ed1c
102,102,120,"Dallas Goedert",PHI,TE,9.7,34.6,112.7,b95bd706-6b49-482b-9767-182b062dd5b1
103,103,121,"Zack Moss",CIN,RB,12.1,89.6,94.1,3e152432-f6e7-42b7-b71e-fd969103ef58
104,104,122,"Brian Robinson",WAS,RB,13.2,98.2,111.5,8f945f72-643c-468a-92f0-5ce4eea02376
105,105,123,"Mike Williams",NYJ,WR,16.7,25.6,105.4,ff2e5025-2e5a-42f1-b618-d49879ee4137
106,106,28,"Brock Purdy",SF,QB,19.2,48.5,103.6,34410741-ef23-47e5-b6b4-ec1786d934fa
107,107,30,"Jayden Daniels",WAS,QB,-,-,105.1,7596f380-5b00-47a8-9598-a26c2f107188
108,108,125,"Rashid Shaheed",NO,WR,10.4,56.6,119.7,e589613d-c3de-4dd1-9cfd-2e28677b4341
109,109,126,"Nick Chubb",CLE,RB,11.6,10.0,108.3,c4ee1373-10f2-47bb-a333-0bbc1047fee3
110,110,127,"Jakobi Meyers",LV,WR,13.7,101.4,121.5,bd442576-a4ed-474b-9dbd-941891275718
111,111,129,"Devin Singletary",NYG,RB,9.8,72.5,113,afbfb86b-62fa-4d76-850e-106a8bef1227
112,112,31,"Trevor Lawrence",JAX,QB,17.3,28.8,118.8,cd014c4d-e787-4f56-b0c4-c18b0f98dfd0
113,113,33,"Tua Tagovailoa",MIA,QB,16.7,28.1,113.9,b24c197a-b8e2-4ddf-8d0e-b97e30059d08
114,114,130,"T.J. Hockenson",MIN,TE,14.6,76.5,115.9,83050f3b-3f33-4e5b-ad16-b0a82eefdcbb
115,115,131,"Adonai Mitchell",IND,WR,-,-,114.9,808b51b2-dbf2-4023-9231-cd5f910afe6f
116,116,132,"Brandin Cooks",DAL,WR,10.8,73.1,132.3,dd65067d-22f1-4262-9511-1722ec842441
117,117,133,"Dalton Schultz",HOU,TE,10.0,42.9,126,d79e99d3-9a96-438e-a237-b5a1f6309909
118,118,134,"Jerry Jeudy",CLE,WR,8.9,29.4,129.5,6cf1940d-9a54-4eb3-ba14-49e9b822d88d
119,119,135,"Trey Benson",ARI,RB,-,-,102,542c1523-b23e-42fd-add6-29db4ec3dc1d
120,120,136,"Josh Palmer",LAC,WR,10.7,38.2,125,5b58b8bc-4e70-4c59-9b39-5d06ff9cc138
121,121,35,"Justin Herbert",LAC,QB,18.6,47.0,125.7,639efdda-8c57-4da3-83d2-30f2471bfc02
122,122,138,"Austin Ekeler",WAS,RB,13.2,96.9,109.9,7e7c2085-c78c-4d08-b286-0fe4e199a8b0
123,123,140,"Khalil Shakir",BUF,WR,7.1,29.8,116,14655452-ddcb-4917-b5d6-16cba10df015
124,124,141,"Jameson Williams",DET,WR,6.7,14.0,96.4,05770873-38ff-4f2c-9fe6-93b30344c8ff
125,125,53,"Jared Goff",DET,QB,17.8,35.4,120.6,1c0b3cb2-0f1f-4404-af12-058599ce167f
126,126,142,"Jahan Dotson",WAS,WR,7.3,36.8,131.1,63fee59f-b98f-4a3b-b166-6f5dd8382977
127,127,143,"Pat Freiermuth",PIT,TE,6.4,14.3,142.3,9461990e-fcb5-461a-aef0-cd430b33a1c8
128,128,144,"Chase Brown",CIN,RB,4.5,14.1,119.9,3e8980e6-5db5-4abf-bf09-961510c13cca
129,129,145,"Romeo Doubs",GB,WR,10.3,61.9,114.6,eab97f05-41eb-44dd-bcd6-b1164453d78f
130,130,146,"Gabriel Davis",JAX,WR,9.5,81.8,132.3,9d484486-6555-41e2-9e4b-b9b4b4a73852
131,131,147,"Josh Downs",IND,WR,9.2,42.0,137.9,eb04ead7-a136-4dfd-9bc0-36062253808f
132,132,148,"Cole Kmet",CHI,TE,10.7,55.9,135.9,1a11d2ae-c4b1-400c-bf2e-d4dca13800e6
133,133,149,"Tyjae Spears",TEN,RB,9.0,53.8,123,155d3ea9-be02-439b-893f-61cfb7e42e14
134,134,151,"Xavier Legette",CAR,WR,-,-,139.4,781c6385-c420-4a04-a546-e7244b0f421d
135,135,152,"Quentin Johnston",LAC,WR,5.5,15.0,147,d1320ecb-9461-4fba-97c1-d40ae8c36cb5
136,136,153,"Zach Charbonnet",SEA,RB,6.6,28.1,136.4,317274c8-462d-4f3f-99c0-6fe632f9c100
137,137,155,"Ezekiel Elliott",DAL,RB,10.3,71.5,128.5,3a7f32f4-cdb6-4be0-a1b5-6c216802dc4c
138,138,157,"Dontayvion Wicks",GB,WR,8.0,34.1,140.3,a7ee8a74-bffd-4cc1-8afe-c348540218cb
139,139,56,"Aaron Rodgers",NYJ,QB,0.0,0.0,148.9,7e343d94-5993-4398-b8e1-d251ce8cddf6
140,140,159,"Gus Edwards",LAC,RB,11.0,89.1,118.1,2642260c-f775-4263-977c-4584914f0418
141,141,160,"Jerome Ford",CLE,RB,12.4,105.0,136.9,49edc4f4-dc78-467d-8ddb-a5585fcb54e9
142,142,163,"Malachi Corley",NYJ,WR,-,-,169,feaa26c4-cff4-487a-970a-ddad711e5b09
143,143,165,"Darnell Mooney",ATL,WR,5.3,13.0,149.6,4d0feb32-2c3d-4ba3-97a5-3255e2d8afd2
144,144,168,"Michael Wilson",ARI,WR,8.8,38.4,167.1,56346159-6e3e-4ec5-ab5b-4fa6e70a4aa9
145,145,171,"Roman Wilson",PIT,WR,-,-,157.4,ee4764a1-5eaa-450f-bfb6-fda7fd37485f
146,146,172,"Blake Corum",LAR,RB,-,-,129.6,e89f7b98-d087-46a4-b20a-53dd65177736
147,147,60,"Deshaun Watson",CLE,QB,15.1,5.9,162.6,5a586c9b-29bb-4966-822f-20cbf961d487
148,148,61,"Kirk Cousins",ATL,QB,19.3,23.8,134.9,28d325d3-3f66-4334-8c97-7e886cbb0218
149,149,173,"Ja'Lynn Polk",NE,WR,-,-,154.7,0eae9eff-1161-4e23-8038-c359ca6c1410
150,150,174,"Luke Musgrave",GB,TE,6.8,5.2,154.7,6835cc77-2259-460a-96d2-4593cac34fe4
151,151,175,"Adam Thielen",CAR,WR,13.6,111.6,164.4,219e05a7-6e17-4f64-a2ae-2023dd01ecb3
152,152,91,"Matthew Stafford",LAR,QB,16.9,17.2,144,2c21c617-0373-467a-aa15-1e0e678d9630
153,153,92,"Baker Mayfield",TB,QB,16.7,22.2,158.5,3d994e25-98b0-4fe4-8e43-45caa3b05889
154,154,177,"Wan'Dale Robinson",NYG,WR,8.9,39.1,185.2,e1e19ee9-01a4-472f-8e74-626a4607e6d1
155,155,178,"Cade Otton",TB,TE,6.9,13.7,170.6,2f43f271-81a2-428d-be67-22331f8cc23e
156,156,179,"Marvin Mims",DEN,WR,4.4,20.5,171.3,fc1ccabb-3073-4b34-a1c4-3310e43d369e
157,157,180,"Rico Dowdle",DAL,RB,5.7,28.6,141.4,1f9caa40-8697-45ed-838a-c5016d5d2b50
158,158,95,"Geno Smith",SEA,QB,15.7,24.0,173.3,edb873b8-24e4-46c7-a82e-01efdedd9ff3
159,159,181,"Tyler Conklin",NYJ,TE,7.2,7.7,177.8,c1bf2279-8822-483c-a471-eca605165780
160,160,182,"Jermaine Burton",CIN,WR,-,-,158.4,7f61052c-f7f1-46a1-9486-afbbdebf9e9e
161,161,183,"Ray Davis",BUF,RB,-,-,157.3,7add997e-ddf5-4dd6-b818-4747a6c23448
162,162,184,"Troy Franklin",DEN,WR,-,-,156.3,fe172b50-3a9a-4b92-bfd7-7c4806855cd3
163,163,185,"Jaylen Wright",MIA,RB,-,-,144.9,ffffe221-e468-4aa4-a89c-814ff9d84e24
164,164,186,"Juwan Johnson",NO,TE,7.5,23.9,174.2,8e8ab6f3-17ee-4fd2-b267-49e1d20b6d12
165,165,187,"Ben Sinnott",WAS,TE,-,-,149.9,7c3b8c65-cee7-441a-b656-dc0f9e592075
166,166,99,"J.J. McCarthy",MIN,QB,-,-,179.3,3b683063-e2a1-4c8c-9c2a-d0a0efc5e9b6
167,167,188,"Hunter Henry",NE,TE,8.6,36.8,161.8,7d9fe5a5-046a-497a-9edd-cd0fe22704e7
168,168,189,"MarShawn Lloyd",GB,RB,-,-,146.4,ba62ae9e-6556-4eec-abd8-24061cbc3b64
169,169,191,"Elijah Moore",CLE,WR,7.8,30.3,207.5,99f3f9f4-99bc-4044-887e-7b671d990ba8
170,170,192,"Tyler Allgeier",ATL,RB,8.1,47.5,165.2,fd40f098-b8ea-462f-9500-a356b073a8c2
171,171,193,"Antonio Gibson",NE,RB,8.0,34.8,168.5,8455944d-c59f-4f25-a201-2a0785a34543
172,172,103,"Drake Maye",NE,QB,-,-,199.4,559fb2bc-fb75-45f8-8872-32bdc051ef1b
173,173,195,"Ty Chandler",MIN,RB,5.9,38.2,151.3,05ae34fa-4c89-4171-aec5-3a9cf44970be
174,174,196,"J.K. Dobbins",LAC,RB,11.7,5.0,167.5,a3694f7f-d96e-4a5c-9965-f877c14cf007
175,175,197,"Chigoziem Okonkwo",TEN,TE,6.7,8.4,198.5,f71fb47b-cb8d-436b-a9ea-3a8f7d4da6f5
176,176,198,"Tucker Kraft",GB,TE,4.6,7.3,203.6,112e0165-5616-4de6-97fe-3a99d6a48dbe
177,177,200,"Ricky Pearsall",SF,WR,-,-,145.3,32b80205-735b-4646-962e-4485d512a029
178,178,201,"Jonnu Smith",MIA,TE,7.3,23.2,190.9,d22c8282-2db7-48ec-ac2c-825f00eac244
179,179,203,"Noah Fant",SEA,TE,4.3,1.0,189.2,8f7f70cb-d238-4263-a283-67fa1e0d8e88
180,180,204,"Chuba Hubbard",CAR,RB,10.7,75.2,169,3818318a-eae9-4e5e-97b7-fc9c17aff78d
181,181,205,"Tyler Boyd",TEN,WR,8.6,34.0,205.1,b85602ca-8575-47c6-9cd5-36aaeaab7038
182,182,206,"Kendre Miller",NO,RB,5.4,14.4,152.2,ff629d5a-a1a0-41aa-be94-384346c39dd0
183,183,208,"DJ Chark",LAC,WR,7.7,36.1,205.5,a3f9a932-cb32-4d30-84c0-7e4347bb909f
184,184,209,"Kimani Vidal",LAC,RB,-,-,160.1,4f2cd96c-93ab-4556-b181-a9d5148a5547
185,185,210,"Isaiah Likely",BAL,TE,5.9,27.0,182.2,96e18685-a5d7-4bce-9803-406cd96537cb
186,186,211,"Jalin Hyatt",NYG,WR,3.5,11.7,212,aa442ff3-158d-4084-bc7d-31672fba2a61
187,187,213,"Rashod Bateman",BAL,WR,4.8,1.2,182.3,b934b6d1-f3f7-4e85-9093-61752570be82
188,188,214,"Jaleel McLaughlin",DEN,RB,6.2,30.2,173.9,5f0c0506-0633-48ed-82c8-84e8ccca391b
189,189,111,"Daniel Jones",NYG,QB,10.5,13.1,205.6,a9621925-0793-4d79-ad41-0f568611b6b5
190,190,215,"Tyrone Tracy Jr.",NYG,RB,-,-,180.1,df951d37-812b-402b-8bf0-41a39a47f49a
191,191,216,"DeMario Douglas",NE,WR,7.7,18.6,193,ba20ed45-635f-42e7-bd40-6f11de194256
192,192,217,"Bucky Irving",TB,RB,-,-,173.3,2cbcf238-c3f6-456f-966a-8c89943c11f2
193,193,218,"Demarcus Robinson",LAR,WR,5.5,36.2,193.7,156f87f5-8039-4e08-b878-f03c220c2923
194,194,219,"Mike Gesicki",CIN,TE,3.8,0.0,206.3,72b37a2c-fc4e-459f-9993-cdce1843deff
195,195,220,"Odell Beckham",MIA,WR,7.7,29.8,198.4,d08a736a-bcaa-4efe-ac9d-8669b1d226cb
196,196,221,"Luke McCaffrey",WAS,WR,-,-,176.5,1fe1828f-95e2-4ee6-a853-b15a778297b1
197,197,115,"Bryce Young",CAR,QB,10.4,5.2,200.4,988bab92-36df-41d0-90d3-86d936f37c90
198,198,224,"Keaton Mitchell",BAL,RB,8.7,29.2,189.6,36eacb60-5365-4223-9254-718ee383c69d
199,199,117,"Bo Nix",DEN,QB,-,-,207.5,8f16025a-ffe0-4efa-836e-b71ae20db9e9
200,200,119,"Derek Carr",NO,QB,14.7,17.6,198.5,7758c18a-e90d-4730-b4d9-e576e1edde66
201,201,227,"Jalen McMillan",TB,WR,-,-,209.2,d03ce45d-ed3f-40cf-8ae2-a7fb49ef2eab
202,202,228,"Josh Reynolds",DEN,WR,7.6,38.0,215,d2247d86-c874-48e7-a4c7-b82e26cd5c18
203,203,229,"Michael Mayer",LV,TE,5.1,7.6,215,df7ae891-91f9-4ca9-a9cd-943bf8d3d548
204,204,230,"Zach Ertz",WAS,TE,7.4,3.1,215.2,746a77dd-2238-418d-b736-f21ac804caed
205,205,231,"Kendrick Bourne",NE,WR,12.5,40.2,214.8,4fc64fed-2d9b-48b3-b191-fa68ffd14df4
206,206,232,"Khalil Herbert",CHI,RB,9.4,47.5,185.7,b281e42f-9b24-4361-96c1-7ef192f20315
207,207,233,"Michael Thomas",-,WR,9.0,22.3,215.8,570783cd-9232-4630-bcb8-cd9986cfd0c3
208,208,234,"Greg Dulcich",DEN,TE,2.8,0.0,213.4,450097ed-6eb2-419a-897c-cddc4aa48a51
209,209,235,"Dawson Knox",BUF,TE,4.6,0.4,212.8,0500233c-15fa-4054-a18c-558c519b6ef3
210,210,236,"Devontez Walker",BAL,WR,-,-,201.8,54969679-9dbf-4deb-a186-d074a361be7d
211,211,237,"Elijah Mitchell",SF,RB,4.3,15.9,199.6,878411ca-a020-4d88-8937-615d79934cb2
212,212,238,"Javon Baker",NE,WR,-,-,185,283389c2-edc9-43fb-a311-fcd3e14f483b
213,213,239,"Zay Jones",ARI,WR,8.7,21.2,190.8,841aaf26-5dfb-426e-97f6-046979ea2f56
214,214,124,"Will Levis",TEN,QB,11.8,8.0,180.5,1dab82ca-7aea-4818-b0e0-b56aae0f686f
215,215,240,"Darius Slayton",NYG,WR,8.9,48.7,213.5,01325253-9619-4ab1-ac44-9f3a0e9be4e9
216,216,241,"Jonathan Mingo",CAR,WR,5.7,10.1,215.7,901297b6-477b-4550-85c5-d84731409415
217,217,242,"Audric Estim√©",DEN,RB,-,-,208.4,fc3f376b-6891-4be4-be49-125ac078306d
218,218,243,"Rondale Moore",ATL,WR,6.2,15.7,213.1,1a6d0b10-43ae-4edb-a972-7e9bd6c92056
219,219,244,"Kalif Raymond",DET,WR,5.7,13.2,215.1,cd3ad272-880e-4c6b-9231-5b36000c3690
220,220,128,"Russell Wilson",PIT,QB,17.7,17.2,211.2,cf4714e3-23fb-4dcd-9daa-8ba4be108e88
221,221,245,"Alexander Mattison",LV,RB,8.3,44.1,212.5,0b343303-da50-49ce-a35d-5570a5479c10
222,222,246,"Dameon Pierce",HOU,RB,5.9,20.9,193.4,78a87fe4-0865-48fc-b9a2-cde47573850a
223,223,247,"Ja'Tavion Sanders",CAR,TE,-,-,208.5,65ffbb28-dca4-45c1-8f35-b93688f96de6
224,224,248,"Darren Waller",NYG,TE,9.4,23.5,213.8,ea0214ac-dce6-4260-9703-7156dbcd0544
225,225,249,"Will Shipley",PHI,RB,-,-,211,77d67f97-1de2-4ded-a444-027232e14d35
226,226,250,"Noah Brown",HOU,WR,10.2,49.6,215.4,e14e3303-2bf3-4cf2-841f-f4861320d1d8
227,227,251,"Isaac Guerendo",SF,RB,-,-,210.4,901b984e-07a8-403c-9532-61cd232b23e9
228,228,252,"Donald Parham",LAC,TE,5.7,13.5,215.4,719c71db-62c1-4ee7-975b-8432bb073633
229,229,253,"Roschon Johnson",CHI,RB,6.8,30.1,182.5,7680a072-4119-42eb-9d1b-031c94180600
230,230,254,"Marquez Valdes-Scantling",-,WR,3.5,9.2,214.1,4aa2fb8e-18f4-4906-9bda-eb56e162f868
231,231,255,"Colby Parkinson",LAR,TE,3.6,1.7,214.6,a12d7960-6735-4cd5-a17b-a6fd9011f9ca
232,232,256,"Cedrick Wilson",NO,WR,4.6,5.4,216,cd9c142f-9c93-4088-9213-9538c40b94ec
233,233,257,"Alec Pierce",IND,WR,5.6,15.5,215.9,fbb251bf-b1b4-4111-bd97-09923e621de8
234,234,258,"K.J. Osborn",NE,WR,7.5,32.4,215.7,8345b52f-3b03-4d99-8b01-fd2ddbb64975
235,235,259,"Hayden Hurst",LAC,TE,4.7,5.2,215.7,ad6ea23f-5301-4943-84e4-79dc17f32393
236,236,260,"Treylon Burks",TEN,WR,3.6,3.6,215.4,e68c8a9b-e51b-4184-b41e-0b9ebf3ad193
237,237,261,"Trey Palmer",TB,WR,5.6,9.2,215.7,10f54e5c-2622-4fe7-95ae-eb1876f1b20f
238,238,262,"Dylan Laube",LV,RB,-,-,213.6,d2a89bb9-9dc8-4667-8389-75ab8de01b47
239,239,263,"Tyler Higbee",LAR,TE,7.2,16.0,215.9,f96db244-41fb-4bc5-9996-360f3d67169e
240,240,137,"Taysom Hill",NO,QB,9.0,5.8,215.9,006cb498-eca7-4e4b-a528-d085ed17ebde
241,241,264,"Will Dissly",LAC,TE,2.5,3.7,215.8,e8b684d4-eb6d-47a8-872a-bc8d9a30baf4
242,242,265,"Evan Hull",IND,RB,1.7,0.0,214.2,ee6fa193-b143-4593-9c35-ebb4a2625ee9
243,243,266,"Kylen Granson",IND,TE,4.9,2.5,216,8028b9c5-3284-4b53-b5f7-2386290ff533
244,244,139,"Justin Fields",PIT,QB,18.4,46.7,194.8,8b1ee1f2-c7a2-4e99-a044-780eb97933c7
245,245,267,"JuJu Smith-Schuster",NE,WR,5.5,7.7,216,c81a2382-598c-4be6-94de-3800178f8537
246,246,268,"Josh Oliver",MIN,TE,3.1,4.8,216,0528233a-60e7-4436-8bf5-fd89452b6c90
247,247,269,"Tutu Atwell",LAR,WR,7.0,30.7,215.9,213ba323-af65-4bad-bc69-8806bcb6f8b4
248,248,270,"D'Onta Foreman",CLE,RB,10.1,42.3,210.7,e924f874-0ed1-4a72-a3f7-e4980b9eabf4
249,249,271,"Ryan Flournoy",DAL,WR,-,-,215.8,a1a9739e-cd73-48a3-8324-d009b54a9bf9
250,250,272,"Nelson Agholor",BAL,WR,5.7,16.3,215.9,8751a396-97c5-4d23-bb5e-f69039bbdd85
251,251,273,"Daniel Bellinger",NYG,TE,3.0,0.0,215.9,b449f31a-1021-49bb-8095-b31a6e7d1b77
252,252,274,"Mack Hollins",BUF,WR,3.3,0.8,215.9,7d86b339-030c-4675-95c2-c6b61f9b606a
253,253,275,"Clyde Edwards-Helaire",-,RB,4.7,22.4,214.5,f4d8cdaa-4ace-4c06-93eb-8d0474a850e1
254,254,276,"Tank Bigsby",JAX,RB,1.3,0.3,212.3,d5eb08a8-9cfd-4355-8ef8-68520f7ddcc2
255,255,277,"Tre Tucker",LV,WR,4.5,18.3,215.9,2e4af01e-cf3e-4a59-8532-e115e1fb5d82
256,256,278,"Calvin Austin",PIT,WR,3.1,8.5,215.9,ef3fd24b-55b9-4640-9098-4c1dabda6b3c
257,257,279,"Bo Melton",GB,WR,9.2,19.6,215.9,60308505-0d50-4aad-88e6-7af905d7be9b
258,258,280,"Adam Trautman",DEN,TE,3.6,2.7,216,df046fb0-8a47-4420-8ce3-9b50491fdad3
259,259,281,"Miles Sanders",CAR,RB,5.5,19.5,215.6,fbf8b8ae-923c-4e91-a4c9-def0077bcb76
260,260,282,"DeVante Parker",PHI,WR,5.6,9.2,215.9,09c39676-c6e2-4633-888f-5e34d2986959
261,261,283,"Jamaal Williams",NO,RB,4.7,10.5,215.9,b6d0dae3-7a01-4d3d-8d43-521fd0974b9d
262,262,284,"Van Jefferson",PIT,WR,2.4,0.0,216,96fbb541-027d-48f5-81a1-4cfeef5a8dd2
263,263,285,"Cedric Tillman",CLE,WR,3.2,2.3,216,f80d5527-7688-4d02-a14e-fd33e8fafc57
264,264,286,"Kenneth Gainwell",PHI,RB,6.1,15.2,215.4,819b347a-556a-4c90-b7b1-356dc12c162d
265,265,287,"Brandon Powell",MIN,WR,3.9,5.1,216,c4afdc45-7573-4792-94e1-fb5edcac1f52
266,266,288,"Samaje Perine",DEN,RB,7.1,27.3,215.6,cd52e459-87a8-465f-b612-a51359fa9c19
267,267,150,"Gardner Minshew",LV,QB,12.8,11.5,214.5,5cd0ffa9-619f-4ea0-a340-2147a2dee05d
268,268,289,"Braelon Allen",NYJ,RB,-,-,214.6,f55e4b60-80f9-4a44-bc29-a1e8af4d1396
269,269,290,"Rasheen Ali",BAL,RB,-,-,215.5,4e5dbe38-e83b-4636-a554-8891a00175a6
270,270,291,"Kareem Hunt",-,RB,7.9,38.6,215.9,0d9aa568-528b-4ef4-b55f-464b4dd1a0ba
271,271,292,"AJ Dillon",GB,RB,7.8,32.1,215.4,ff47408a-4f83-4e5e-8a3e-07e76012ea2d
272,272,154,"Michael Penix Jr.",ATL,QB,-,-,215.6,feb2d1d8-9688-4547-86ce-3955794a2b88
273,273,293,"Justice Hill",BAL,RB,6.8,33.6,215.8,dc54aaed-d67b-4a0b-8893-858001d7053d
274,274,156,"Aidan O'Connell",LV,QB,12.1,8.9,215.7,fa05fa48-c595-4b99-8fdd-e50dc8644fce
275,275,294,"Deuce Vaughn",DAL,RB,1.9,0.0,215.8,73fef32d-eddb-439b-b0ce-5b4fc97b01ea
276,276,295,"Jerick McKinnon",-,RB,7.0,30.1,216,da0e131b-567e-4a39-9945-ff5546d9fd86
277,277,296,"Israel Abanikanda",NYJ,RB,2.3,0.0,216,a30d94ec-ba4b-4bc1-b943-2bcaf129d453
278,278,158,"Sam Darnold",MIN,QB,2.4,0.0,215.8,1507292b-ae32-4d4c-b453-630ba7b1de42
279,279,297,"Royce Freeman",DAL,RB,3.3,11.2,216,be83f18d-a83a-45e1-8fa0-abeacb12b670
280,281,299,"Cordarrelle Patterson",PIT,RB,2.6,0.3,215.9,d7a795d7-eadd-4a10-8c6d-a4626801af9d
281,282,161,"Mason Rudolph",TEN,QB,9.9,1.4,216,a627a4de-7fd5-413c-b099-04ae518fa68e
282,283,162,"Drew Lock",NYG,QB,8.0,0.0,216,0fc77230-391c-48a7-9e23-9da8664fc173
283,284,164,"Spencer Rattler",NO,QB,-,-,216,8a8923ea-9cc1-4341-ae3f-6582c48474e6
284,285,300,"Chris Rodriguez",WAS,RB,2.9,12.8,216,e8c42ea0-f69e-42fb-955d-a627d7446149
285,286,166,"Mike White",MIA,QB,0.5,0.0,216,a12fda22-b4df-4319-8c4c-e37ef41b0a25
286,287,167,"Tyrod Taylor",NYJ,QB,8.2,4.2,216,7b4e3fc4-091c-46fa-b060-9bd2f6e88d86
287,288,169,"Joshua Dobbs",SF,QB,16.2,30.4,216,7c589e2e-500e-42cc-be9a-e258bd698e26
288,289,170,"Jacoby Brissett",NE,QB,7.6,0.0,216,b9d7fb42-b2c8-499d-989a-f6c8dd3cf6b1
289,290,,"Malik Washington",MIA,WR,-,-,212,71207b30-eb62-41d8-94af-120bf98f5097
290,291,,"Jalen Tolbert",DAL,WR,3.5,7.4,212.3,1a953802-dab8-461f-983f-7695316f109f
291,292,,"Brenden Rice",LAC,WR,-,-,213,6083aa57-917a-4b1f-8c34-a68221f7ddd7
292,293,,"A.T. Perry",NO,WR,6.1,18.0,213.5,3a0c1c94-323a-4561-8135-4555ac4245bc
293,294,,"Jelani Woods",IND,TE,-,-,214.3,c11cfb02-1270-4bd9-9417-30b4de424cf7
294,295,,"Greg Dortch",ARI,WR,4.0,20.2,215.1,79b314eb-c128-42af-81d1-74d02e202c73
295,296,,"Kadarius Toney",KC,WR,4.1,1.8,215.4,bfcfc3b6-3a88-4b56-97b9-c8d2cdf2f5f4
296,297,,"Allen Lazard",NYJ,WR,4.3,6.9,215.5,87636b39-9e67-42b6-afa6-2e0e3c51e6e1
297,298,,"Theo Johnson",NYG,TE,-,-,215.6,220b09df-76f5-4c09-b525-7bd4113aa51a
298,299,298,"Dalvin Cook",-,RB,2.7,2.2,215.9,18210d4f-3e18-4ffe-9478-5f17216b7dcf
299,299,,"Davis Allen",LAR,TE,1.7,5.1,215.6,bac84494-6e28-405f-91f3-558aeac31fbe
300,300,,"Andrei Iosivas",CIN,WR,3.2,12.4,215.8,63eec11c-1dd4-4fc1-9d4c-518113126176
