RK,NAME,TEAM,POS,WK,OPP,RUSHING_ATT,RUSHING_YDS,RUSHING_AVG,RUSHING_TD,RECEIVING_TGTS,RECEIVING_REC,RECEIVING_YDS,RECEIVING_TD,FUMBLES,FUMBLES_LOST,FPTS
1,Saquon Barkley,PHI,RB,1,GB,24,109,4.5,2,2,2,23,1,0,0,33.2
2,Joe Mixon,HOU,RB,1,IND,30,159,5.3,1,3,3,19,0,0,0,26.8
3,De'Von Achane,MIA,RB,1,JAX,10,24,2.4,1,7,7,76,0,0,0,23
4,J.K. Dobbins,LAC,RB,1,LV,10,135,13.5,1,3,3,4,0,0,0,22.9
5,Jordan Mason,SF,RB,1,NYJ,28,147,5.2,1,1,1,5,0,0,0,22.2
6,Alvin Kamara,NO,RB,1,CAR,15,83,5.5,1,5,5,27,0,0,0,22
7,Rhamondre Stevenson,NE,RB,1,CIN,25,120,4.8,1,3,3,6,0,1,0,21.6
8,James Conner,ARI,RB,1,BUF,16,50,3.1,1,4,3,33,0,0,0,19.3
9,Aaron Jones,MIN,RB,1,NYG,14,94,6.7,1,2,2,15,0,0,0,18.9
10,Jerome Ford,CLE,RB,1,DAL,12,44,3.7,1,7,6,25,0,0,0,18.9
11,Kenneth Walker III,SEA,RB,1,DEN,20,103,5.2,1,3,2,6,0,0,0,18.9
12,Tony Pollard,TEN,RB,1,CHI,16,82,5.1,1,4,3,12,0,0,0,18.4
13,Breece Hall,NYJ,RB,1,SF,16,54,3.4,1,6,5,39,0,1,1,18.3
14,Brian Robinson Jr.,WAS,RB,1,TB,12,40,3.3,1,4,3,49,0,0,0,17.9
15,Jahmyr Gibbs,DET,RB,1,LAR,11,40,3.6,1,6,4,34,0,0,0,17.4
16,Rachaad White,TB,RB,1,WAS,15,31,2.1,0,6,6,75,0,0,0,16.6
17,David Montgomery,DET,RB,1,LAR,17,91,5.4,1,1,1,2,0,0,0,16.3
18,Alexander Mattison,LV,RB,1,LAC,5,19,3.8,0,6,4,43,1,0,0,16.2
19,Bijan Robinson,ATL,RB,1,PIT,18,68,3.8,0,5,5,43,0,0,0,16.1
20,Isiah Pacheco,KC,RB,1,BAL,15,45,3,1,3,2,33,0,0,0,15.8
21,Kyren Williams,LAR,RB,1,DET,18,50,2.8,1,3,3,4,0,0,0,14.4
22,Zack Moss,CIN,RB,1,NE,9,44,4.9,1,4,2,17,0,0,0,14.1
23,James Cook,BUF,RB,1,ARI,19,71,3.7,0,3,3,32,0,0,0,13.3
24,Ezekiel Elliott,DAL,RB,1,CLE,10,40,4,1,2,2,9,0,0,0,12.9
25,Josh Jacobs,GB,RB,1,PHI,16,84,5.2,0,3,2,20,0,1,0,12.4
26,Zach Charbonnet,SEA,RB,1,DEN,8,12,1.5,0,3,2,29,1,0,0,12.1
27,Jamaal Williams,NO,RB,1,CAR,11,38,3.5,1,1,1,13,0,0,0,12.1
28,Travis Etienne Jr.,JAX,RB,1,MIA,12,44,3.7,1,3,2,15,0,1,1,11.9
29,Justice Hill,BAL,RB,1,KC,1,3,3,0,8,6,52,0,0,0,11.5
30,Jonathan Taylor,IND,RB,1,HOU,16,48,3,1,0,0,0,0,0,0,10.8
31,Derrick Henry,BAL,RB,1,KC,13,46,3.5,1,2,0,0,0,0,0,10.6
32,Austin Ekeler,WAS,RB,1,TB,2,10,5,0,4,4,52,0,0,0,10.2
33,Bucky Irving,TB,RB,1,WAS,9,62,6.9,0,3,2,14,0,0,0,9.6
34,Devin Singletary,NYG,RB,1,MIN,10,37,3.7,0,5,4,15,0,0,0,9.2
35,Najee Harris,PIT,RB,1,ATL,20,70,3.5,0,2,1,9,0,0,0,8.9
36,Tank Bigsby,JAX,RB,1,MIA,12,73,6.1,0,0,0,0,0,0,0,7.3
37,Ty Chandler,MIN,RB,1,NYG,8,17,2.1,0,3,3,25,0,0,0,7.2
38,Tyjae Spears,TEN,RB,1,CHI,4,21,5.2,0,4,4,11,0,0,0,7.2
39,Emanuel Wilson,GB,RB,1,PHI,4,46,11.5,0,3,2,2,0,0,0,6.8
40,Kyle Juszczyk,SF,FB,1,NYJ,0,0,,0,3,2,40,0,0,0,6
41,Jaleel McLaughlin,DEN,RB,1,SEA,10,27,2.7,0,5,5,1,0,1,1,5.8
42,Chase Brown,CIN,RB,1,NE,3,11,3.7,0,3,3,12,0,0,0,5.3
43,Pierre Strong Jr.,CLE,RB,1,DAL,2,10,5,0,3,2,20,0,0,0,5
44,D'Andre Swift,CHI,RB,1,TEN,10,30,3,0,1,0,0,0,0,0,5
45,Emari Demercado,ARI,RB,1,BUF,0,0,,0,2,2,26,0,0,0,4.6
46,Zamir White,LV,RB,1,LAC,13,44,3.4,0,2,2,2,0,1,1,4.6
47,Rico Dowdle,DAL,RB,1,CLE,8,26,3.2,0,1,1,6,0,0,0,4.2
48,Jaylen Warren,PIT,RB,1,ATL,2,7,3.5,0,2,2,13,0,0,0,4
49,Raheem Mostert,MIA,RB,1,JAX,6,9,1.5,0,3,2,10,0,0,0,3.9
50,Gus Edwards,LAC,RB,1,LV,11,26,2.4,0,1,1,2,0,0,0,3.8
51,Hunter Luepke,DAL,RB,1,CLE,0,0,,0,2,2,18,0,0,0,3.8
52,Ray Davis,BUF,RB,1,ARI,3,13,4.3,0,1,1,14,0,0,0,3.7
53,Javonte Williams,DEN,RB,1,SEA,8,23,2.9,0,2,1,0,0,0,0,3.3
54,Trey Benson,ARI,RB,1,BUF,3,13,4.3,0,1,1,5,0,0,0,2.8
55,Braelon Allen,NYJ,RB,1,SF,1,8,8,0,1,1,9,0,0,0,2.7
56,Jeff Wilson Jr.,MIA,RB,1,JAX,5,26,5.2,0,0,0,0,0,0,0,2.6
57,Eric Gray,NYG,RB,1,MIN,2,6,3,0,1,1,9,0,0,0,2.5
58,Miles Sanders,CAR,RB,1,NO,5,22,4.4,0,2,0,0,0,0,0,2.2
59,Kenneth Gainwell,PHI,RB,1,GB,1,2,2,0,1,1,10,0,0,0,2.2
60,Tyler Allgeier,ATL,RB,1,PIT,3,21,7,0,0,0,0,0,0,0,2.1
61,Samaje Perine,KC,RB,1,BAL,0,0,,0,2,1,10,0,0,0,2
62,Antonio Gibson,NE,RB,1,CIN,7,18,2.6,0,0,0,0,0,0,0,1.8
63,Tyrone Tracy Jr.,NYG,RB,1,MIN,2,2,1,0,3,1,5,0,0,0,1.7
64,Ronnie Rivers,LAR,RB,1,DET,2,16,8,0,0,0,0,0,0,0,1.6
65,Dameon Pierce,HOU,RB,1,IND,3,16,5.3,0,0,0,0,0,0,0,1.6
66,Audric Estime,DEN,RB,1,SEA,2,14,7,0,0,0,0,0,1,0,1.4
67,Chuba Hubbard,CAR,RB,1,NO,6,14,2.3,0,0,0,0,0,0,0,1.4
68,Michael Burton,DEN,FB,1,SEA,0,0,,0,1,1,3,0,0,0,1.3
69,Dare Ogunbowale,HOU,RB,1,IND,0,0,,0,1,1,3,0,0,0,1.3
70,Cordarrelle Patterson,PIT,RB,1,ATL,4,13,3.2,0,0,0,0,0,0,0,1.3
71,C.J. Ham,MIN,FB,1,NYG,0,0,,0,2,2,11,0,1,1,1.1
72,Jordan Mims,NO,RB,1,CAR,4,11,2.8,0,0,0,0,0,0,0,1.1
73,Travis Homer,CHI,RB,1,TEN,2,10,5,0,0,0,0,0,0,0,1
74,Alec Ingold,MIA,FB,1,JAX,2,8,4,0,1,0,0,0,0,0,0.8
75,Ty Johnson,BUF,RB,1,ARI,2,7,3.5,0,1,0,0,0,0,0,0.7
76,Mike Boone,CAR,RB,1,NO,4,7,1.8,0,0,0,0,0,0,0,0.7
77,Deuce Vaughn,DAL,RB,1,CLE,1,4,4,0,0,0,0,0,0,0,0.4
78,Khalil Herbert,CHI,RB,1,TEN,2,4,2,0,0,0,0,0,0,0,0.4
79,Carson Steele,KC,FB,1,BAL,2,3,1.5,0,0,0,0,0,0,0,0.3
80,Raheem Blackshear,CAR,RB,1,NO,0,0,,0,0,0,0,0,0,0,0
81,Patrick Ricard,BAL,FB,1,KC,0,0,,0,0,0,0,0,0,0,0
82,John Kelly,BAL,RB,1,KC,0,0,,0,0,0,0,0,0,0,0
83,Trayveon Williams,CIN,RB,1,NE,0,0,,0,0,0,0,0,0,0,0
84,Sione Vaki,DET,RB,1,LAR,0,0,,0,0,0,0,0,0,0,0
85,Ameer Abdullah,LV,RB,1,LAC,0,0,,0,0,0,0,0,0,0,0
86,Jeremy McNichols,WAS,RB,1,TB,0,0,,0,0,0,0,0,0,0,0
87,Chris Rodriguez Jr.,WAS,RB,1,TB,0,0,,0,0,0,0,0,0,0,0
88,D'Ernest Johnson,JAX,RB,1,MIA,0,0,,0,0,0,0,0,0,0,0
89,Hassan Haskins,LAC,RB,1,LV,0,0,,0,0,0,0,0,0,0,0
90,Reggie Gilliam,BUF,FB,1,ARI,0,0,,0,0,0,0,0,0,0,0
91,Sean Tucker,TB,RB,1,WAS,0,0,,0,0,0,0,0,0,0,0
92,Julius Chestnut,TEN,RB,1,CHI,0,0,,0,0,0,0,0,0,0,0
93,DeeJay Dallas,ARI,RB,1,BUF,0,0,,0,0,0,0,0,0,0,0
94,Khari Blasingame,CHI,FB,1,TEN,0,0,,0,0,0,0,0,0,0,0
95,Adam Prentice,NO,FB,1,CAR,0,0,,0,0,0,0,0,0,0,0
96,Will Shipley,PHI,RB,1,GB,0,0,,0,0,0,0,0,0,0,0
97,Avery Williams,ATL,RB,1,PIT,0,0,,0,0,0,0,0,0,0,0
98,Trey Sermon,IND,RB,1,HOU,0,0,,0,0,0,0,0,0,0,0
99,British Brooks,HOU,RB,1,IND,0,0,,0,0,0,0,0,0,0,0
100,Isaac Guerendo,SF,RB,1,NYJ,0,0,,0,0,0,0,0,0,0,0
1,Alvin Kamara,NO,RB,2,DAL,20,115,5.8,3,3,2,65,1,0,0,44
2,De'Von Achane,MIA,RB,2,BUF,22,96,4.4,0,7,7,69,1,0,0,29.5
3,James Cook,BUF,RB,2,MIA,11,78,7.1,2,1,1,17,1,0,0,28.5
4,Breece Hall,NYJ,RB,2,TEN,14,62,4.4,0,8,7,52,1,0,0,24.4
5,J.K. Dobbins,LAC,RB,2,CAR,17,131,7.7,1,1,1,0,0,0,0,20.1
6,Braelon Allen,NYJ,RB,2,TEN,7,33,4.7,1,4,2,23,1,0,0,19.6
7,James Conner,ARI,RB,2,LAR,21,122,5.8,1,1,1,2,0,1,0,19.4
8,Zach Charbonnet,SEA,RB,2,NE,14,38,2.7,1,5,5,31,0,0,0,17.9
9,Jahmyr Gibbs,DET,RB,2,TB,13,84,6.5,0,7,7,22,0,0,0,17.6
10,Saquon Barkley,PHI,RB,2,ATL,22,95,4.3,0,5,4,21,0,0,0,17.6
11,Jordan Mason,SF,RB,2,MIN,20,100,5,1,1,1,4,0,1,0,17.4
12,Rhamondre Stevenson,NE,RB,2,SEA,21,81,3.9,1,5,2,9,0,1,0,17
13,David Montgomery,DET,RB,2,TB,11,35,3.2,1,4,4,35,0,0,0,17
14,Derrick Henry,BAL,RB,2,LV,18,84,4.7,1,1,1,12,0,0,0,16.6
15,Bijan Robinson,ATL,RB,2,PHI,14,97,6.9,0,5,4,25,0,0,0,16.2
16,Isiah Pacheco,KC,RB,2,CIN,19,90,4.7,0,5,5,21,0,0,0,16.1
17,Jonathan Taylor,IND,RB,2,GB,12,103,8.6,0,4,2,32,0,1,0,15.5
18,Tony Pollard,TEN,RB,2,NYJ,17,62,3.6,0,6,5,40,0,0,0,15.2
19,Kyren Williams,LAR,RB,2,ARI,12,25,2.1,1,5,4,27,0,0,0,15.2
20,Travis Etienne Jr.,JAX,RB,2,CLE,13,52,4,1,4,3,6,0,0,0,14.8
21,Brian Robinson Jr.,WAS,RB,2,NYG,17,133,7.8,0,3,1,3,0,0,0,14.6
22,Devin Singletary,NYG,RB,2,WAS,16,95,5.9,1,1,1,0,0,1,1,14.5
23,Josh Jacobs,GB,RB,2,IND,32,151,4.7,0,0,0,0,0,1,1,13.1
24,Chuba Hubbard,CAR,RB,2,LAC,10,64,6.4,0,5,4,12,0,0,0,11.6
25,Austin Ekeler,WAS,RB,2,NYG,8,38,4.8,0,3,3,47,0,0,0,11.5
26,Javonte Williams,DEN,RB,2,PIT,11,17,1.5,0,5,5,48,0,0,0,11.5
27,Antonio Gibson,NE,RB,2,SEA,11,96,8.7,0,1,1,7,0,0,0,11.3
28,Rico Dowdle,DAL,RB,2,NO,7,30,4.3,0,5,4,29,0,0,0,9.9
29,Aaron Jones,MIN,RB,2,SF,9,32,3.6,0,6,5,36,0,1,1,9.8
30,Khalil Herbert,CHI,RB,2,HOU,2,3,1.5,1,2,2,4,0,0,0,8.7
31,Najee Harris,PIT,RB,2,DEN,17,69,4.1,0,2,1,5,0,0,0,8.4
32,D'Andre Swift,CHI,RB,2,HOU,14,18,1.3,0,5,4,24,0,0,0,8.2
33,Ty Chandler,MIN,RB,2,SF,10,82,8.2,0,0,0,0,0,0,0,8.2
34,Jaylen Warren,PIT,RB,2,DEN,9,42,4.7,0,2,2,19,0,0,0,8.1
35,Joe Mixon,HOU,RB,2,CHI,9,25,2.8,0,5,3,25,0,0,0,8
36,Tyler Allgeier,ATL,RB,2,PHI,9,53,5.9,0,1,1,12,0,0,0,7.5
37,Jerome Ford,CLE,RB,2,JAX,7,64,9.1,0,2,1,0,0,0,0,7.4
38,Zamir White,LV,RB,2,BAL,9,24,2.7,0,4,3,14,0,0,0,6.8
39,D'Onta Foreman,CLE,RB,2,JAX,14,42,3,0,1,1,9,0,1,0,6.1
40,Alexander Mattison,LV,RB,2,BAL,4,1,0.2,1,0,0,0,0,0,0,6.1
41,Gus Edwards,LAC,RB,2,CAR,18,59,3.3,0,0,0,0,0,0,0,5.9
42,Zack Moss,CIN,RB,2,KC,12,34,2.8,0,1,1,13,0,0,0,5.7
43,Miles Sanders,CAR,RB,2,LAC,7,20,2.9,0,3,3,5,0,0,0,5.5
44,Justice Hill,BAL,RB,2,LV,4,22,5.5,0,2,2,10,0,0,0,5.2
45,Ezekiel Elliott,DAL,RB,2,NO,6,16,2.7,0,3,2,16,0,0,0,5.2
46,Tyjae Spears,TEN,RB,2,NYJ,6,20,3.3,0,2,2,11,0,0,0,5.1
47,Kyle Juszczyk,SF,FB,2,MIN,0,0,,0,5,3,19,0,0,0,4.9
48,Emari Demercado,ARI,RB,2,LAR,2,46,23,0,0,0,0,0,0,0,4.6
49,Dare Ogunbowale,HOU,RB,2,CHI,2,3,1.5,0,2,2,20,0,0,0,4.3
50,Ty Johnson,BUF,RB,2,MIA,1,-1,-1,0,2,1,33,0,0,0,4.2
51,Jamaal Williams,NO,RB,2,DAL,8,39,4.9,0,0,0,0,0,0,0,3.9
52,Ray Davis,BUF,RB,2,MIA,9,29,3.2,0,1,1,-1,0,0,0,3.8
53,Rachaad White,TB,RB,2,DET,10,18,1.8,0,1,1,5,0,0,0,3.3
54,Jeff Wilson Jr.,MIA,RB,2,BUF,0,0,,0,2,2,12,0,0,0,3.2
55,Chase Brown,CIN,RB,2,KC,4,31,7.8,0,0,0,0,0,0,0,3.1
56,Blake Corum,LAR,RB,2,ARI,8,28,3.5,0,0,0,0,0,0,0,2.8
57,MarShawn Lloyd,GB,RB,2,IND,6,15,2.5,0,1,1,3,0,0,0,2.8
58,Tyler Badie,DEN,RB,2,PIT,1,16,16,0,1,1,2,0,0,0,2.8
59,Deuce Vaughn,DAL,RB,2,NO,4,11,2.8,0,1,1,6,0,0,0,2.7
60,Trey Benson,ARI,RB,2,LAR,11,10,0.9,0,1,1,7,0,0,0,2.7
61,Sione Vaki,DET,RB,2,TB,0,0,,0,1,1,17,0,0,0,2.7
62,D'Ernest Johnson,JAX,RB,2,CLE,5,26,5.2,0,0,0,0,0,0,0,2.6
63,Cam Akers,HOU,RB,2,CHI,7,32,4.6,0,1,1,3,0,1,1,2.5
64,Ameer Abdullah,LV,RB,2,BAL,2,1,0.5,0,2,2,1,0,0,0,2.2
65,Bucky Irving,TB,RB,2,DET,7,22,3.1,0,0,0,0,0,0,0,2.2
66,Trey Sermon,IND,RB,2,GB,2,0,0,0,1,1,7,0,0,0,1.7
67,Pierre Strong Jr.,CLE,RB,2,JAX,1,-5,-5,0,2,1,10,0,0,0,1.5
68,Samaje Perine,KC,RB,2,CIN,0,0,,0,1,1,3,0,0,0,1.3
69,Tyler Goodson,IND,RB,2,GB,0,0,,0,1,1,2,0,0,0,1.2
70,Hassan Haskins,LAC,RB,2,CAR,3,11,3.7,0,0,0,0,0,0,0,1.1
71,Michael Burton,DEN,FB,2,PIT,0,0,,0,1,1,1,0,0,0,1.1
72,Ronnie Rivers,LAR,RB,2,ARI,0,0,,0,1,1,0,0,0,0,1
73,Emanuel Wilson,GB,RB,2,IND,5,9,1.8,0,0,0,0,0,0,0,0.9
74,Travis Homer,CHI,RB,2,HOU,1,6,6,0,0,0,0,0,0,0,0.6
75,Jaleel McLaughlin,DEN,RB,2,PIT,3,6,2,0,0,0,0,0,0,0,0.6
76,Kenneth Gainwell,PHI,RB,2,ATL,2,6,3,0,0,0,0,0,0,0,0.6
77,Carson Steele,KC,FB,2,CIN,7,24,3.4,0,0,0,0,0,1,1,0.4
78,Jaylen Wright,MIA,RB,2,BUF,5,4,0.8,0,0,0,0,0,0,0,0.4
79,Cordarrelle Patterson,PIT,RB,2,DEN,2,3,1.5,0,0,0,0,0,0,0,0.3
80,JaMycal Hasty,NE,RB,2,SEA,1,2,2,0,0,0,0,0,0,0,0.2
81,Tyrone Tracy Jr.,NYG,RB,2,WAS,1,2,2,0,0,0,0,0,0,0,0.2
82,Alec Ingold,MIA,FB,2,BUF,2,2,1,0,0,0,0,0,0,0,0.2
83,Trayveon Williams,CIN,RB,2,KC,0,0,,0,0,0,0,0,0,0,0
84,Sean Tucker,TB,RB,2,DET,0,0,,0,0,0,0,0,0,0,0
85,Roschon Johnson,CHI,RB,2,HOU,0,0,,0,0,0,0,0,0,0,0
86,British Brooks,HOU,RB,2,CHI,0,0,,0,0,0,0,0,0,0,0
87,Will Shipley,PHI,RB,2,ATL,0,0,,0,0,0,0,0,0,0,0
88,Avery Williams,ATL,RB,2,PHI,0,0,,0,0,0,0,0,0,0,0
89,George Holani,SEA,RB,2,NE,0,0,,0,0,0,0,0,0,0,0
90,Kenny McIntosh,SEA,RB,2,NE,0,0,,0,0,0,0,0,0,0,0
91,Reggie Gilliam,BUF,FB,2,MIA,0,0,,0,0,0,0,0,0,0,0
92,Tank Bigsby,JAX,RB,2,CLE,0,0,,0,0,0,0,0,0,0,0
93,Hunter Luepke,DAL,RB,2,NO,0,0,,0,0,0,0,0,0,0,0
94,Julius Chestnut,TEN,RB,2,NYJ,0,0,,0,0,0,0,0,0,0,0
95,Adam Prentice,NO,FB,2,DAL,0,0,,0,1,0,0,0,0,0,0
96,Isaiah Davis,NYJ,RB,2,TEN,0,0,,0,0,0,0,0,0,0,0
97,Jordan Mims,NO,RB,2,DAL,0,0,,0,0,0,0,0,0,0,0
98,Jakob Johnson,NYG,FB,2,WAS,0,0,,0,0,0,0,0,0,0,0
99,C.J. Ham,MIN,FB,2,SF,0,0,,0,0,0,0,0,0,0,0
100,Patrick Taylor Jr.,SF,RB,2,MIN,0,0,,0,0,0,0,0,0,0,0
1,Saquon Barkley,PHI,RB,3,NO,17,147,8.6,2,4,4,9,0,0,0,33.6
2,Kyren Williams,LAR,RB,3,SF,24,89,3.7,2,2,2,27,1,0,0,31.6
3,Derrick Henry,BAL,RB,3,DAL,25,151,6,2,1,1,23,0,0,0,30.4
4,Chuba Hubbard,CAR,RB,3,LV,21,114,5.4,0,5,5,55,1,0,0,27.9
5,Jonathan Taylor,IND,RB,3,CHI,23,110,4.8,2,2,1,25,0,0,0,26.5
6,Aaron Jones,MIN,RB,3,HOU,19,102,5.4,0,6,5,46,1,0,0,25.8
7,Zach Charbonnet,SEA,RB,3,MIA,18,91,5.1,2,4,3,16,0,0,0,25.7
8,David Montgomery,DET,RB,3,ARI,23,105,4.6,1,3,3,17,0,0,0,21.2
9,Zack Moss,CIN,RB,3,WAS,12,58,4.8,1,6,5,39,0,0,0,20.7
10,Devin Singletary,NYG,RB,3,CLE,16,65,4.1,1,4,4,43,0,1,1,18.8
11,James Cook,BUF,RB,3,JAX,11,39,3.5,1,5,4,48,0,0,0,18.7
12,Breece Hall,NYJ,RB,3,NE,16,54,3.4,1,5,4,29,0,1,0,18.3
13,Emanuel Wilson,GB,RB,3,TEN,12,50,4.2,0,2,2,35,1,0,0,16.5
14,Jahmyr Gibbs,DET,RB,3,ARI,16,83,5.2,0,0,0,20,1,0,0,16.3
15,Alvin Kamara,NO,RB,3,PHI,26,87,3.3,0,3,3,40,0,0,0,15.7
16,Austin Ekeler,WAS,RB,3,CIN,3,35,11.7,1,2,2,22,0,0,0,13.7
17,Najee Harris,PIT,RB,3,LAC,18,70,3.9,0,5,5,16,0,0,0,13.6
18,Ty Johnson,BUF,RB,3,JAX,3,18,6,0,3,3,28,1,0,0,13.6
19,Alexander Mattison,LV,RB,3,CAR,3,7,2.3,1,3,3,37,0,0,0,13.4
20,Bijan Robinson,ATL,RB,3,KC,16,31,1.9,1,2,2,21,0,0,0,13.2
21,Travis Etienne Jr.,JAX,RB,3,BUF,11,68,6.2,0,6,4,17,0,0,0,12.5
22,Bucky Irving,TB,RB,3,DEN,9,70,7.8,0,3,3,14,0,0,0,11.4
23,Miles Sanders,CAR,RB,3,LV,7,17,2.4,1,2,2,13,0,0,0,11
24,Jordan Mason,SF,RB,3,LAR,19,77,4.1,0,2,2,11,0,0,0,10.8
25,Brian Robinson Jr.,WAS,RB,3,CIN,16,33,2.1,1,1,1,4,0,0,0,10.7
26,Roschon Johnson,CHI,RB,3,IND,8,30,3.8,0,5,4,32,0,0,0,10.2
27,Tyjae Spears,TEN,RB,3,GB,2,7,3.5,0,4,4,54,0,0,0,10.1
28,Jerome Ford,CLE,RB,3,NYG,10,37,3.7,0,4,3,33,0,0,0,10
29,Cam Akers,HOU,RB,3,MIN,9,21,2.3,0,3,1,8,1,0,0,9.9
30,Braelon Allen,NYJ,RB,3,NE,11,55,5,0,3,3,13,0,0,0,9.8
31,Ray Davis,BUF,RB,3,JAX,7,22,3.1,1,1,1,1,0,0,0,9.3
32,Chase Brown,CIN,RB,3,WAS,7,62,8.9,0,3,2,7,0,0,0,8.9
33,De'Von Achane,MIA,RB,3,SEA,11,30,2.7,0,5,3,28,0,0,0,8.8
34,Rico Dowdle,DAL,RB,3,BAL,8,32,4,0,5,3,24,0,0,0,8.6
35,Rachaad White,TB,RB,3,DEN,6,17,2.8,0,6,5,18,0,0,0,8.5
36,Carson Steele,KC,FB,3,ATL,17,72,4.2,0,2,1,2,0,0,0,8.4
37,Jaleel McLaughlin,DEN,RB,3,TB,5,7,1.4,1,1,1,7,0,0,0,8.4
38,J.K. Dobbins,LAC,RB,3,PIT,15,44,2.9,0,3,3,10,0,0,0,8.4
39,Cordarrelle Patterson,PIT,RB,3,LAC,4,33,8.2,0,5,3,15,0,0,0,7.8
40,Trey Sermon,IND,RB,3,CHI,2,16,8,1,0,0,0,0,0,0,7.6
41,Justice Hill,BAL,RB,3,DAL,5,33,6.6,0,2,2,21,0,0,0,7.4
42,Samaje Perine,KC,RB,3,ATL,6,25,4.2,0,4,3,15,0,0,0,7
43,Tyler Badie,DEN,RB,3,TB,9,70,7.8,0,0,0,0,0,0,0,7
44,Antonio Gibson,NE,RB,3,NYJ,5,29,5.8,0,3,3,8,0,0,0,6.7
45,D'Andre Swift,CHI,RB,3,IND,13,20,1.5,0,4,2,22,0,0,0,6.2
46,Hunter Luepke,DAL,RB,3,BAL,0,0,,0,3,2,41,0,0,0,6.1
47,Javonte Williams,DEN,RB,3,TB,5,12,2.4,0,4,4,29,0,1,1,6.1
48,Tyrone Tracy Jr.,NYG,RB,3,CLE,5,23,4.6,0,2,2,17,0,0,0,6
49,Tony Pollard,TEN,RB,3,GB,6,14,2.3,0,4,3,15,0,0,0,5.9
50,Josh Jacobs,GB,RB,3,TEN,14,43,3.1,0,1,1,5,0,0,0,5.8
51,Dare Ogunbowale,HOU,RB,3,MIN,0,0,,0,2,2,28,0,0,0,4.8
52,Alec Ingold,MIA,FB,3,SEA,1,-2,-2,0,3,3,16,0,1,0,4.4
53,James Conner,ARI,RB,3,DET,9,17,1.9,0,1,1,8,0,0,0,3.5
54,Zamir White,LV,RB,3,CAR,10,34,3.4,0,0,0,0,0,0,0,3.4
55,Ameer Abdullah,LV,RB,3,CAR,0,0,,0,2,2,13,0,0,0,3.3
56,Tyler Allgeier,ATL,RB,3,KC,7,32,4.6,0,0,0,0,0,0,0,3.2
57,Kenneth Gainwell,PHI,RB,3,NO,0,0,,0,3,2,12,0,0,0,3.2
58,Deuce Vaughn,DAL,RB,3,BAL,2,5,2.5,0,2,1,8,0,0,0,2.3
59,J.J. Taylor,HOU,RB,3,MIN,1,3,3,0,2,2,0,0,0,0,2.3
60,Ezekiel Elliott,DAL,RB,3,BAL,3,6,2,0,2,1,6,0,0,0,2.2
61,Isaac Guerendo,SF,RB,3,LAR,5,19,3.8,0,0,0,0,0,0,0,1.9
62,Jaylen Wright,MIA,RB,3,SEA,2,17,8.5,0,0,0,0,0,0,0,1.7
63,Kyle Juszczyk,SF,FB,3,LAR,0,0,,0,1,1,6,0,0,0,1.6
64,Jeff Wilson Jr.,MIA,RB,3,SEA,3,14,4.7,0,0,0,0,0,0,0,1.4
65,Ty Chandler,MIN,RB,3,HOU,7,13,1.9,0,0,0,0,0,0,0,1.3
66,D'Ernest Johnson,JAX,RB,3,BUF,2,12,6,0,1,0,0,0,0,0,1.2
67,Kenny McIntosh,SEA,RB,3,MIA,3,11,3.7,0,0,0,0,0,0,0,1.1
68,Jaylen Warren,PIT,RB,3,LAC,3,5,1.7,0,1,1,-4,0,0,0,1.1
69,Khalil Herbert,CHI,RB,3,IND,4,9,2.2,0,0,0,0,0,0,0,0.9
70,Jamaal Williams,NO,RB,3,PHI,1,-1,-1,0,3,1,0,0,0,0,0.9
71,Gus Edwards,LAC,RB,3,PIT,3,9,3,0,0,0,0,0,0,0,0.9
72,Ronnie Rivers,LAR,RB,3,SF,2,9,4.5,0,0,0,0,0,0,0,0.9
73,Tank Bigsby,JAX,RB,3,BUF,2,9,4.5,0,0,0,0,0,0,0,0.9
74,Trey Benson,ARI,RB,3,DET,2,8,4,0,0,0,0,0,0,0,0.8
75,Emari Demercado,ARI,RB,3,DET,2,7,3.5,0,0,0,0,0,0,0,0.7
76,Isaiah Davis,NYJ,RB,3,NE,3,6,2,0,0,0,0,0,0,0,0.6
77,D'Onta Foreman,CLE,RB,3,NYG,2,5,2.5,0,0,0,0,0,0,0,0.5
78,JaMycal Hasty,NE,RB,3,NYJ,1,5,5,0,0,0,0,0,0,0,0.5
79,Sean Tucker,TB,RB,3,DEN,1,4,4,0,0,0,0,0,0,0,0.4
80,Rhamondre Stevenson,NE,RB,3,NYJ,6,23,3.8,0,0,0,0,0,1,1,0.3
81,Chris Brooks,GB,RB,3,TEN,3,3,1,0,0,0,0,0,0,0,0.3
82,British Brooks,HOU,RB,3,MIN,1,2,2,0,0,0,0,0,0,0,0.2
83,Jeremy McNichols,WAS,RB,3,CIN,1,1,1,0,0,0,0,0,0,0,0.1
84,C.J. Ham,MIN,FB,3,HOU,0,0,,0,0,0,0,0,0,0,0
85,Adam Prentice,NO,FB,3,PHI,0,0,,0,0,0,0,0,0,0,0
86,DeeJay Dallas,ARI,RB,3,DET,0,0,,0,0,0,0,0,0,0,0
87,Blake Corum,LAR,RB,3,SF,0,0,,0,0,0,0,0,0,0,0
88,Patrick Taylor Jr.,SF,RB,3,LAR,0,0,,0,0,0,0,0,0,0,0
89,Jordan Mims,NO,RB,3,PHI,0,0,,0,0,0,0,0,0,0,0
90,Keaontay Ingram,KC,RB,3,ATL,0,0,,0,0,0,0,0,0,0,0
91,Will Shipley,PHI,RB,3,NO,0,0,,0,0,0,0,0,0,0,0
92,Avery Williams,ATL,RB,3,KC,0,0,,0,0,0,0,0,0,0,0
93,Gary Brightwell,CLE,RB,3,NYG,0,0,,0,0,0,0,0,0,0,0
94,Julius Chestnut,TEN,RB,3,GB,0,0,,0,0,0,0,0,0,0,0
95,Tyler Goodson,IND,RB,3,CHI,0,0,,0,0,0,0,0,0,0,0
96,Jakob Johnson,NYG,FB,3,CLE,0,0,,0,0,0,0,0,0,0,0
97,Myles Gaskin,MIN,RB,3,HOU,0,0,,0,0,0,0,0,0,0,0
98,Reggie Gilliam,BUF,FB,3,JAX,0,0,,0,0,0,0,0,0,0,0
99,Mike Boone,CAR,RB,3,LV,0,0,,0,0,0,0,0,0,0,0
100,Chris Collier,BAL,RB,3,DAL,0,0,,0,0,0,0,0,0,0,0
1,Derrick Henry,BAL,RB,4,BUF,24,199,8.3,1,3,3,10,1,1,0,35.9
2,Kenneth Walker III,SEA,RB,4,DET,12,80,6.7,3,5,4,36,0,0,0,33.6
3,D'Andre Swift,CHI,RB,4,LAR,16,93,5.8,1,7,7,72,0,0,0,29.5
4,Alvin Kamara,NO,RB,4,ATL,19,77,4.1,1,9,7,42,0,0,0,24.9
5,Jordan Mason,SF,RB,4,NE,24,123,5.1,1,3,2,37,0,0,0,24
6,Chase Brown,CIN,RB,4,CAR,15,80,5.3,2,3,2,12,0,0,0,23.2
7,Chuba Hubbard,CAR,RB,4,CIN,18,104,5.8,1,4,4,17,0,0,0,22.1
8,Justice Hill,BAL,RB,4,BUF,4,18,4.5,0,6,6,78,1,0,0,21.6
9,Jeremy McNichols,WAS,RB,4,ARI,8,68,8.5,2,1,1,6,0,0,0,20.4
10,Kyren Williams,LAR,RB,4,CHI,19,94,4.9,1,4,4,10,0,0,0,20.4
11,Brian Robinson Jr.,WAS,RB,4,ARI,21,101,4.8,1,3,3,12,0,0,0,20.3
12,Jahmyr Gibbs,DET,RB,4,SEA,14,78,5.6,2,0,0,0,0,0,0,19.8
13,Jonathan Taylor,IND,RB,4,PIT,21,88,4.2,1,4,3,20,0,0,0,19.8
14,Tony Pollard,TEN,RB,4,MIA,22,88,4,1,2,2,20,0,0,0,18.8
15,James Conner,ARI,RB,4,WAS,18,104,5.8,1,1,1,9,0,0,0,18.3
16,Aaron Jones,MIN,RB,4,GB,22,93,4.2,0,5,4,46,0,0,0,17.9
17,Zack Moss,CIN,RB,4,CAR,15,51,3.4,0,4,4,27,1,0,0,17.8
18,Jerome Ford,CLE,RB,4,LV,10,58,5.8,0,7,7,27,0,0,0,15.5
19,Dare Ogunbowale,HOU,RB,4,JAX,2,7,3.5,0,4,4,47,1,0,0,15.4
20,David Montgomery,DET,RB,4,SEA,12,40,3.3,1,1,1,40,0,0,0,15
21,Saquon Barkley,PHI,RB,4,TB,10,84,8.4,0,4,2,32,0,0,0,13.6
22,Rico Dowdle,DAL,RB,4,NYG,11,46,4.2,0,1,1,15,1,0,0,13.1
23,Bucky Irving,TB,RB,4,PHI,10,49,4.9,1,2,1,6,0,0,0,12.5
24,Tyjae Spears,TEN,RB,4,MIA,15,39,2.6,1,2,2,0,0,0,0,11.9
25,Josh Jacobs,GB,RB,4,MIN,9,51,5.7,0,6,4,27,0,0,0,11.8
26,Bijan Robinson,ATL,RB,4,NO,7,28,4,0,4,4,46,0,0,0,11.4
27,Antonio Gibson,NE,RB,4,SF,6,12,2,0,4,3,67,0,0,0,10.9
28,Kareem Hunt,KC,RB,4,LAC,14,69,4.9,0,3,2,16,0,0,0,10.5
29,Rachaad White,TB,RB,4,PHI,10,49,4.9,0,3,2,35,0,0,0,10.4
30,Zach Charbonnet,SEA,RB,4,DET,2,15,7.5,0,5,5,39,0,0,0,10.4
31,Najee Harris,PIT,RB,4,IND,13,19,1.5,0,6,3,54,0,0,0,10.3
32,Tyler Allgeier,ATL,RB,4,NO,8,60,7.5,0,2,2,20,0,0,0,10
33,Javonte Williams,DEN,RB,4,NYJ,16,77,4.8,0,3,2,3,0,0,0,10
34,J.K. Dobbins,LAC,RB,4,KC,14,32,2.3,0,4,3,30,0,0,0,9.2
35,Tank Bigsby,JAX,RB,4,HOU,7,90,12.9,0,0,0,0,0,0,0,9
36,Roschon Johnson,CHI,RB,4,LAR,7,26,3.7,1,0,0,0,0,0,0,8.6
37,Cordarrelle Patterson,PIT,RB,4,IND,6,43,7.2,0,2,2,19,0,0,0,8.2
38,Rhamondre Stevenson,NE,RB,4,SF,13,43,3.3,0,5,4,19,0,1,1,8.2
39,Miles Sanders,CAR,RB,4,CIN,6,32,5.3,0,4,3,14,0,0,0,7.6
40,Samaje Perine,KC,RB,4,LAC,5,14,2.8,1,0,0,0,0,0,0,7.4
41,Travis Etienne Jr.,JAX,RB,4,HOU,11,50,4.5,0,2,1,10,0,0,0,7
42,Ty Johnson,BUF,RB,4,BAL,1,3,3,1,0,0,0,0,0,0,6.3
43,Alexander Mattison,LV,RB,4,CLE,5,60,12,0,1,0,0,0,0,0,6
44,Patrick Ricard,BAL,FB,4,BUF,0,0,,1,0,0,0,0,0,0,6
45,De'Von Achane,MIA,RB,4,TEN,10,15,1.5,0,3,3,14,0,0,0,5.9
46,James Cook,BUF,RB,4,BAL,9,39,4.3,0,1,1,9,0,0,0,5.8
47,Jaleel McLaughlin,DEN,RB,4,NYJ,9,46,5.1,0,1,1,0,0,0,0,5.6
48,Braelon Allen,NYJ,RB,4,DEN,8,34,4.2,0,1,1,12,0,0,0,5.6
49,Cam Akers,HOU,RB,4,JAX,13,53,4.1,0,0,0,0,0,0,0,5.3
50,Trey Benson,ARI,RB,4,WAS,9,50,5.6,0,0,0,0,0,1,0,5
51,Devin Singletary,NYG,RB,4,DAL,14,24,1.7,0,1,1,14,0,0,0,4.8
52,Hunter Luepke,DAL,RB,4,NYG,2,8,4,0,2,2,14,0,0,0,4.2
53,Jamaal Williams,NO,RB,4,ATL,3,11,3.7,0,2,2,8,0,0,0,3.9
54,Breece Hall,NYJ,RB,4,DEN,10,4,0.4,0,5,2,14,0,0,0,3.8
55,Emari Demercado,ARI,RB,4,WAS,4,24,6,0,1,1,0,0,0,0,3.4
56,Ezekiel Elliott,DAL,RB,4,NYG,5,19,3.8,0,1,1,5,0,0,0,3.4
57,Jaylen Wright,MIA,RB,4,TEN,9,32,3.6,0,1,0,0,0,0,0,3.2
58,Tyrone Tracy Jr.,NYG,RB,4,DAL,4,2,0.5,0,1,1,19,0,1,0,3.1
59,Zamir White,LV,RB,4,CLE,17,50,2.9,0,1,0,0,0,1,1,3
60,Sean Tucker,TB,RB,4,PHI,1,3,3,0,1,1,14,0,0,0,2.7
61,Emanuel Wilson,GB,RB,4,MIN,8,27,3.4,0,1,0,0,0,0,0,2.7
62,Ronnie Rivers,LAR,RB,4,CHI,6,26,4.3,0,0,0,0,0,0,0,2.6
63,Ty Chandler,MIN,RB,4,GB,3,5,1.7,0,1,1,8,0,0,0,2.3
64,Kyle Juszczyk,SF,FB,4,NE,0,0,,0,1,1,12,0,0,0,2.2
65,Gus Edwards,LAC,RB,4,KC,6,19,3.2,0,0,0,0,0,0,0,1.9
66,J.J. Taylor,HOU,RB,4,JAX,6,18,3,0,1,0,0,0,0,0,1.8
67,D'Onta Foreman,CLE,RB,4,LV,4,2,0.5,0,1,1,5,0,0,0,1.7
68,JaMycal Hasty,NE,RB,4,SF,3,15,5,0,1,0,0,0,0,0,1.5
69,Michael Burton,DEN,FB,4,NYJ,0,0,,0,1,1,3,0,0,0,1.3
70,Ray Davis,BUF,RB,4,BAL,7,11,1.6,0,0,0,0,0,0,0,1.1
71,Kenneth Gainwell,PHI,RB,4,TB,2,9,4.5,0,1,0,0,0,0,0,0.9
72,Trey Sermon,IND,RB,4,PIT,5,8,1.6,0,0,0,0,0,0,0,0.8
73,Aaron Shampklin,PIT,RB,4,IND,1,5,5,0,0,0,0,0,0,0,0.5
74,Eric Gray,NYG,RB,4,DAL,1,1,1,0,0,0,0,0,0,0,0.1
75,Deuce Vaughn,DAL,RB,4,NYG,0,0,,0,0,0,0,0,0,0,0
76,Kenny McIntosh,SEA,RB,4,DET,0,0,,0,0,0,0,0,0,0,0
77,British Brooks,HOU,RB,4,JAX,0,0,,0,0,0,0,0,0,0,0
78,Jordan Mims,NO,RB,4,ATL,0,0,,0,0,0,0,0,0,0,0
79,Hassan Haskins,LAC,RB,4,KC,0,0,,0,0,0,0,0,0,0,0
80,Ameer Abdullah,LV,RB,4,CLE,0,0,,0,0,0,0,0,0,0,0
81,Gary Brightwell,CLE,RB,4,LV,0,0,,0,0,0,0,0,0,0,0
82,Dylan Laube,LV,RB,4,CLE,0,0,,0,0,0,0,0,0,0,0
83,DeeJay Dallas,ARI,RB,4,WAS,0,0,,0,0,0,0,0,1,0,0
84,Raheem Blackshear,CAR,RB,4,CIN,0,0,,0,0,0,0,0,0,0,0
85,Chris Rodriguez Jr.,WAS,RB,4,ARI,0,0,,0,0,0,0,0,0,0,0
86,Trayveon Williams,CIN,RB,4,CAR,0,0,,0,0,0,0,0,0,0,0
87,C.J. Ham,MIN,FB,4,GB,0,0,,0,0,0,0,0,0,0,0
88,Chris Brooks,GB,RB,4,MIN,0,0,,0,0,0,0,0,0,0,0
89,Myles Gaskin,MIN,RB,4,GB,0,0,,0,0,0,0,0,0,0,0
90,Blake Corum,LAR,RB,4,CHI,0,0,,0,0,0,0,0,0,0,0
91,Khalil Herbert,CHI,RB,4,LAR,0,0,,0,0,0,0,0,0,0,0
92,Isaiah Davis,NYJ,RB,4,DEN,0,0,,0,0,0,0,0,0,0,0
93,Patrick Taylor Jr.,SF,RB,4,NE,0,0,,0,0,0,0,0,0,0,0
94,Reggie Gilliam,BUF,FB,4,BAL,0,0,,0,0,0,0,0,0,0,0
95,Will Shipley,PHI,RB,4,TB,0,0,,0,0,0,0,0,0,0,0
96,Tyler Goodson,IND,RB,4,PIT,0,0,,0,0,0,0,0,0,0,0
97,Sione Vaki,DET,RB,4,SEA,0,0,,0,0,0,0,0,0,0,0
98,Craig Reynolds,DET,RB,4,SEA,0,0,,0,0,0,0,0,0,0,0
99,Jeff Wilson Jr.,MIA,RB,4,TEN,0,0,,0,0,0,0,0,0,0,0
100,Alec Ingold,MIA,FB,4,TEN,0,0,,0,0,0,0,0,0,0,0
1,Tank Bigsby,JAX,RB,5,IND,13,101,7.8,2,1,1,28,0,1,0,25.9
2,D'Andre Swift,CHI,RB,5,CAR,21,73,3.5,1,2,2,47,0,0,0,20
3,Rico Dowdle,DAL,RB,5,PIT,20,87,4.3,0,2,2,27,1,1,0,19.4
4,Rhamondre Stevenson,NE,RB,5,MIA,12,89,7.4,1,4,4,3,0,0,0,19.2
5,Kareem Hunt,KC,RB,5,NO,27,102,3.8,1,1,1,15,0,0,0,18.7
6,Trey Sermon,IND,RB,5,JAX,10,38,3.8,1,6,6,25,0,0,0,18.3
7,James Cook,BUF,RB,5,HOU,20,82,4.1,1,3,2,17,0,0,0,17.9
8,Chuba Hubbard,CAR,RB,5,CHI,13,97,7.5,1,4,4,-2,0,1,1,17.5
9,Derrick Henry,BAL,RB,5,CIN,15,92,6.1,1,1,1,4,0,0,0,16.6
10,Josh Jacobs,GB,RB,5,LAR,19,73,3.8,1,1,1,21,0,0,0,16.4
11,Chase Brown,CIN,RB,5,BAL,12,46,3.8,0,3,3,8,1,0,0,16.4
12,Javonte Williams,DEN,RB,5,LV,13,61,4.7,0,6,5,50,0,0,0,16.1
13,Kyren Williams,LAR,RB,5,GB,22,102,4.6,1,1,1,3,0,1,1,15.5
14,Dare Ogunbowale,HOU,RB,5,BUF,15,30,2,0,7,6,57,0,0,0,14.7
15,Kenneth Walker III,SEA,RB,5,NYG,5,19,3.8,0,8,7,57,0,0,0,14.6
16,Roschon Johnson,CHI,RB,5,CAR,10,25,2.5,2,0,0,0,0,0,0,14.5
17,Ameer Abdullah,LV,RB,5,DEN,5,42,8.4,1,3,3,9,0,0,0,14.1
18,James Conner,ARI,RB,5,SF,19,86,4.5,0,3,2,14,0,0,0,14
19,Tyrone Tracy Jr.,NYG,RB,5,SEA,18,129,7.2,0,2,1,1,0,0,0,14
20,Brian Robinson Jr.,WAS,RB,5,CLE,7,18,2.6,2,0,0,0,0,0,0,13.8
21,Cam Akers,HOU,RB,5,BUF,9,42,4.7,1,3,2,5,0,0,0,12.7
22,Alvin Kamara,NO,RB,5,KC,11,26,2.4,0,8,6,40,0,0,0,12.6
23,Travis Etienne Jr.,JAX,RB,5,IND,6,17,2.8,0,7,6,43,0,0,0,12
24,Raheem Mostert,MIA,RB,5,NE,19,80,4.2,0,2,2,18,0,0,0,11.8
25,Austin Ekeler,WAS,RB,5,CLE,6,67,11.2,0,2,2,30,0,1,0,11.7
26,Jaleel McLaughlin,DEN,RB,5,LV,6,22,3.7,0,4,3,3,1,0,0,11.5
27,Bijan Robinson,ATL,RB,5,TB,12,61,5.1,0,3,3,16,0,0,0,10.7
28,Jeremy McNichols,WAS,RB,5,CLE,7,44,6.3,1,0,0,0,0,0,0,10.4
29,Alexander Mattison,LV,RB,5,DEN,15,38,2.5,0,3,2,23,0,0,0,10.1
30,Najee Harris,PIT,RB,5,DAL,14,42,3,0,2,2,35,0,0,0,9.7
31,Rachaad White,TB,RB,5,ATL,10,72,7.2,0,3,3,-6,0,0,0,9.6
32,Jordan Mason,SF,RB,5,ARI,14,89,6.4,0,1,1,9,0,1,1,8.8
33,Tyler Goodson,IND,RB,5,JAX,5,26,5.2,0,3,3,31,0,0,0,8.7
34,Jaylen Wright,MIA,RB,5,NE,13,86,6.6,0,0,0,0,0,0,0,8.6
35,Zack Moss,CIN,RB,5,BAL,9,24,2.7,0,4,3,28,0,0,0,8.2
36,Jerome Ford,CLE,RB,5,WAS,9,47,5.2,0,3,3,2,0,0,0,7.9
37,D'Onta Foreman,CLE,RB,5,WAS,9,44,4.9,0,1,1,16,0,0,0,7
38,C.J. Ham,MIN,FB,5,NYJ,2,10,5,1,0,0,0,0,0,0,7
39,Breece Hall,NYJ,RB,5,MIN,9,23,2.6,0,4,3,14,0,0,0,6.7
40,Antonio Gibson,NE,RB,5,MIA,6,52,8.7,0,1,1,4,0,0,0,6.6
41,Eric Gray,NYG,RB,5,SEA,4,4,1,0,4,3,50,0,1,1,6.4
42,Alec Ingold,MIA,FB,5,NE,1,3,3,1,0,0,0,0,0,0,6.3
43,Aaron Jones,MIN,RB,5,NYJ,7,29,4.1,0,1,1,24,0,0,0,6.3
44,Zach Charbonnet,SEA,RB,5,NYG,2,11,5.5,0,5,3,19,0,0,0,6
45,Ty Chandler,MIN,RB,5,NYJ,14,30,2.1,0,2,2,9,0,0,0,5.9
46,Bucky Irving,TB,RB,5,ATL,9,44,4.9,0,2,2,12,0,1,1,5.6
47,Tyler Allgeier,ATL,RB,5,TB,6,12,2,0,3,3,13,0,0,0,5.5
48,Miles Sanders,CAR,RB,5,CHI,2,6,3,0,3,2,27,0,0,0,5.3
49,Blake Corum,LAR,RB,5,GB,5,25,5,0,1,1,8,0,0,0,4.3
50,Braelon Allen,NYJ,RB,5,MIN,5,13,2.6,0,2,1,15,0,0,0,3.8
51,Justice Hill,BAL,RB,5,CIN,5,17,3.4,0,2,1,8,0,0,0,3.5
52,Hunter Luepke,DAL,RB,5,PIT,2,6,3,0,1,1,18,0,0,0,3.4
53,Samaje Perine,KC,RB,5,NO,0,0,,0,2,1,24,0,0,0,3.4
54,D'Ernest Johnson,JAX,RB,5,IND,1,1,1,0,3,2,9,0,0,0,3
55,De'Von Achane,MIA,RB,5,NE,3,18,6,0,1,1,-1,0,0,0,2.7
56,Emanuel Wilson,GB,RB,5,LAR,6,24,4,0,1,1,-9,0,0,0,2.5
57,Myles Gaskin,MIN,RB,5,NYJ,2,2,1,0,1,1,11,0,0,0,2.3
58,Isaac Guerendo,SF,RB,5,ARI,5,22,4.4,0,0,0,0,0,0,0,2.2
59,Ezekiel Elliott,DAL,RB,5,PIT,6,17,2.8,0,1,0,0,0,0,0,1.7
60,Ty Johnson,BUF,RB,5,HOU,3,15,5,0,0,0,0,0,0,0,1.5
61,Michael Burton,DEN,FB,5,LV,0,0,,0,1,1,5,0,0,0,1.5
62,Aaron Shampklin,PIT,RB,5,DAL,4,14,3.5,0,0,0,0,0,0,0,1.4
63,Ray Davis,BUF,RB,5,HOU,0,0,,0,2,1,4,0,0,0,1.4
64,Carson Steele,KC,FB,5,NO,5,12,2.4,0,0,0,0,0,1,0,1.2
65,Emari Demercado,ARI,RB,5,SF,0,0,,0,1,1,0,0,0,0,1
66,Jonathan Ward,PIT,RB,5,DAL,2,9,4.5,0,0,0,0,0,0,0,0.9
67,Jamaal Williams,NO,RB,5,KC,2,9,4.5,0,0,0,0,0,0,0,0.9
68,Pierre Strong Jr.,CLE,RB,5,WAS,1,2,2,0,1,0,0,0,0,0,0.2
69,J.J. Taylor,HOU,RB,5,BUF,0,0,,0,0,0,0,0,0,0,0
70,Dante Miller,NYG,RB,5,SEA,0,0,,0,0,0,0,0,0,0,0
71,Kenny McIntosh,SEA,RB,5,NYG,0,0,,0,0,0,0,0,0,0,0
72,Avery Williams,ATL,RB,5,TB,0,0,,0,0,0,0,0,0,0,0
73,Reggie Gilliam,BUF,FB,5,HOU,0,0,,0,0,0,0,0,0,0,0
74,Sean Tucker,TB,RB,5,ATL,0,0,,0,0,0,0,0,0,0,0
75,Isaiah Davis,NYJ,RB,5,MIN,0,0,,0,0,0,0,0,0,0,0
76,Jordan Mims,NO,RB,5,KC,0,0,,0,0,0,0,0,0,0,0
77,Adam Prentice,NO,FB,5,KC,0,0,,0,0,0,0,0,0,0,0
78,Dylan Laube,LV,RB,5,DEN,0,0,,0,0,0,0,0,0,0,0
79,Andrew Beck,GB,FB,5,LAR,0,0,,0,0,0,0,0,0,0,0
80,Sincere McCormick,LV,RB,5,DEN,0,0,,0,0,0,0,0,0,0,0
81,Blake Watson,DEN,RB,5,LV,0,0,,0,0,0,0,0,0,0,0
82,Raheem Blackshear,CAR,RB,5,CHI,0,0,,0,0,0,0,0,0,0,0
83,Khalil Herbert,CHI,RB,5,CAR,0,0,,0,0,0,0,0,0,0,0
84,Chris Brooks,GB,RB,5,LAR,0,0,,0,0,0,0,0,0,0,0
85,Ronnie Rivers,LAR,RB,5,GB,0,0,,0,0,0,0,0,0,0,0
86,Kyle Juszczyk,SF,FB,5,ARI,0,0,,0,0,0,0,0,0,0,0
87,Jeff Wilson Jr.,MIA,RB,5,NE,0,0,,0,0,0,0,0,0,0,0
88,JaMycal Hasty,NE,RB,5,MIA,0,0,,0,0,0,0,0,0,0,0
89,Trayveon Williams,CIN,RB,5,BAL,0,0,,0,0,0,0,0,0,0,0
90,DeeJay Dallas,ARI,RB,5,SF,0,0,,0,0,0,0,0,0,0,0
91,Patrick Ricard,BAL,FB,5,CIN,0,0,,0,0,0,0,0,0,0,0
92,Chris Collier,BAL,RB,5,CIN,0,0,,0,0,0,0,0,0,0,0
93,British Brooks,HOU,RB,5,BUF,0,0,,0,0,0,0,0,0,0,0
94,Patrick Taylor Jr.,SF,RB,5,ARI,0,0,,0,0,0,0,0,0,0,0
1,Sean Tucker,TB,RB,6,NO,14,136,9.7,1,3,3,56,1,0,0,34.2
2,Joe Mixon,HOU,RB,6,NE,13,102,7.8,1,3,2,30,1,0,0,27.2
3,Bijan Robinson,ATL,RB,6,CAR,15,95,6.3,2,4,3,10,0,0,0,25.5
4,Derrick Henry,BAL,RB,6,WAS,24,132,5.5,2,0,0,0,0,0,0,25.2
5,Tyrone Tracy Jr.,NYG,RB,6,CIN,17,50,2.9,1,6,6,57,0,0,0,22.7
6,Breece Hall,NYJ,RB,6,BUF,18,113,6.3,0,6,5,56,0,0,0,21.9
7,D'Andre Swift,CHI,RB,6,JAX,17,91,5.4,1,4,4,28,0,1,0,21.9
8,David Montgomery,DET,RB,6,DAL,12,80,6.7,2,1,1,0,0,0,0,21
9,Kenneth Walker III,SEA,RB,6,SF,14,32,2.3,1,8,8,37,0,0,0,20.9
10,Najee Harris,PIT,RB,6,LV,14,106,7.6,1,2,2,16,0,0,0,20.2
11,Tyler Allgeier,ATL,RB,6,CAR,18,105,5.8,1,1,1,3,0,0,0,19.8
12,Bucky Irving,TB,RB,6,NO,14,81,5.8,1,2,2,24,0,0,0,18.5
13,J.K. Dobbins,LAC,RB,6,DEN,25,96,3.8,1,2,2,6,0,0,0,18.2
14,Ray Davis,BUF,RB,6,NYJ,20,97,4.8,0,3,3,55,0,0,0,18.2
15,Tony Pollard,TEN,RB,6,IND,17,93,5.5,1,3,3,-5,0,0,0,17.8
16,Alexander Mattison,LV,RB,6,PIT,14,33,2.4,1,5,5,32,0,0,0,17.5
17,Alvin Kamara,NO,RB,6,TB,13,40,3.1,1,8,5,24,0,1,0,17.4
18,Chuba Hubbard,CAR,RB,6,ATL,18,92,5.1,0,6,5,11,0,1,0,15.3
19,Dameon Pierce,HOU,RB,6,NE,8,76,9.5,1,1,1,1,0,0,0,14.7
20,Chase Brown,CIN,RB,6,NYG,10,53,5.3,1,3,2,11,0,1,0,14.4
21,Kimani Vidal,LAC,RB,6,DEN,4,11,2.8,0,2,2,40,1,0,0,13.1
22,Jahmyr Gibbs,DET,RB,6,DAL,12,63,5.2,0,5,3,28,0,0,0,12.1
23,Josh Jacobs,GB,RB,6,ARI,18,62,3.4,0,3,3,28,0,0,0,12
24,Emari Demercado,ARI,RB,6,GB,4,25,6.2,0,7,5,39,0,0,0,11.4
25,Austin Ekeler,WAS,RB,6,BAL,9,21,2.3,0,5,4,47,0,0,0,10.8
26,Kyle Juszczyk,SF,FB,6,SEA,1,6,6,1,4,3,10,0,0,0,10.6
27,Rico Dowdle,DAL,RB,6,DET,5,25,5,0,6,5,30,0,0,0,10.5
28,Tyler Goodson,IND,RB,6,TEN,8,51,6.4,0,5,4,14,0,0,0,10.5
29,Isaac Guerendo,SF,RB,6,SEA,10,99,9.9,0,0,0,0,0,0,0,9.9
30,Pierre Strong Jr.,CLE,RB,6,PHI,8,43,5.4,0,3,2,35,0,0,0,9.8
31,Jordan Mason,SF,RB,6,SEA,9,73,8.1,0,2,1,9,0,0,0,9.2
32,Emanuel Wilson,GB,RB,6,ARI,7,54,7.7,0,2,1,19,0,0,0,8.3
33,Saquon Barkley,PHI,RB,6,CLE,18,47,2.6,0,2,2,7,0,0,0,7.4
34,Antonio Gibson,NE,RB,6,HOU,13,19,1.5,0,4,3,24,0,0,0,7.3
35,D'Onta Foreman,CLE,RB,6,PHI,10,31,3.1,0,2,2,16,0,0,0,6.7
36,James Conner,ARI,RB,6,GB,7,24,3.4,0,5,4,22,0,1,1,6.6
37,D'Ernest Johnson,JAX,RB,6,CHI,6,28,4.7,0,2,2,16,0,0,0,6.4
38,Roschon Johnson,CHI,RB,6,JAX,5,8,1.6,0,3,2,25,0,0,0,5.3
39,Jaylen Warren,PIT,RB,6,LV,6,7,1.2,0,3,3,11,0,0,0,4.8
40,Ameer Abdullah,LV,RB,6,PIT,4,24,6,0,5,3,14,0,2,1,4.8
41,Javonte Williams,DEN,RB,6,LAC,6,23,3.8,0,6,3,13,0,1,1,4.6
42,Jaleel McLaughlin,DEN,RB,6,LAC,3,8,2.7,0,2,2,17,0,0,0,4.5
43,Zach Charbonnet,SEA,RB,6,SF,5,20,4,0,1,1,15,0,0,0,4.5
44,Patrick Taylor Jr.,SF,RB,6,SEA,5,16,3.2,0,1,1,12,0,0,0,3.8
45,Jordan Mims,NO,RB,6,TB,1,5,5,0,4,2,13,0,0,0,3.8
46,Ty Johnson,BUF,RB,6,NYJ,4,34,8.5,0,0,0,0,0,0,0,3.4
47,JaMycal Hasty,NE,RB,6,HOU,3,12,4,0,2,1,9,0,0,0,3.1
48,Trey Sermon,IND,RB,6,TEN,18,29,1.6,0,0,0,0,0,0,0,2.9
49,Tyjae Spears,TEN,RB,6,IND,6,27,4.5,0,0,0,0,0,0,0,2.7
50,Trey Benson,ARI,RB,6,GB,5,26,5.2,0,0,0,0,0,0,0,2.6
51,Tank Bigsby,JAX,RB,6,CHI,7,24,3.4,0,0,0,0,0,1,0,2.4
52,Kenneth Gainwell,PHI,RB,6,CLE,3,23,7.7,0,1,0,0,0,0,0,2.3
53,Miles Sanders,CAR,RB,6,ATL,3,1,0.3,0,1,1,12,0,0,0,2.3
54,Chris Brooks,GB,RB,6,ARI,4,21,5.2,0,0,0,0,0,0,0,2.1
55,Craig Reynolds,DET,RB,6,DAL,6,21,3.5,0,0,0,0,0,1,0,2.1
56,Ezekiel Elliott,DAL,RB,6,DET,8,17,2.1,0,0,0,0,0,0,0,1.7
57,Justice Hill,BAL,RB,6,WAS,1,2,2,0,1,1,2,0,0,0,1.4
58,Jerome Ford,CLE,RB,6,PHI,2,14,7,0,0,0,0,0,0,0,1.4
59,Jonathan Ward,PIT,RB,6,LV,3,13,4.3,0,0,0,0,0,0,0,1.3
60,Audric Estime,DEN,RB,6,LAC,2,13,6.5,0,0,0,0,0,0,0,1.3
61,Terrell Jennings,NE,RB,6,HOU,5,13,2.6,0,0,0,0,0,0,0,1.3
62,Eric Gray,NYG,RB,6,CIN,3,13,4.3,0,0,0,0,0,0,0,1.3
63,Jeremy McNichols,WAS,RB,6,BAL,2,9,4.5,0,0,0,0,0,0,0,0.9
64,Braelon Allen,NYJ,RB,6,BUF,3,8,2.7,0,2,0,0,0,0,0,0.8
65,Dare Ogunbowale,HOU,RB,6,NE,2,8,4,0,0,0,0,0,0,0,0.8
66,Jamaal Williams,NO,RB,6,TB,2,7,3.5,0,0,0,0,0,0,0,0.7
67,Zack Moss,CIN,RB,6,NYG,6,13,2.2,0,1,1,2,0,1,1,0.5
68,Hassan Haskins,LAC,RB,6,DEN,2,5,2.5,0,0,0,0,0,0,0,0.5
69,Sione Vaki,DET,RB,6,DAL,1,5,5,0,0,0,0,0,0,0,0.5
70,Julius Chestnut,TEN,RB,6,IND,1,2,2,0,0,0,0,0,0,0,0.2
71,Chris Rodriguez Jr.,WAS,RB,6,BAL,0,0,,0,0,0,0,0,0,0,0
72,Adam Prentice,NO,FB,6,TB,0,0,,0,0,0,0,0,0,0,0
73,Michael Burton,DEN,FB,6,LAC,0,0,,0,0,0,0,0,0,0,0
74,Khalil Herbert,CHI,RB,6,JAX,0,0,,0,0,0,0,0,0,0,0
75,Khari Blasingame,CHI,FB,6,JAX,0,0,,0,0,0,0,0,0,0,0
76,Isaiah Davis,NYJ,RB,6,BUF,0,0,,0,0,0,0,0,0,0,0
77,D.J. Williams,TB,RB,6,NO,0,0,,0,0,0,0,0,0,0,0
78,Patrick Ricard,BAL,FB,6,WAS,0,0,,0,0,0,0,0,0,0,0
79,Rasheen Ali,BAL,RB,6,WAS,0,0,,0,0,0,0,0,0,0,0
80,Kenny McIntosh,SEA,RB,6,SF,0,0,,0,0,0,0,0,0,0,0
81,Dante Miller,NYG,RB,6,CIN,0,0,,0,0,0,0,0,0,0,0
82,DeeJay Dallas,ARI,RB,6,GB,0,0,,0,0,0,0,0,0,0,0
83,Reggie Gilliam,BUF,FB,6,NYJ,0,0,,0,0,0,0,0,0,0,0
84,Andrew Beck,GB,FB,6,ARI,0,0,,0,1,0,0,0,0,0,0
85,Hunter Luepke,DAL,RB,6,DET,0,0,,0,0,0,0,0,0,0,0
86,Will Shipley,PHI,RB,6,CLE,0,0,,0,0,0,0,0,0,0,0
87,Raheem Blackshear,CAR,RB,6,ATL,0,0,,0,0,0,0,0,0,0,0
88,Avery Williams,ATL,RB,6,CAR,0,0,,0,0,0,0,0,0,0,0
89,Trayveon Williams,CIN,RB,6,NYG,0,0,,0,0,0,0,0,0,0,0
90,Travis Etienne Jr.,JAX,RB,6,CHI,3,-1,-0.3,0,1,0,0,0,0,0,-0.1
91,Cam Akers,HOU,RB,6,NE,2,-1,-0.5,0,0,0,0,0,0,0,-0.1
92,Aaron Shampklin,PIT,RB,6,LV,1,-2,-2,0,0,0,0,0,0,0,-0.2
93,Dylan Laube,LV,RB,6,PIT,1,0,0,0,0,0,0,0,1,1,-2
1,Jahmyr Gibbs,DET,RB,7,MIN,15,116,7.7,2,4,4,44,0,0,0,32
2,Rachaad White,TB,RB,7,BAL,10,40,4,0,6,6,71,2,0,0,29.1
3,Saquon Barkley,PHI,RB,7,NYG,17,176,10.4,1,3,2,11,0,0,0,26.7
4,Joe Mixon,HOU,RB,7,GB,25,115,4.6,2,3,2,9,0,0,0,26.4
5,Javonte Williams,DEN,RB,7,NO,14,88,6.3,2,3,3,23,0,0,0,26.1
6,Breece Hall,NYJ,RB,7,PIT,12,38,3.2,1,9,6,103,0,0,0,26.1
7,Derrick Henry,BAL,RB,7,TB,15,169,11.3,0,1,1,13,1,0,0,25.2
8,Tank Bigsby,JAX,RB,7,NE,26,118,4.5,2,1,0,0,0,0,0,23.8
9,Bijan Robinson,ATL,RB,7,SEA,21,103,4.9,1,5,3,40,0,0,0,23.3
10,Kenneth Walker III,SEA,RB,7,ATL,14,69,4.9,1,2,2,24,1,0,0,23.3
11,Kareem Hunt,KC,RB,7,SF,22,78,3.5,2,2,2,5,0,0,0,22.3
12,Aaron Jones,MIN,RB,7,DET,14,93,6.6,1,3,3,23,0,0,0,20.6
13,Josh Jacobs,GB,RB,7,HOU,12,76,6.3,0,5,5,16,1,0,0,20.2
14,Kyren Williams,LAR,RB,7,LV,21,76,3.6,2,0,0,0,0,0,0,19.6
15,James Conner,ARI,RB,7,LAC,19,101,5.3,0,4,2,51,0,1,0,17.2
16,Bucky Irving,TB,RB,7,BAL,9,23,2.6,1,3,3,54,0,0,0,16.7
17,Najee Harris,PIT,RB,7,NYJ,21,102,4.9,1,1,0,0,0,0,0,16.2
18,JaMycal Hasty,NE,RB,7,JAX,2,-2,-1,0,5,5,49,1,0,0,15.7
19,Alexander Mattison,LV,RB,7,LAR,23,92,4,0,3,3,31,0,0,0,15.3
20,Justice Hill,BAL,RB,7,TB,5,4,0.8,0,3,3,44,1,0,0,13.8
21,Brian Robinson Jr.,WAS,RB,7,CAR,12,71,5.9,1,0,0,0,0,0,0,13.1
22,Ray Davis,BUF,RB,7,TEN,5,41,8.2,1,1,1,6,0,0,0,11.7
23,Chuba Hubbard,CAR,RB,7,WAS,17,52,3.1,1,0,0,0,0,0,0,11.2
24,Tyler Goodson,IND,RB,7,MIA,14,51,3.6,1,0,0,0,0,0,0,11.1
25,De'Von Achane,MIA,RB,7,IND,15,77,5.1,0,3,2,8,0,0,0,10.5
26,Nick Chubb,CLE,RB,7,CIN,11,22,2,1,3,1,10,0,0,0,10.2
27,D'Ernest Johnson,JAX,RB,7,NE,9,38,4.2,0,4,3,32,0,0,0,10
28,J.K. Dobbins,LAC,RB,7,ARI,14,40,2.9,0,3,3,26,0,0,0,9.6
29,James Cook,BUF,RB,7,TEN,12,32,2.7,1,0,0,0,0,0,0,9.2
30,Jordan Mason,SF,RB,7,KC,14,58,4.1,0,2,2,11,0,0,0,8.9
31,Tony Pollard,TEN,RB,7,BUF,16,61,3.8,0,6,2,4,0,0,0,8.5
32,Alvin Kamara,NO,RB,7,DEN,7,10,1.4,0,7,6,14,0,0,0,8.4
33,David Montgomery,DET,RB,7,MIN,9,31,3.4,0,4,3,39,0,1,1,8
34,Jaylen Warren,PIT,RB,7,NYJ,12,44,3.7,0,3,2,15,0,0,0,7.9
35,Kenneth Gainwell,PHI,RB,7,NYG,13,56,4.3,0,1,1,11,0,0,0,7.7
36,Ty Johnson,BUF,RB,7,TEN,0,0,,0,1,1,4,1,0,0,7.4
37,Chase Brown,CIN,RB,7,CLE,15,44,2.9,0,2,2,9,0,0,0,7.3
38,Zack Moss,CIN,RB,7,CLE,6,7,1.2,0,3,3,33,0,0,0,7
39,Tyrone Tracy Jr.,NYG,RB,7,PHI,6,23,3.8,0,3,3,9,0,0,0,6.2
40,Trey Sermon,IND,RB,7,MIA,8,36,4.5,0,1,1,13,0,0,0,5.9
41,Kendre Miller,NO,RB,7,DEN,6,36,6,0,3,2,1,0,0,0,5.7
42,Tyler Allgeier,ATL,RB,7,SEA,5,36,7.2,0,1,1,9,0,0,0,5.5
43,Sean Tucker,TB,RB,7,BAL,5,29,5.8,0,2,1,9,0,0,0,4.8
44,Rhamondre Stevenson,NE,RB,7,JAX,7,18,2.6,0,3,2,7,0,0,0,4.5
45,Jeremy McNichols,WAS,RB,7,CAR,7,42,6,0,0,0,0,0,0,0,4.2
46,Austin Ekeler,WAS,RB,7,CAR,4,17,4.2,0,2,2,3,0,0,0,4
47,Samaje Perine,KC,RB,7,SF,2,6,3,0,1,1,22,0,0,0,3.8
48,Miles Sanders,CAR,RB,7,WAS,3,34,11.3,0,2,1,-6,0,0,0,3.8
49,Zamir White,LV,RB,7,LAR,3,13,4.3,0,1,1,14,0,0,0,3.7
50,Jaleel McLaughlin,DEN,RB,7,NO,4,35,8.8,0,0,0,0,0,0,0,3.5
51,Julius Chestnut,TEN,RB,7,BUF,3,15,5,0,1,1,9,0,0,0,3.4
52,Jaylen Wright,MIA,RB,7,IND,5,33,6.6,0,0,0,0,0,0,0,3.3
53,Devin Singletary,NYG,RB,7,PHI,5,18,3.6,0,1,1,3,0,0,0,3.1
54,Raheem Mostert,MIA,RB,7,IND,11,50,4.5,0,0,0,0,0,1,1,3
55,Kimani Vidal,LAC,RB,7,ARI,3,10,3.3,0,1,1,9,0,0,0,2.9
56,Pierre Strong Jr.,CLE,RB,7,CIN,3,6,2,0,3,1,9,0,0,0,2.5
57,Zach Charbonnet,SEA,RB,7,ATL,8,19,2.4,0,1,1,-5,0,0,0,2.4
58,Antonio Gibson,NE,RB,7,JAX,3,4,1.3,0,1,1,9,0,0,0,2.3
59,Eric Gray,NYG,RB,7,PHI,1,2,2,0,1,1,7,0,0,0,1.9
60,Jase McClellan,ATL,RB,7,SEA,5,17,3.4,0,0,0,0,0,0,0,1.7
61,Isaac Guerendo,SF,RB,7,KC,1,2,2,0,1,1,5,0,1,0,1.7
62,Carson Steele,KC,FB,7,SF,6,17,2.8,0,0,0,0,0,0,0,1.7
63,Jamaal Williams,NO,RB,7,DEN,3,17,5.7,0,0,0,0,0,0,0,1.7
64,Braelon Allen,NYJ,RB,7,PIT,2,4,2,0,1,1,2,0,0,0,1.6
65,Will Shipley,PHI,RB,7,NYG,8,15,1.9,0,0,0,0,0,0,0,1.5
66,Alec Ingold,MIA,FB,7,IND,2,-1,-0.5,0,1,1,25,0,1,1,1.4
67,Kyle Juszczyk,SF,FB,7,KC,1,14,14,0,3,0,0,0,0,0,1.4
68,Emari Demercado,ARI,RB,7,LAC,1,14,14,0,0,0,0,0,0,0,1.4
69,Isaiah Davis,NYJ,RB,7,PIT,1,12,12,0,0,0,0,0,0,0,1.2
70,Emanuel Wilson,GB,RB,7,HOU,5,11,2.2,0,0,0,0,0,0,0,1.1
71,Blake Corum,LAR,RB,7,LV,3,11,3.7,0,0,0,0,0,0,0,1.1
72,Audric Estime,DEN,RB,7,NO,5,29,5.8,0,0,0,0,0,1,1,0.9
73,Dare Ogunbowale,HOU,RB,7,GB,1,6,6,0,1,0,0,0,0,0,0.6
74,D'Onta Foreman,CLE,RB,7,CIN,2,5,2.5,0,0,0,0,0,0,0,0.5
75,Kenny McIntosh,SEA,RB,7,ATL,1,5,5,0,0,0,0,0,0,0,0.5
76,Ty Chandler,MIN,RB,7,DET,2,4,2,0,0,0,0,0,0,0,0.4
77,Hassan Haskins,LAC,RB,7,ARI,2,2,1,0,0,0,0,0,0,0,0.2
78,Dameon Pierce,HOU,RB,7,GB,2,2,1,0,0,0,0,0,0,0,0.2
79,Raheem Blackshear,CAR,RB,7,WAS,0,0,,0,0,0,0,0,1,0,0
80,Michael Burton,DEN,FB,7,NO,0,0,,0,0,0,0,0,0,0,0
81,Cam Akers,MIN,RB,7,DET,0,0,,0,0,0,0,0,0,0,0
82,Jonathan Ward,PIT,RB,7,NYJ,0,0,,0,0,0,0,0,0,0,0
83,Adam Prentice,NO,FB,7,DEN,0,0,,0,0,0,0,0,0,0,0
84,Ronnie Rivers,LAR,RB,7,LV,0,0,,0,0,0,0,0,0,0,0
85,Sione Vaki,DET,RB,7,MIN,0,0,,0,0,0,0,0,0,0,0
86,Craig Reynolds,DET,RB,7,MIN,0,0,,0,0,0,0,0,0,0,0
87,C.J. Ham,MIN,FB,7,DET,0,0,,0,0,0,0,0,0,0,0
88,Scott Matlock,LAC,FB,7,ARI,0,0,,0,0,0,0,0,0,0,0
89,DeeJay Dallas,ARI,RB,7,LAC,0,0,,0,0,0,0,0,0,0,0
90,Chris Collier,BAL,RB,7,TB,0,0,,0,0,0,0,0,0,0,0
91,Andrew Beck,GB,FB,7,HOU,0,0,,0,0,0,0,0,0,0,0
92,Troy Hairston,HOU,FB,7,GB,0,0,,0,0,0,0,0,0,0,0
93,Avery Williams,ATL,RB,7,SEA,0,0,,0,0,0,0,0,0,0,0
94,Trey Benson,ARI,RB,7,LAC,0,0,,0,0,0,0,0,0,0,0
95,Reggie Gilliam,BUF,FB,7,TEN,0,0,,0,0,0,0,0,0,0,0
96,Trayveon Williams,CIN,RB,7,CLE,0,0,,0,0,0,0,0,0,0,0
97,Patrick Ricard,BAL,FB,7,TB,0,0,,0,1,0,0,0,0,0,0
98,Ameer Abdullah,LV,RB,7,LAR,0,0,,0,0,0,0,0,0,0,0
99,Patrick Taylor Jr.,SF,RB,7,KC,0,0,,0,0,0,0,0,0,0,0
100,Chris Brooks,GB,RB,7,HOU,0,0,,0,0,0,0,0,0,0,0
1,James Cook,BUF,RB,8,SEA,17,111,6.5,2,3,3,22,0,0,0,28.3
2,De'Von Achane,MIA,RB,8,ARI,10,97,9.7,0,8,6,50,1,0,0,26.7
3,Josh Jacobs,GB,RB,8,JAX,25,127,5.1,2,2,1,-2,0,0,0,25.5
4,Bijan Robinson,ATL,RB,8,TB,13,63,4.8,0,7,7,43,1,0,0,23.6
5,Rhamondre Stevenson,NE,RB,8,NYJ,20,48,2.4,2,3,3,17,0,0,0,23.5
6,Joe Mixon,HOU,RB,8,IND,25,102,4.1,1,6,4,32,0,0,0,23.4
7,Tyrone Tracy Jr.,NYG,RB,8,PIT,20,145,7.2,1,3,2,5,0,0,0,23
8,Kyren Williams,LAR,RB,8,MIN,23,97,4.2,0,7,5,19,1,0,0,22.6
9,Jahmyr Gibbs,DET,RB,8,TEN,11,127,11.5,1,1,1,6,0,0,0,20.3
10,Isaac Guerendo,SF,RB,8,DAL,14,85,6.1,1,4,3,17,0,0,0,19.2
11,D'Andre Swift,CHI,RB,8,WAS,18,129,7.2,1,0,0,0,0,0,0,18.9
12,Jonathan Taylor,IND,RB,8,HOU,20,105,5.2,1,1,1,12,0,0,0,18.7
13,Alvin Kamara,NO,RB,8,LAC,10,67,6.7,0,11,6,55,0,0,0,18.2
14,J.K. Dobbins,LAC,RB,8,NO,17,57,3.4,1,7,4,11,0,0,0,16.8
15,Najee Harris,PIT,RB,8,NYG,19,114,6,0,4,3,17,0,0,0,16.1
16,Raheem Mostert,MIA,RB,8,ARI,9,19,2.1,2,2,1,11,0,0,0,16
17,Rachaad White,TB,RB,8,ATL,6,29,4.8,0,6,5,38,1,1,1,15.7
18,Bucky Irving,TB,RB,8,ATL,9,44,4.9,0,7,7,40,0,0,0,15.4
19,David Montgomery,DET,RB,8,TEN,9,33,3.7,1,1,1,5,0,0,0,14.9
20,James Conner,ARI,RB,8,MIA,20,53,2.6,1,3,2,16,0,0,0,14.9
21,Tony Pollard,TEN,RB,8,DET,20,94,4.7,0,4,3,23,0,0,0,14.7
22,Derrick Henry,BAL,RB,8,CLE,11,73,6.6,1,1,1,4,0,0,0,14.7
23,Kareem Hunt,KC,RB,8,LV,21,59,2.8,1,1,1,4,0,0,0,13.3
24,Jaleel McLaughlin,DEN,RB,8,CAR,8,47,5.9,0,1,1,9,1,0,0,12.6
25,Saquon Barkley,PHI,RB,8,CIN,22,108,4.9,0,1,1,3,0,0,0,12.1
26,Aaron Jones,MIN,RB,8,LAR,19,58,3.1,0,2,2,37,0,0,0,11.5
27,Miles Sanders,CAR,RB,8,DEN,1,7,7,0,7,7,38,0,0,0,11.5
28,Zach Charbonnet,SEA,RB,8,BUF,3,4,1.3,1,4,3,20,0,0,0,11.4
29,Chase Brown,CIN,RB,8,PHI,12,32,2.7,1,4,2,2,0,0,0,11.4
30,Ezekiel Elliott,DAL,RB,8,SF,10,34,3.4,1,1,1,4,0,0,0,10.8
31,Tank Bigsby,JAX,RB,8,GB,18,78,4.3,0,3,2,8,0,0,0,10.6
32,Breece Hall,NYJ,RB,8,NE,16,80,5,0,3,1,9,0,1,0,9.9
33,Alexander Mattison,LV,RB,8,KC,14,15,1.1,0,5,5,29,0,0,0,9.4
34,Braelon Allen,NYJ,RB,8,NE,12,32,2.7,1,0,0,0,0,0,0,9.2
35,Javonte Williams,DEN,RB,8,CAR,17,44,2.6,0,5,4,8,0,0,0,9.2
36,Chuba Hubbard,CAR,RB,8,DEN,15,56,3.7,0,2,2,15,0,0,0,9.1
37,Brian Robinson Jr.,WAS,RB,8,CHI,16,65,4.1,0,1,1,11,0,0,0,8.6
38,Kenneth Walker III,SEA,RB,8,BUF,9,12,1.3,0,5,4,33,0,0,0,8.5
39,Zack Moss,CIN,RB,8,PHI,5,11,2.2,0,4,4,28,0,1,0,7.9
40,Jaylen Warren,PIT,RB,8,NYG,9,46,5.1,0,3,2,13,0,0,0,7.9
41,Austin Ekeler,WAS,RB,8,CHI,7,52,7.4,0,3,2,6,0,0,0,7.8
42,Roschon Johnson,CHI,RB,8,WAS,2,6,3,1,0,0,0,0,0,0,6.6
43,Alec Ingold,MIA,FB,8,ARI,1,3,3,0,3,3,19,0,0,0,5.2
44,Nick Chubb,CLE,RB,8,BAL,16,52,3.2,0,2,0,0,0,0,0,5.2
45,Samaje Perine,KC,RB,8,LV,0,0,,0,2,2,30,0,0,0,5
46,Devin Singletary,NYG,RB,8,PIT,2,11,5.5,0,3,2,12,0,0,0,4.3
47,Michael Burton,DEN,FB,8,CAR,0,0,,0,1,1,28,0,0,0,3.8
48,D'Ernest Johnson,JAX,RB,8,GB,1,3,3,0,2,1,20,0,0,0,3.3
49,Tyler Allgeier,ATL,RB,8,TB,12,33,2.8,0,0,0,0,0,0,0,3.3
50,Julius Chestnut,TEN,RB,8,DET,7,32,4.6,0,0,0,0,0,0,0,3.2
51,Dalvin Cook,DAL,RB,8,SF,6,12,2,0,1,1,10,0,0,0,3.2
52,Ray Davis,BUF,RB,8,SEA,6,29,4.8,0,0,0,0,0,0,0,2.9
53,Justice Hill,BAL,RB,8,CLE,2,5,2.5,0,1,1,14,0,0,0,2.9
54,Blake Corum,LAR,RB,8,MIN,4,9,2.2,0,1,1,9,0,0,0,2.8
55,Chris Brooks,GB,RB,8,JAX,4,16,4,0,1,1,1,0,0,0,2.7
56,D'Onta Foreman,CLE,RB,8,BAL,5,26,5.2,0,0,0,0,0,0,0,2.6
57,Sean Tucker,TB,RB,8,ATL,2,3,1.5,0,1,1,12,0,0,0,2.5
58,Carson Steele,KC,FB,8,LV,2,6,3,0,1,1,8,0,0,0,2.4
59,Trey Sermon,IND,RB,8,HOU,0,0,,0,1,1,14,0,0,0,2.4
60,Emanuel Wilson,GB,RB,8,JAX,4,5,1.2,0,2,2,-2,0,0,0,2.3
61,Ameer Abdullah,LV,RB,8,KC,1,2,2,0,2,1,9,0,0,0,2.1
62,Kenneth Gainwell,PHI,RB,8,CIN,5,19,3.8,0,1,0,0,0,0,0,1.9
63,Scott Matlock,LAC,FB,8,NO,0,0,,0,1,1,9,0,0,0,1.9
64,Jaylen Wright,MIA,RB,8,ARI,2,18,9,0,0,0,0,0,0,0,1.8
65,Jordan Mason,SF,RB,8,DAL,6,18,3,0,0,0,0,0,0,0,1.8
66,Kyle Juszczyk,SF,FB,8,DAL,1,1,1,0,1,1,6,0,0,0,1.7
67,Kimani Vidal,LAC,RB,8,NO,6,16,2.7,0,0,0,0,0,0,0,1.6
68,Kendre Miller,NO,RB,8,LAC,3,16,5.3,0,0,0,0,0,0,0,1.6
69,Pierre Strong Jr.,CLE,RB,8,BAL,0,0,,0,1,1,3,0,0,0,1.3
70,Eric Gray,NYG,RB,8,PIT,0,0,,0,1,1,3,0,0,0,1.3
71,Trey Benson,ARI,RB,8,MIA,1,10,10,0,0,0,0,0,0,0,1
72,Patrick Taylor Jr.,SF,RB,8,DAL,2,9,4.5,0,0,0,0,0,0,0,0.9
73,Antonio Gibson,NE,RB,8,NYJ,5,6,1.2,0,0,0,0,0,1,0,0.6
74,Audric Estime,DEN,RB,8,CAR,1,4,4,0,0,0,0,0,0,0,0.4
75,Dare Ogunbowale,HOU,RB,8,IND,1,4,4,0,1,0,0,0,0,0,0.4
76,Jamaal Williams,NO,RB,8,LAC,2,4,2,0,0,0,0,0,0,0,0.4
77,Dameon Pierce,HOU,RB,8,IND,1,4,4,0,0,0,0,0,0,0,0.4
78,Craig Reynolds,DET,RB,8,TEN,3,3,1,0,0,0,0,0,0,0,0.3
79,Raheem Blackshear,CAR,RB,8,DEN,0,0,,0,0,0,0,0,0,0,0
80,Hassan Haskins,LAC,RB,8,NO,1,0,0,0,0,0,0,0,0,0,0
81,Adam Prentice,NO,FB,8,LAC,0,0,,0,1,0,0,0,0,0,0
82,Emari Demercado,ARI,RB,8,MIA,0,0,,0,1,0,0,0,0,0,0
83,Trayveon Williams,CIN,RB,8,PHI,0,0,,0,0,0,0,0,0,0,0
84,DeeJay Dallas,ARI,RB,8,MIA,0,0,,0,0,0,0,0,0,0,0
85,Ty Johnson,BUF,RB,8,SEA,0,0,,0,1,0,0,0,0,0,0
86,Kenny McIntosh,SEA,RB,8,BUF,0,0,,0,0,0,0,0,0,0,0
87,Reggie Gilliam,BUF,FB,8,SEA,0,0,,0,0,0,0,0,0,0,0
88,Hunter Luepke,DAL,RB,8,SF,1,0,0,0,0,0,0,0,0,0,0
89,Jonathan Ward,PIT,RB,8,NYG,0,0,,0,0,0,0,0,0,0,0
90,Sione Vaki,DET,RB,8,TEN,0,0,,0,0,0,0,0,0,0,0
91,Travis Homer,CHI,RB,8,WAS,0,0,,0,0,0,0,0,0,0,0
92,Chris Collier,BAL,RB,8,CLE,0,0,,0,0,0,0,0,0,0,0
93,Patrick Ricard,BAL,FB,8,CLE,0,0,,0,0,0,0,0,0,0,0
94,Tyler Goodson,IND,RB,8,HOU,0,0,,0,1,0,0,0,0,0,0
95,Troy Hairston,HOU,FB,8,IND,0,0,,0,0,0,0,0,0,0,0
96,JaMycal Hasty,NE,RB,8,NYJ,0,0,,0,0,0,0,0,0,0,0
97,Avery Williams,ATL,RB,8,TB,0,0,,0,0,0,0,0,0,0,0
98,Isaiah Davis,NYJ,RB,8,NE,0,0,,0,0,0,0,0,0,0,0
99,Ty Chandler,MIN,RB,8,LAR,0,0,,0,0,0,0,0,0,0,0
100,Cam Akers,MIN,RB,8,LAR,0,0,,0,0,0,0,0,0,0,0
1,Saquon Barkley,PHI,RB,9,JAX,27,159,5.9,1,4,3,40,1,1,1,32.9
2,De'Von Achane,MIA,RB,9,BUF,12,63,5.2,1,8,8,58,1,0,0,32.1
3,Alvin Kamara,NO,RB,9,CAR,29,155,5.3,0,9,6,60,0,0,0,27.5
4,Chase Brown,CIN,RB,9,LV,27,120,4.4,0,5,5,37,1,0,0,26.7
5,Derrick Henry,BAL,RB,9,DEN,23,106,4.6,2,1,1,27,0,1,0,26.3
6,J.K. Dobbins,LAC,RB,9,CLE,14,85,6.1,2,2,2,20,0,0,0,24.5
7,Rhamondre Stevenson,NE,RB,9,TEN,10,16,1.6,1,5,5,38,1,0,0,22.4
8,Rico Dowdle,DAL,RB,9,ATL,12,75,6.2,0,6,5,32,1,0,0,21.7
9,Bijan Robinson,ATL,RB,9,DAL,19,86,4.5,0,7,7,59,0,0,0,21.5
10,Chuba Hubbard,CAR,RB,9,NO,15,72,4.8,2,3,2,0,0,0,0,21.2
11,Kareem Hunt,KC,RB,9,TB,27,106,3.9,1,1,1,11,0,0,0,18.7
12,Tony Pollard,TEN,RB,9,NE,28,128,4.6,0,3,3,26,0,0,0,18.4
13,Austin Ekeler,WAS,RB,9,NYG,11,42,3.8,1,4,3,41,0,0,0,17.3
14,Ray Davis,BUF,RB,9,MIA,4,20,5,0,2,2,70,1,0,0,17
15,Joe Mixon,HOU,RB,9,NYJ,24,106,4.4,1,0,0,0,0,0,0,16.6
16,Emari Demercado,ARI,RB,9,CHI,4,59,14.8,1,2,2,21,0,0,0,16
17,James Conner,ARI,RB,9,CHI,18,107,5.9,0,3,3,12,0,0,0,14.9
18,Jahmyr Gibbs,DET,RB,9,GB,11,65,5.9,1,2,1,11,0,0,0,14.6
19,D'Andre Swift,CHI,RB,9,ARI,16,51,3.2,0,6,6,31,0,1,0,14.2
20,Kenneth Walker III,SEA,RB,9,LAR,25,83,3.3,0,3,3,24,0,0,0,13.7
21,Samaje Perine,KC,RB,9,TB,1,10,10,0,5,4,25,1,0,0,13.5
22,Josh Jacobs,GB,RB,9,DET,13,95,7.3,0,3,2,13,0,0,0,12.8
23,David Montgomery,DET,RB,9,GB,17,73,4.3,0,3,3,23,0,0,0,12.6
24,Trey Benson,ARI,RB,9,CHI,8,37,4.6,1,1,1,18,0,0,0,12.5
25,Rachaad White,TB,RB,9,KC,3,19,6.3,1,3,3,16,0,0,0,12.5
26,Aaron Jones,MIN,RB,9,IND,21,64,3,0,4,4,18,0,0,0,12.2
27,James Cook,BUF,RB,9,MIA,10,44,4.4,0,6,5,25,0,0,0,11.9
28,Breece Hall,NYJ,RB,9,HOU,15,74,4.9,0,4,2,11,0,1,0,10.5
29,Kyren Williams,LAR,RB,9,SEA,22,69,3.1,0,3,1,26,0,1,0,10.5
30,Javonte Williams,DEN,RB,9,BAL,12,42,3.5,0,3,2,42,0,0,0,10.4
31,Emanuel Wilson,GB,RB,9,DET,4,28,7,1,1,1,1,0,0,0,9.9
32,Jonathan Taylor,IND,RB,9,MIN,13,48,3.7,0,5,3,11,0,0,0,8.9
33,Justice Hill,BAL,RB,9,DEN,5,15,3,0,3,3,43,0,0,0,8.8
34,Raheem Mostert,MIA,RB,9,BUF,10,56,5.6,0,2,2,32,0,1,1,8.8
35,Tyrone Tracy Jr.,NYG,RB,9,WAS,16,66,4.1,0,1,1,3,0,0,0,7.9
36,Tyler Allgeier,ATL,RB,9,DAL,6,18,3,1,0,0,0,0,0,0,7.8
37,Patrick Ricard,BAL,FB,9,DEN,0,0,,0,1,1,3,1,0,0,7.3
38,Cam Akers,MIN,RB,9,IND,6,46,7.7,0,2,2,7,0,0,0,7.3
39,Chris Brooks,GB,RB,9,DET,2,13,6.5,0,4,3,28,0,0,0,7.1
40,Zamir White,LV,RB,9,CIN,6,10,1.7,1,0,0,0,0,0,0,7
41,Bucky Irving,TB,RB,9,KC,7,24,3.4,0,3,3,10,0,0,0,6.4
42,Ameer Abdullah,LV,RB,9,CIN,4,12,3,0,3,3,14,0,0,0,5.6
43,Zach Charbonnet,SEA,RB,9,LAR,2,8,4,0,3,2,25,0,0,0,5.3
44,Chris Rodriguez Jr.,WAS,RB,9,NYG,11,52,4.7,0,0,0,0,0,0,0,5.2
45,Travis Etienne Jr.,JAX,RB,9,PHI,3,24,8,0,3,2,6,0,0,0,5
46,Jaleel McLaughlin,DEN,RB,9,BAL,5,10,2,0,3,3,10,0,0,0,5
47,Jordan Mims,NO,RB,9,CAR,5,13,2.6,0,1,1,25,0,0,0,4.8
48,Nick Chubb,CLE,RB,9,LAC,15,39,2.6,0,1,1,-4,0,0,0,4.5
49,Roschon Johnson,CHI,RB,9,ARI,3,13,4.3,0,3,2,8,0,0,0,4.1
50,Alexander Mattison,LV,RB,9,CIN,9,36,4,0,0,0,0,0,0,0,3.6
51,Audric Estime,DEN,RB,9,BAL,5,35,7,0,0,0,0,0,0,0,3.5
52,Devin Singletary,NYG,RB,9,WAS,7,33,4.7,0,0,0,0,0,0,0,3.3
53,Hunter Luepke,DAL,RB,9,ATL,1,5,5,0,2,2,4,0,0,0,2.9
54,Sean Tucker,TB,RB,9,KC,3,11,3.7,0,1,1,6,0,0,0,2.7
55,Ty Johnson,BUF,RB,9,MIA,3,23,7.7,0,0,0,0,0,0,0,2.3
56,J.J. Taylor,HOU,RB,9,NYJ,3,23,7.7,0,0,0,0,0,0,0,2.3
57,Trey Sermon,IND,RB,9,MIN,2,4,2,0,2,1,9,0,0,0,2.3
58,Julius Chestnut,TEN,RB,9,NE,5,22,4.4,0,0,0,0,0,0,0,2.2
59,Tank Bigsby,JAX,RB,9,PHI,8,22,2.8,0,0,0,0,0,0,0,2.2
60,Antonio Gibson,NE,RB,9,TEN,1,-1,-1,0,1,1,12,0,0,0,2.1
61,Kenneth Gainwell,PHI,RB,9,JAX,5,9,1.8,0,1,1,1,0,0,0,2
62,Jeremy McNichols,WAS,RB,9,NYG,8,20,2.5,0,1,0,0,0,0,0,2
63,Jaylen Wright,MIA,RB,9,BUF,6,18,3,0,0,0,0,0,0,0,1.8
64,Jerome Ford,CLE,RB,9,LAC,2,5,2.5,0,3,1,2,0,0,0,1.7
65,Miles Sanders,CAR,RB,9,NO,2,-5,-2.5,0,2,2,-5,0,0,0,1
66,Carson Steele,KC,FB,9,TB,3,9,3,0,0,0,0,0,0,0,0.9
67,Braelon Allen,NYJ,RB,9,HOU,4,9,2.2,0,1,0,0,0,0,0,0.9
68,Pierre Strong Jr.,CLE,RB,9,LAC,2,8,4,0,0,0,0,0,0,0,0.8
69,Dalvin Cook,DAL,RB,9,ATL,2,8,4,0,0,0,0,0,0,0,0.8
70,Kimani Vidal,LAC,RB,9,CLE,5,7,1.4,0,0,0,0,0,0,0,0.7
71,JaMycal Hasty,NE,RB,9,TEN,1,0,0,0,1,1,-3,0,0,0,0.7
72,D'Ernest Johnson,JAX,RB,9,PHI,2,6,3,0,1,0,0,0,0,0,0.6
73,DeeJay Dallas,ARI,RB,9,CHI,1,2,2,0,0,0,0,0,0,0,0.2
74,C.J. Ham,MIN,FB,9,IND,0,0,,0,0,0,0,0,0,0,0
75,Joshua Kelley,TEN,RB,9,NE,0,0,,0,0,0,0,0,0,0,0
76,Travis Homer,CHI,RB,9,ARI,0,0,,0,0,0,0,0,0,0,0
77,Isaiah Davis,NYJ,RB,9,HOU,0,0,,0,0,0,0,0,0,0,0
78,Avery Williams,ATL,RB,9,DAL,0,0,,0,0,0,0,0,0,0,0
79,Deuce Vaughn,DAL,RB,9,ATL,0,0,,0,0,0,0,0,0,0,0
80,Eric Gray,NYG,RB,9,WAS,0,0,,0,0,0,0,0,0,0,0
81,Chris Collier,BAL,RB,9,DEN,0,0,,0,0,0,0,0,0,0,0
82,Raheem Blackshear,CAR,RB,9,NO,0,0,,0,0,0,0,0,0,0,0
83,Adam Prentice,NO,FB,9,CAR,0,0,,0,1,0,0,0,0,0,0
84,Alec Ingold,MIA,FB,9,BUF,0,0,,0,0,0,0,0,0,0,0
85,Kendall Milton,CIN,RB,9,LV,0,0,,0,0,0,0,0,0,0,0
86,Trayveon Williams,CIN,RB,9,LV,0,0,,0,0,0,0,0,0,0,0
87,Tyler Goodson,IND,RB,9,MIN,0,0,,0,0,0,0,0,0,0,0
88,Ty Chandler,MIN,RB,9,IND,0,0,,0,0,0,0,0,0,0,0
89,Craig Reynolds,DET,RB,9,GB,0,0,,0,0,0,0,0,0,0,0
90,Will Shipley,PHI,RB,9,JAX,0,0,,0,0,0,0,0,0,0,0
91,Kenny McIntosh,SEA,RB,9,LAR,0,0,,0,0,0,0,0,0,0,0
92,Ronnie Rivers,LAR,RB,9,SEA,0,0,,0,0,0,0,0,0,0,0
93,Hassan Haskins,LAC,RB,9,CLE,0,0,,0,0,0,0,0,0,0,0
94,Scott Matlock,LAC,FB,9,CLE,0,0,,0,0,0,0,0,0,0,0
95,Michael Burton,DEN,FB,9,BAL,2,-1,-0.5,0,0,0,0,0,0,0,-0.1
96,Dare Ogunbowale,HOU,RB,9,NYJ,1,-1,-1,0,3,0,0,0,0,0,-0.1
97,Blake Corum,LAR,RB,9,SEA,1,-1,-1,0,0,0,0,0,0,0,-0.1
1,Bijan Robinson,ATL,RB,10,NO,20,116,5.8,2,4,3,28,0,0,0,29.4
2,Chuba Hubbard,CAR,RB,10,NYG,28,153,5.5,1,6,4,16,0,1,1,24.9
3,Chase Brown,CIN,RB,10,BAL,13,42,3.2,1,11,9,52,0,1,1,22.4
4,James Conner,ARI,RB,10,NYJ,12,33,2.8,1,5,5,80,0,0,0,22.3
5,Rachaad White,TB,RB,10,SF,10,31,3.1,0,7,6,39,1,0,0,19
6,Austin Ekeler,WAS,RB,10,PIT,13,44,3.4,2,2,1,7,0,0,0,18.1
7,Bucky Irving,TB,RB,10,SF,13,73,5.6,1,3,3,14,0,0,0,17.7
8,Kareem Hunt,KC,RB,10,DEN,14,35,2.5,0,10,7,65,0,0,0,17
9,Joe Mixon,HOU,RB,10,DET,25,46,1.8,1,4,2,44,0,0,0,17
10,Christian McCaffrey,SF,RB,10,TB,13,39,3,0,7,6,68,0,0,0,16.7
11,Alvin Kamara,NO,RB,10,ATL,17,55,3.2,0,6,5,54,0,0,0,15.9
12,James Cook,BUF,RB,10,IND,19,80,4.2,1,3,1,5,0,0,0,15.5
13,Tyrone Tracy Jr.,NYG,RB,10,CAR,18,103,5.7,1,2,1,1,0,2,1,15.4
14,Jonathan Taylor,IND,RB,10,BUF,21,114,5.4,0,4,2,8,0,0,0,14.2
15,Derrick Henry,BAL,RB,10,CIN,16,68,4.2,1,1,1,3,0,0,0,14.1
16,Jahmyr Gibbs,DET,RB,10,HOU,19,71,3.7,0,3,2,37,0,0,0,12.8
17,David Montgomery,DET,RB,10,HOU,12,32,2.7,1,2,1,24,0,1,0,12.6
18,Breece Hall,NYJ,RB,10,ARI,10,52,5.2,0,4,4,31,0,0,0,12.3
19,Aaron Jones,MIN,RB,10,JAX,17,88,5.2,0,3,2,13,0,0,0,12.1
20,Najee Harris,PIT,RB,10,WAS,21,53,2.5,1,0,0,0,0,0,0,11.3
21,Kyren Williams,LAR,RB,10,MIA,15,62,4.1,0,6,5,20,0,1,1,11.2
22,Trey Benson,ARI,RB,10,NYJ,10,62,6.2,0,2,2,25,0,0,0,10.7
23,Tony Pollard,TEN,RB,10,LAC,9,44,4.9,0,4,4,19,0,0,0,10.3
24,De'Von Achane,MIA,RB,10,LAR,12,37,3.1,0,5,5,15,0,0,0,10.2
25,Jaylen Warren,PIT,RB,10,WAS,14,66,4.7,0,2,2,29,0,1,1,9.5
26,Tyler Goodson,IND,RB,10,BUF,0,0,,0,3,2,9,1,0,0,8.9
27,Saquon Barkley,PHI,RB,10,DAL,14,66,4.7,0,1,1,12,0,0,0,8.8
28,Rhamondre Stevenson,NE,RB,10,CHI,20,74,3.7,0,1,1,3,0,0,0,8.7
29,Rico Dowdle,DAL,RB,10,PHI,12,53,4.4,0,3,3,3,0,0,0,8.6
30,J.K. Dobbins,LAC,RB,10,TEN,15,50,3.3,0,3,3,5,0,0,0,8.5
31,Tyjae Spears,TEN,RB,10,LAC,7,47,6.7,0,3,3,4,0,0,0,8.1
32,D'Andre Swift,CHI,RB,10,NE,16,59,3.7,0,1,1,6,0,0,0,7.5
33,Jeremy McNichols,WAS,RB,10,PIT,4,7,1.8,1,0,0,0,0,0,0,6.7
34,Hassan Haskins,LAC,RB,10,TEN,2,4,2,1,0,0,0,0,0,0,6.4
35,Ty Johnson,BUF,RB,10,IND,0,0,,0,3,3,32,0,0,0,6.2
36,Tyler Allgeier,ATL,RB,10,NO,11,59,5.4,0,0,0,0,0,0,0,5.9
37,Samaje Perine,KC,RB,10,DEN,0,0,,0,2,2,37,0,0,0,5.7
38,Cam Akers,MIN,RB,10,JAX,13,38,2.9,0,1,1,9,0,0,0,5.7
39,Gus Edwards,LAC,RB,10,TEN,10,55,5.5,0,0,0,0,0,0,0,5.5
40,Devin Singletary,NYG,RB,10,CAR,8,40,5,0,1,1,5,0,0,0,5.5
41,Raheem Mostert,MIA,RB,10,LAR,0,0,,0,3,2,34,0,0,0,5.4
42,Travis Etienne Jr.,JAX,RB,10,MIN,11,44,4,0,1,1,-1,0,0,0,5.3
43,Audric Estime,DEN,RB,10,KC,14,53,3.8,0,0,0,0,0,0,0,5.3
44,Kenneth Gainwell,PHI,RB,10,DAL,7,30,4.3,0,1,1,9,0,0,0,4.9
45,Braelon Allen,NYJ,RB,10,ARI,7,27,3.9,0,1,1,7,0,0,0,4.4
46,JaMycal Hasty,NE,RB,10,CHI,6,20,3.3,0,1,1,4,0,0,0,3.4
47,Will Shipley,PHI,RB,10,DAL,9,34,3.8,0,0,0,0,0,0,0,3.4
48,Javonte Williams,DEN,RB,10,KC,1,1,1,0,2,2,6,0,0,0,2.7
49,Antonio Gibson,NE,RB,10,CHI,5,26,5.2,0,0,0,0,0,0,0,2.6
50,Blake Corum,LAR,RB,10,MIA,2,8,4,0,1,1,7,0,0,0,2.5
51,Jordan Mims,NO,RB,10,ATL,2,10,5,0,2,1,4,0,0,0,2.4
52,Emari Demercado,ARI,RB,10,NYJ,3,22,7.3,0,0,0,0,0,0,0,2.2
53,Isaiah Davis,NYJ,RB,10,ARI,0,0,,0,1,1,10,0,0,0,2
54,Justice Hill,BAL,RB,10,CIN,2,-2,-1,0,2,2,0,0,0,0,1.8
55,Ty Chandler,MIN,RB,10,JAX,4,18,4.5,0,0,0,0,0,0,0,1.8
56,Trey Sermon,IND,RB,10,BUF,0,0,,0,1,1,4,0,0,0,1.4
57,Cordarrelle Patterson,PIT,RB,10,WAS,3,14,4.7,0,0,0,0,0,0,0,1.4
58,Jaleel McLaughlin,DEN,RB,10,KC,2,12,6,0,0,0,0,0,0,0,1.2
59,Roschon Johnson,CHI,RB,10,NE,1,-4,-4,0,2,1,5,0,0,0,1.1
60,Dare Ogunbowale,HOU,RB,10,DET,1,11,11,0,0,0,0,0,0,0,1.1
61,DeeJay Dallas,ARI,RB,10,NYJ,3,10,3.3,0,0,0,0,0,0,0,1
62,Ray Davis,BUF,RB,10,IND,3,6,2,0,0,0,0,0,0,0,0.6
63,Miles Sanders,CAR,RB,10,NYG,2,5,2.5,0,0,0,0,0,0,0,0.5
64,Jordan Mason,SF,RB,10,TB,1,5,5,0,0,0,0,0,0,0,0.5
65,Chris Rodriguez Jr.,WAS,RB,10,PIT,2,4,2,0,0,0,0,0,0,0,0.4
66,Tank Bigsby,JAX,RB,10,MIN,2,4,2,0,0,0,0,0,0,0,0.4
67,Jaylen Wright,MIA,RB,10,LAR,5,3,0.6,0,0,0,0,0,0,0,0.3
68,Carson Steele,KC,FB,10,DEN,2,3,1.5,0,0,0,0,0,0,0,0.3
69,Ezekiel Elliott,DAL,RB,10,PHI,6,22,3.7,0,0,0,0,0,1,1,0.2
70,C.J. Ham,MIN,FB,10,JAX,0,0,,0,0,0,0,0,0,0,0
71,Hunter Luepke,DAL,RB,10,PHI,0,0,,0,1,0,0,0,0,0,0
72,D'Ernest Johnson,JAX,RB,10,MIN,0,0,,0,0,0,0,0,0,0,0
73,J.J. Taylor,HOU,RB,10,DET,0,0,,0,0,0,0,0,0,0,0
74,Sione Vaki,DET,RB,10,HOU,0,0,,0,0,0,0,0,0,0,0
75,Khalil Herbert,CIN,RB,10,BAL,0,0,,0,0,0,0,0,0,0,0
76,Scott Matlock,LAC,FB,10,TEN,0,0,,0,0,0,0,0,0,0,0
77,Michael Burton,DEN,FB,10,KC,0,0,,0,0,0,0,0,0,0,0
78,Julius Chestnut,TEN,RB,10,LAC,0,0,,0,0,0,0,0,0,0,0
79,Craig Reynolds,DET,RB,10,HOU,0,0,,0,0,0,0,0,0,0,0
80,Adam Prentice,NO,FB,10,ATL,0,0,,0,0,0,0,0,0,0,0
81,Avery Williams,ATL,RB,10,NO,0,0,,0,0,0,0,0,0,0,0
82,Kyle Juszczyk,SF,FB,10,TB,0,0,,0,0,0,0,0,0,0,0
83,Trayveon Williams,CIN,RB,10,BAL,0,0,,0,0,0,0,0,0,0,0
84,Travis Homer,CHI,RB,10,NE,0,0,,0,0,0,0,0,0,0,0
85,Isaac Guerendo,SF,RB,10,TB,1,0,0,0,0,0,0,0,0,0,0
86,Sean Tucker,TB,RB,10,SF,0,0,,0,0,0,0,0,0,0,0
87,Keaton Mitchell,BAL,RB,10,CIN,0,0,,0,0,0,0,0,0,0,0
88,Eric Gray,NYG,RB,10,CAR,0,0,,0,0,0,0,0,0,0,0
89,Raheem Blackshear,CAR,RB,10,NYG,0,0,,0,0,0,0,0,1,0,0
90,Patrick Ricard,BAL,FB,10,CIN,0,0,,0,0,0,0,0,0,0,0
91,Ronnie Rivers,LAR,RB,10,MIA,0,0,,0,0,0,0,0,0,0,0
1,Joe Mixon,HOU,RB,11,DAL,20,109,5.5,3,4,2,44,0,0,0,35.3
2,Saquon Barkley,PHI,RB,11,WAS,26,146,5.6,2,3,2,52,0,0,0,33.8
3,Breece Hall,NYJ,RB,11,IND,16,78,4.9,1,7,7,43,1,0,0,31.1
4,David Montgomery,DET,RB,11,JAX,15,75,5,2,3,3,20,0,0,0,24.5
5,Josh Jacobs,GB,RB,11,CHI,18,76,4.2,1,5,4,58,0,0,0,23.4
6,De'Von Achane,MIA,RB,11,LV,17,73,4.3,1,4,4,32,0,0,0,20.5
7,James Cook,BUF,RB,11,KC,9,20,2.2,2,6,5,7,0,0,0,19.7
8,Jahmyr Gibbs,DET,RB,11,JAX,11,69,6.3,1,1,1,54,0,0,0,19.3
9,Chase Brown,CIN,RB,11,LAC,22,86,3.9,0,7,5,57,0,0,0,19.3
10,J.K. Dobbins,LAC,RB,11,CIN,11,56,5.1,2,1,1,3,0,0,0,18.9
11,Javonte Williams,DEN,RB,11,ATL,9,59,6.6,1,5,4,28,0,0,0,18.7
12,Austin Ekeler,WAS,RB,11,PHI,2,7,3.5,0,9,8,89,0,1,0,17.6
13,D'Andre Swift,CHI,RB,11,GB,14,71,5.1,1,2,2,13,0,0,0,16.4
14,Christian McCaffrey,SF,RB,11,SEA,19,79,4.2,0,5,4,27,0,0,0,14.6
15,Brian Robinson Jr.,WAS,RB,11,PHI,16,63,3.9,1,1,1,9,0,0,0,14.2
16,Kenneth Walker III,SEA,RB,11,SF,14,54,3.9,1,2,2,5,0,0,0,13.9
17,Najee Harris,PIT,RB,11,BAL,18,63,3.5,0,5,4,30,0,0,0,13.3
18,Alvin Kamara,NO,RB,11,CLE,16,67,4.2,0,4,4,22,0,0,0,12.9
19,Rhamondre Stevenson,NE,RB,11,LAR,20,73,3.6,0,4,4,16,0,1,0,12.9
20,Cam Akers,MIN,RB,11,TEN,10,25,2.5,0,2,2,11,1,0,0,11.6
21,Roschon Johnson,CHI,RB,11,GB,10,33,3.3,1,1,1,8,0,0,0,11.1
22,Jaylen Warren,PIT,RB,11,BAL,9,41,4.6,0,4,4,27,0,0,0,10.8
23,Ameer Abdullah,LV,RB,11,MIA,1,1,1,0,3,3,16,1,0,0,10.7
24,Derrick Henry,BAL,RB,11,PIT,13,65,5,1,0,0,0,0,1,1,10.5
25,Bijan Robinson,ATL,RB,11,DEN,12,35,2.9,0,4,4,28,0,0,0,10.3
26,Alexander Mattison,LV,RB,11,MIA,5,19,3.8,0,3,3,50,0,0,0,9.9
27,Kyren Williams,LAR,RB,11,NE,15,86,5.7,0,0,0,0,0,0,0,8.6
28,Justice Hill,BAL,RB,11,PIT,2,13,6.5,0,7,4,28,0,0,0,8.1
29,Jerome Ford,CLE,RB,11,NO,5,10,2,0,4,4,29,0,0,0,7.9
30,Jonathan Taylor,IND,RB,11,NYJ,24,57,2.4,0,2,1,3,0,0,0,7
31,Travis Etienne Jr.,JAX,RB,11,DET,12,27,2.2,0,3,3,6,0,0,0,6.3
32,Kareem Hunt,KC,RB,11,BUF,14,60,4.3,0,0,0,0,0,0,0,6
33,Kenneth Gainwell,PHI,RB,11,WAS,4,43,10.8,0,1,1,6,0,0,0,5.9
34,Audric Estime,DEN,RB,11,ATL,6,16,2.7,0,3,3,9,0,0,0,5.5
35,Rico Dowdle,DAL,RB,11,HOU,10,28,2.8,0,5,2,6,0,0,0,5.4
36,Ezekiel Elliott,DAL,RB,11,HOU,1,8,8,0,3,3,16,0,0,0,5.4
37,Aaron Jones,MIN,RB,11,TEN,15,39,2.6,0,1,1,4,0,1,0,5.3
38,Nick Chubb,CLE,RB,11,NO,11,50,4.5,0,0,0,0,0,0,0,5
39,Tony Pollard,TEN,RB,11,MIN,9,15,1.7,0,4,2,14,0,0,0,4.9
40,Blake Corum,LAR,RB,11,NE,5,21,4.2,0,1,1,7,0,0,0,3.8
41,Chris Brooks,GB,RB,11,CHI,0,0,,0,2,2,13,0,0,0,3.3
42,Kyle Juszczyk,SF,FB,11,SEA,0,0,,0,2,2,12,0,0,0,3.2
43,Antonio Gibson,NE,RB,11,LAR,4,18,4.5,0,1,1,2,0,0,0,3
44,Samaje Perine,KC,RB,11,BUF,0,0,,0,4,2,8,0,0,0,2.8
45,Tyjae Spears,TEN,RB,11,MIN,3,0,0,0,3,2,8,0,0,0,2.8
46,Gus Edwards,LAC,RB,11,CIN,6,27,4.5,0,0,0,0,0,0,0,2.7
47,Deuce Vaughn,DAL,RB,11,HOU,4,13,3.2,0,2,1,4,0,0,0,2.7
48,Zach Charbonnet,SEA,RB,11,SF,4,3,0.8,0,2,2,2,0,0,0,2.5
49,Dare Ogunbowale,HOU,RB,11,DAL,0,0,,0,1,1,11,0,0,0,2.1
50,Craig Reynolds,DET,RB,11,JAX,2,21,10.5,0,0,0,0,0,0,0,2.1
51,Jaleel McLaughlin,DEN,RB,11,ATL,4,19,4.8,0,0,0,0,0,0,0,1.9
52,Ty Johnson,BUF,RB,11,KC,5,18,3.6,0,1,0,0,0,0,0,1.8
53,Emanuel Wilson,GB,RB,11,CHI,2,17,8.5,0,0,0,0,0,0,0,1.7
54,Carson Steele,KC,FB,11,BUF,1,2,2,0,1,1,5,0,0,0,1.7
55,Jaylen Wright,MIA,RB,11,LV,5,4,0.8,0,1,1,2,0,0,0,1.6
56,Jeremy McNichols,WAS,RB,11,PHI,3,5,1.7,0,1,1,1,0,0,0,1.6
57,Patrick Ricard,BAL,FB,11,PIT,0,0,,0,1,1,5,0,0,0,1.5
58,Jase McClellan,ATL,RB,11,DEN,8,15,1.9,0,0,0,0,0,0,0,1.5
59,Jordan Mason,SF,RB,11,SEA,2,13,6.5,0,0,0,0,0,0,0,1.3
60,Trey Sermon,IND,RB,11,NYJ,0,0,,0,1,1,3,0,0,0,1.3
61,Ray Davis,BUF,RB,11,KC,5,11,2.2,0,0,0,0,0,0,0,1.1
62,Michael Burton,DEN,FB,11,ATL,2,2,1,0,1,1,-2,0,0,0,1
63,Cordarrelle Patterson,PIT,RB,11,BAL,1,0,0,0,1,1,0,0,0,0,1
64,Sione Vaki,DET,RB,11,JAX,5,9,1.8,0,0,0,0,0,0,0,0.9
65,Tyler Allgeier,ATL,RB,11,DEN,0,0,,0,1,1,-1,0,0,0,0.9
66,Zamir White,LV,RB,11,MIA,5,9,1.8,0,0,0,0,0,0,0,0.9
67,Braelon Allen,NYJ,RB,11,IND,2,6,3,0,0,0,0,0,0,0,0.6
68,Pierre Strong Jr.,CLE,RB,11,NO,2,5,2.5,0,0,0,0,0,0,0,0.5
69,D'Ernest Johnson,JAX,RB,11,DET,2,3,1.5,0,0,0,0,0,0,0,0.3
70,Jordan Mims,NO,RB,11,CLE,2,3,1.5,0,0,0,0,0,0,0,0.3
71,Dameon Pierce,HOU,RB,11,DAL,1,2,2,0,0,0,0,0,0,0,0.2
72,JaMycal Hasty,NE,RB,11,LAR,2,2,1,0,0,0,0,0,0,0,0.2
73,Hassan Haskins,LAC,RB,11,CIN,2,1,0.5,0,0,0,0,0,0,0,0.1
74,Keaton Mitchell,BAL,RB,11,PIT,0,0,,0,0,0,0,0,0,0,0
75,Scott Matlock,LAC,FB,11,CIN,0,0,,0,0,0,0,0,0,0,0
76,Khalil Herbert,CIN,RB,11,LAC,0,0,,0,0,0,0,0,0,0,0
77,Isaiah Davis,NYJ,RB,11,IND,0,0,,0,0,0,0,0,0,0,0
78,Tyler Goodson,IND,RB,11,NYJ,0,0,,0,0,0,0,0,0,0,0
79,Will Shipley,PHI,RB,11,WAS,0,0,,0,0,0,0,0,0,0,0
80,Reggie Gilliam,BUF,FB,11,KC,0,0,,0,0,0,0,0,0,0,0
81,Travis Homer,CHI,RB,11,GB,0,0,,0,0,0,0,0,0,0,0
82,Adam Prentice,NO,FB,11,CLE,0,0,,0,0,0,0,0,0,0,0
83,Trayveon Williams,CIN,RB,11,LAC,0,0,,0,0,0,0,0,0,0,0
84,C.J. Ham,MIN,FB,11,TEN,0,0,,0,0,0,0,0,0,0,0
85,Kenny McIntosh,SEA,RB,11,SF,0,0,,0,0,0,0,0,0,0,0
86,Julius Chestnut,TEN,RB,11,MIN,0,0,,0,0,0,0,0,0,0,0
87,Ronnie Rivers,LAR,RB,11,NE,0,0,,0,0,0,0,0,0,0,0
88,Isaac Guerendo,SF,RB,11,SEA,0,0,,0,0,0,0,0,0,0,0
89,Avery Williams,ATL,RB,11,DEN,0,0,,0,0,0,0,0,0,0,0
90,Ty Chandler,MIN,RB,11,TEN,0,0,,0,0,0,0,0,0,0,0
91,Raheem Mostert,MIA,RB,11,LV,3,-2,-0.7,0,0,0,0,0,0,0,-0.2
1,Saquon Barkley,PHI,RB,12,LAR,26,255,9.8,2,4,4,47,0,0,0,46.2
2,Josh Jacobs,GB,RB,12,SF,26,106,4.1,3,1,0,0,0,0,0,28.6
3,Bucky Irving,TB,RB,12,NYG,12,87,7.2,1,6,6,64,0,1,0,27.1
4,Jahmyr Gibbs,DET,RB,12,IND,21,90,4.3,2,3,3,9,0,0,0,24.9
5,Tony Pollard,TEN,RB,12,HOU,24,119,5,1,5,3,10,0,0,0,21.9
6,De'Von Achane,MIA,RB,12,NE,10,32,3.2,0,4,3,24,2,0,0,20.6
7,Aaron Jones,MIN,RB,12,CHI,22,106,4.8,1,4,3,23,0,1,1,19.9
8,Nick Chubb,CLE,RB,12,PIT,20,59,3,2,1,1,1,0,0,0,19
9,Ameer Abdullah,LV,RB,12,DEN,8,28,3.5,0,6,5,37,1,0,0,17.5
10,David Montgomery,DET,RB,12,IND,8,37,4.6,1,3,3,36,0,0,0,16.3
11,Jaylen Warren,PIT,RB,12,CLE,11,45,4.1,1,5,3,19,0,0,0,15.4
12,Chuba Hubbard,CAR,RB,12,KC,16,58,3.6,1,5,1,2,0,0,0,15
13,Justice Hill,BAL,RB,12,LAC,4,55,13.8,1,2,2,7,0,0,0,14.2
14,Derrick Henry,BAL,RB,12,LAC,24,140,5.8,0,0,0,0,0,0,0,14
15,Kenneth Walker III,SEA,RB,12,ARI,16,41,2.6,0,6,4,52,0,0,0,13.3
16,Kareem Hunt,KC,RB,12,CAR,16,68,4.2,0,4,3,19,0,0,0,11.7
17,Rachaad White,TB,RB,12,NYG,12,37,3.1,1,1,1,10,0,0,0,11.7
18,Kyren Williams,LAR,RB,12,PHI,16,72,4.5,1,0,0,0,0,2,1,11.2
19,Rico Dowdle,DAL,RB,12,WAS,19,86,4.5,0,3,3,12,0,1,1,10.8
20,James Conner,ARI,RB,12,SEA,7,8,1.1,0,5,5,41,0,0,0,9.9
21,D'Andre Swift,CHI,RB,12,MIN,13,30,2.3,0,4,3,35,0,0,0,9.5
22,Joe Mixon,HOU,RB,12,TEN,14,22,1.6,0,6,5,23,0,0,0,9.5
23,Devin Singletary,NYG,RB,12,TB,2,3,1.5,1,2,2,7,0,0,0,9
24,Tyrone Tracy Jr.,NYG,RB,12,TB,9,42,4.7,0,4,4,28,0,1,1,9
25,J.K. Dobbins,LAC,RB,12,BAL,6,40,6.7,0,5,3,19,0,0,0,8.9
26,Roschon Johnson,CHI,RB,12,MIN,2,2,1,1,1,1,10,0,0,0,8.2
27,Kenneth Gainwell,PHI,RB,12,LAR,5,22,4.4,1,0,0,0,0,0,0,8.2
28,Sean Tucker,TB,RB,12,NYG,4,3,0.8,1,1,1,7,0,1,0,8
29,Christian McCaffrey,SF,RB,12,GB,11,31,2.8,0,4,3,37,0,1,1,7.8
30,Najee Harris,PIT,RB,12,CLE,16,41,2.6,0,2,2,13,0,0,0,7.4
31,Gus Edwards,LAC,RB,12,BAL,9,11,1.2,1,1,0,0,0,0,0,7.1
32,Antonio Gibson,NE,RB,12,MIA,6,31,5.2,0,2,1,14,0,0,0,5.5
33,Austin Ekeler,WAS,RB,12,DAL,9,22,2.4,0,3,2,2,0,1,0,4.4
34,Jaleel McLaughlin,DEN,RB,12,LV,7,44,6.3,0,1,0,0,0,0,0,4.4
35,Samaje Perine,KC,RB,12,CAR,1,13,13,0,2,2,11,0,0,0,4.4
36,Emanuel Wilson,GB,RB,12,SF,9,41,4.6,0,0,0,0,0,0,0,4.1
37,Jerome Ford,CLE,RB,12,PIT,4,19,4.8,0,1,1,8,0,0,0,3.7
38,Chris Brooks,GB,RB,12,SF,4,11,2.8,0,1,1,15,0,0,0,3.6
39,Jonathan Taylor,IND,RB,12,DET,11,35,3.2,0,0,0,0,0,1,0,3.5
40,JaMycal Hasty,NE,RB,12,MIA,1,15,15,0,2,2,0,0,0,0,3.5
41,Cam Akers,MIN,RB,12,CHI,3,19,6.3,0,1,1,6,0,0,0,3.5
42,Brian Robinson Jr.,WAS,RB,12,DAL,5,13,2.6,0,2,1,11,0,0,0,3.4
43,Rhamondre Stevenson,NE,RB,12,MIA,8,13,1.6,0,2,0,0,0,0,0,3.3
44,Sincere McCormick,LV,RB,12,DEN,5,33,6.6,0,0,0,0,0,0,0,3.3
45,Eric Gray,NYG,RB,12,TB,1,-1,-1,0,2,2,7,0,0,0,2.6
46,Javonte Williams,DEN,RB,12,LV,8,-2,-0.2,0,4,2,6,0,0,0,2.4
47,Kyle Juszczyk,SF,FB,12,GB,0,0,,0,1,1,14,0,0,0,2.4
48,Jordan Mason,SF,RB,12,GB,3,8,2.7,0,2,1,5,0,1,0,2.3
49,Carson Steele,KC,FB,12,CAR,1,4,4,0,2,1,9,0,0,0,2.3
50,Zach Charbonnet,SEA,RB,12,ARI,6,22,3.7,0,0,0,0,0,0,0,2.2
51,Jeremy McNichols,WAS,RB,12,DAL,3,22,7.3,0,0,0,0,0,0,0,2.2
52,Michael Burton,DEN,FB,12,LV,1,3,3,0,1,1,8,0,0,0,2.1
53,Hunter Luepke,DAL,RB,12,WAS,0,0,,0,1,1,10,0,0,0,2
54,Trey Benson,ARI,RB,12,SEA,4,18,4.5,0,0,0,0,0,0,0,1.8
55,Audric Estime,DEN,RB,12,LV,3,15,5,0,0,0,0,0,0,0,1.5
56,Julius Chestnut,TEN,RB,12,HOU,1,3,3,0,1,1,2,0,0,0,1.5
57,Emari Demercado,ARI,RB,12,SEA,1,14,14,0,0,0,0,0,0,0,1.4
58,Raheem Mostert,MIA,RB,12,NE,2,5,2.5,0,1,1,-3,0,0,0,1.2
59,Jaylen Wright,MIA,RB,12,NE,7,28,4,0,1,0,0,0,1,1,0.8
60,Jonathon Brooks,CAR,RB,12,KC,2,7,3.5,0,0,0,0,0,0,0,0.7
61,Ezekiel Elliott,DAL,RB,12,WAS,3,6,2,0,0,0,0,0,0,0,0.6
62,Craig Reynolds,DET,RB,12,IND,1,6,6,0,0,0,0,0,0,0,0.6
63,Blake Corum,LAR,RB,12,PHI,1,5,5,0,0,0,0,0,0,0,0.5
64,Hassan Haskins,LAC,RB,12,BAL,1,3,3,0,0,0,0,0,0,0,0.3
65,Scott Matlock,LAC,FB,12,BAL,0,0,,0,0,0,0,0,0,0,0
66,Dare Ogunbowale,HOU,RB,12,TEN,0,0,,0,0,0,0,0,0,0,0
67,Joshua Kelley,TEN,RB,12,HOU,0,0,,0,0,0,0,0,0,0,0
68,Alec Ingold,MIA,FB,12,NE,0,0,,0,0,0,0,0,0,0,0
69,Tyler Goodson,IND,RB,12,DET,0,0,,0,0,0,0,0,0,0,0
70,Sione Vaki,DET,RB,12,IND,0,0,,0,0,0,0,0,0,0,0
71,Trey Sermon,IND,RB,12,DET,0,0,,0,0,0,0,0,0,0,0
72,Pierre Strong Jr.,CLE,RB,12,PIT,0,0,,0,0,0,0,0,0,0,0
73,Raheem Blackshear,CAR,RB,12,KC,0,0,,0,0,0,0,0,0,0,0
74,Travis Homer,CHI,RB,12,MIN,0,0,,0,0,0,0,0,0,0,0
75,Ty Chandler,MIN,RB,12,CHI,0,0,,0,0,0,0,0,0,0,0
76,C.J. Ham,MIN,FB,12,CHI,0,0,,0,1,0,0,0,0,0,0
77,Dameon Pierce,HOU,RB,12,TEN,0,0,,0,0,0,0,0,0,0,0
78,Keaton Mitchell,BAL,RB,12,LAC,0,0,,0,0,0,0,0,0,0,0
79,Patrick Ricard,BAL,FB,12,LAC,0,0,,0,0,0,0,0,0,0,0
80,Ronnie Rivers,LAR,RB,12,PHI,0,0,,0,0,0,0,0,0,0,0
81,Will Shipley,PHI,RB,12,LAR,0,0,,0,0,0,0,0,0,0,0
82,Dylan Laube,LV,RB,12,DEN,0,0,,0,0,0,0,0,0,0,0
83,Isaac Guerendo,SF,RB,12,GB,0,0,,0,0,0,0,0,1,0,0
84,DeeJay Dallas,ARI,RB,12,SEA,0,0,,0,0,0,0,0,0,0,0
85,Kenny McIntosh,SEA,RB,12,ARI,0,0,,0,0,0,0,0,0,0,0
86,Cordarrelle Patterson,PIT,RB,12,CLE,1,-2,-2,0,0,0,0,0,0,0,-0.2
1,Bucky Irving,TB,RB,13,CAR,25,152,6.1,1,3,3,33,0,0,0,27.5
2,Bijan Robinson,ATL,RB,13,LAC,26,102,3.9,1,6,6,33,0,0,0,25.5
3,Najee Harris,PIT,RB,13,CIN,16,75,4.7,1,6,6,54,0,0,0,24.9
4,Joe Mixon,HOU,RB,13,JAX,20,101,5,1,6,4,18,0,0,0,21.9
5,Josh Jacobs,GB,RB,13,MIA,19,43,2.3,1,4,4,74,0,0,0,21.7
6,Rico Dowdle,DAL,RB,13,NYG,22,112,5.1,1,3,3,11,0,0,0,21.3
7,De'Von Achane,MIA,RB,13,GB,7,14,2,0,9,8,56,1,0,0,21
8,Saquon Barkley,PHI,RB,13,BAL,23,107,4.7,1,4,2,10,0,1,0,19.7
9,James Cook,BUF,RB,13,SF,14,107,7.6,1,1,1,13,0,0,0,19
10,Chase Brown,CIN,RB,13,PIT,12,70,5.8,1,3,3,30,0,0,0,19
11,Kyren Williams,LAR,RB,13,NO,15,104,6.9,1,1,1,9,0,0,0,18.3
12,Brian Robinson Jr.,WAS,RB,13,TEN,16,103,6.4,1,1,1,6,0,0,0,17.9
13,Jonathan Taylor,IND,RB,13,NE,25,96,3.8,0,1,1,7,1,0,0,17.3
14,Alvin Kamara,NO,RB,13,LAR,23,112,4.9,0,6,4,7,0,0,0,15.9
15,David Montgomery,DET,RB,13,CHI,21,88,4.2,0,3,3,36,0,0,0,15.4
16,Chris Rodriguez Jr.,WAS,RB,13,TEN,13,94,7.2,1,0,0,0,0,0,0,15.4
17,Tyrone Tracy Jr.,NYG,RB,13,DAL,9,32,3.6,1,3,2,33,0,0,0,14.5
18,Derrick Henry,BAL,RB,13,PHI,19,82,4.3,0,3,3,29,0,0,0,14.1
19,Ray Davis,BUF,RB,13,SF,11,63,5.7,1,1,1,4,0,0,0,13.7
20,Nick Chubb,CLE,RB,13,DEN,9,21,2.3,0,2,2,24,1,0,0,12.5
21,Rhamondre Stevenson,NE,RB,13,IND,18,73,4.1,0,3,3,21,0,1,0,12.4
22,Isaiah Davis,NYJ,RB,13,SEA,1,4,4,0,3,3,28,1,0,0,12.2
23,Antonio Gibson,NE,RB,13,IND,7,62,8.9,1,0,0,0,0,0,0,12.2
24,Zach Charbonnet,SEA,RB,13,NYJ,4,28,7,1,3,2,13,0,0,0,12.1
25,James Conner,ARI,RB,13,MIN,17,68,4,0,4,3,13,0,0,0,11.1
26,Jaylen Warren,PIT,RB,13,CIN,3,9,3,0,4,4,55,0,0,0,10.4
27,Jahmyr Gibbs,DET,RB,13,CHI,9,87,9.7,0,4,2,17,0,1,1,10.4
28,Aaron Jones,MIN,RB,13,ARI,5,22,4.4,0,4,3,6,1,2,1,9.8
29,Jaleel McLaughlin,DEN,RB,13,CLE,14,84,6,0,2,1,0,0,0,0,9.4
30,D'Andre Swift,CHI,RB,13,DET,11,39,3.5,0,3,2,35,0,0,0,9.4
31,Rachaad White,TB,RB,13,CAR,11,76,6.9,0,1,1,2,0,0,0,8.8
32,Tony Pollard,TEN,RB,13,WAS,8,35,4.4,0,6,4,33,0,1,1,8.8
33,Travis Etienne Jr.,JAX,RB,13,HOU,13,46,3.5,0,3,3,12,0,0,0,8.8
34,Christian McCaffrey,SF,RB,13,BUF,7,53,7.6,0,3,2,14,0,0,0,8.7
35,Isaac Guerendo,SF,RB,13,BUF,4,19,4.8,1,1,1,-3,0,0,0,8.6
36,Sincere McCormick,LV,RB,13,KC,12,64,5.3,0,2,2,1,0,0,0,8.5
37,Cordarrelle Patterson,PIT,RB,13,CIN,3,16,5.3,0,3,3,37,0,0,0,8.3
38,Jordan Mason,SF,RB,13,BUF,13,78,6,0,0,0,0,0,0,0,7.8
39,Javonte Williams,DEN,RB,13,CLE,4,1,0.2,1,2,1,3,0,0,0,7.4
40,Ameer Abdullah,LV,RB,13,KC,10,39,3.9,0,2,2,14,0,0,0,7.3
41,Jerome Ford,CLE,RB,13,DEN,9,41,4.6,0,1,1,21,0,0,0,7.2
42,Jonathon Brooks,CAR,RB,13,TB,6,18,3,0,3,3,23,0,0,0,7.1
43,Kenneth Walker III,SEA,RB,13,NYJ,16,49,3.1,0,3,2,-3,0,1,0,6.6
44,Michael Burton,DEN,FB,13,CLE,1,1,1,1,0,0,0,0,0,0,6.1
45,Justice Hill,BAL,RB,13,PHI,3,6,2,0,6,4,15,0,0,0,6.1
46,Breece Hall,NYJ,RB,13,SEA,12,60,5,0,1,0,0,0,2,1,6
47,Isiah Pacheco,KC,RB,13,LV,7,44,6.3,0,1,1,5,0,0,0,5.9
48,Raheem Mostert,MIA,RB,13,GB,5,19,3.8,0,3,2,15,0,0,0,5.4
49,Chris Brooks,GB,RB,13,MIA,3,28,9.3,0,2,2,1,0,0,0,4.9
50,Braelon Allen,NYJ,RB,13,SEA,5,11,2.2,0,2,2,16,0,0,0,4.7
51,Ty Johnson,BUF,RB,13,SF,5,28,5.6,0,1,1,9,0,0,0,4.7
52,Tank Bigsby,JAX,RB,13,HOU,7,28,4,0,1,1,7,0,0,0,4.5
53,Gus Edwards,LAC,RB,13,ATL,6,32,5.3,0,1,1,1,0,0,0,4.3
54,Blake Corum,LAR,RB,13,NO,8,42,5.2,0,0,0,0,0,0,0,4.2
55,Kareem Hunt,KC,RB,13,LV,7,15,2.1,0,4,2,0,0,0,0,3.5
56,Alec Ingold,MIA,FB,13,GB,0,0,,0,2,2,15,0,0,0,3.5
57,Jeremy McNichols,WAS,RB,13,TEN,6,32,5.3,0,0,0,0,0,0,0,3.2
58,Tyler Allgeier,ATL,RB,13,LAC,8,16,2,0,1,1,6,0,0,0,3.2
59,Emari Demercado,ARI,RB,13,MIN,3,12,4,0,2,1,3,0,0,0,2.5
60,Samaje Perine,KC,RB,13,LV,0,0,,0,1,1,15,0,0,0,2.5
61,Devin Singletary,NYG,RB,13,DAL,7,23,3.3,0,1,0,0,0,0,0,2.3
62,Chuba Hubbard,CAR,RB,13,TB,12,43,3.6,0,0,0,0,0,1,1,2.3
63,Cam Akers,MIN,RB,13,ARI,4,22,5.5,0,0,0,0,0,0,0,2.2
64,Trey Benson,ARI,RB,13,MIN,3,20,6.7,0,0,0,0,0,0,0,2
65,Kimani Vidal,LAC,RB,13,ATL,4,20,5,0,0,0,0,0,0,0,2
66,Emanuel Wilson,GB,RB,13,MIA,2,20,10,0,0,0,0,0,0,0,2
67,Jamaal Williams,NO,RB,13,LAR,0,0,,0,1,1,7,0,0,0,1.7
68,Khalil Herbert,CIN,RB,13,PIT,1,14,14,0,0,0,0,0,0,0,1.4
69,Scott Matlock,LAC,FB,13,ATL,0,0,,0,1,1,2,0,0,0,1.2
70,Audric Estime,DEN,RB,13,CLE,3,12,4,0,0,0,0,0,0,0,1.2
71,Dameon Pierce,HOU,RB,13,JAX,0,0,,0,1,1,1,0,0,0,1.1
72,Hunter Luepke,DAL,RB,13,NYG,3,4,1.3,0,0,0,0,0,0,0,0.4
73,Will Shipley,PHI,RB,13,BAL,1,4,4,0,0,0,0,0,0,0,0.4
74,Ezekiel Elliott,DAL,RB,13,NYG,1,4,4,0,0,0,0,0,0,0,0.4
75,Tyjae Spears,TEN,RB,13,WAS,1,3,3,0,0,0,0,0,0,0,0.3
76,Ty Chandler,MIN,RB,13,ARI,2,2,1,0,0,0,0,0,0,0,0.2
77,Kenneth Gainwell,PHI,RB,13,BAL,0,0,,0,0,0,0,0,0,0,0
78,Sean Tucker,TB,RB,13,CAR,0,0,,0,0,0,0,0,0,0,0
79,Reggie Gilliam,BUF,FB,13,SF,0,0,,0,0,0,0,0,0,0,0
80,Raheem Blackshear,CAR,RB,13,TB,0,0,,0,0,0,0,0,0,0,0
81,Jeff Wilson Jr.,MIA,RB,13,GB,0,0,,0,0,0,0,0,0,0,0
82,Jaylen Wright,MIA,RB,13,GB,0,0,,0,0,0,0,0,0,0,0
83,Travis Homer,CHI,RB,13,DET,0,0,,0,0,0,0,0,0,0,0
84,Sione Vaki,DET,RB,13,CHI,0,0,,0,0,0,0,0,0,0,0
85,Roschon Johnson,CHI,RB,13,DET,0,0,,0,0,0,0,0,0,0,0
86,Kenny McIntosh,SEA,RB,13,NYJ,0,0,,0,0,0,0,0,0,0,0
87,Kene Nwangwu,NYJ,RB,13,SEA,0,0,,0,0,0,0,0,0,0,0
88,Craig Reynolds,DET,RB,13,CHI,0,0,,0,0,0,0,0,0,0,0
89,Pierre Strong Jr.,CLE,RB,13,DEN,0,0,,0,0,0,0,0,0,0,0
90,Keilan Robinson,JAX,RB,13,HOU,0,0,,0,0,0,0,0,0,0,0
91,Dare Ogunbowale,HOU,RB,13,JAX,0,0,,0,0,0,0,0,0,0,0
92,Joshua Kelley,TEN,RB,13,WAS,0,0,,0,0,0,0,0,0,0,0
93,Eric Gray,NYG,RB,13,DAL,0,0,,0,0,0,0,0,1,0,0
94,JaMycal Hasty,NE,RB,13,IND,0,0,,0,0,0,0,0,0,0,0
95,Tyler Goodson,IND,RB,13,NE,0,0,,0,0,0,0,0,0,0,0
96,Trey Sermon,IND,RB,13,NE,0,0,,0,0,0,0,0,0,0,0
97,DeeJay Dallas,ARI,RB,13,MIN,0,0,,0,0,0,0,0,0,0,0
98,C.J. Ham,MIN,FB,13,ARI,0,0,,0,0,0,0,0,0,0,0
99,Ronnie Rivers,LAR,RB,13,NO,0,0,,0,0,0,0,0,0,0,0
100,Adam Prentice,NO,FB,13,LAR,0,0,,0,0,0,0,0,0,0,0
1,Zach Charbonnet,SEA,RB,14,ARI,22,134,6.1,2,7,7,59,0,0,0,38.3
2,Isaac Guerendo,SF,RB,14,CHI,15,78,5.2,2,2,2,50,0,0,0,26.8
3,Rachaad White,TB,RB,14,LV,17,90,5.3,1,3,2,19,1,0,0,24.9
4,Josh Jacobs,GB,RB,14,DET,18,66,3.7,3,0,0,0,0,0,0,24.6
5,Chase Brown,CIN,RB,14,DAL,14,58,4.1,0,8,6,65,1,0,0,24.3
6,Kyren Williams,LAR,RB,14,BUF,29,87,3,2,2,2,10,0,0,0,23.7
7,James Conner,ARI,RB,14,SEA,18,90,5,0,4,4,32,1,1,0,22.2
8,Chuba Hubbard,CAR,RB,14,PHI,26,92,3.5,1,5,4,15,0,0,0,20.7
9,Bijan Robinson,ATL,RB,14,MIN,22,92,4.2,1,2,2,9,0,0,0,20.1
10,David Montgomery,DET,RB,14,GB,14,51,3.6,1,5,5,33,0,0,0,19.4
11,Jahmyr Gibbs,DET,RB,14,GB,15,43,2.9,0,6,6,30,1,0,0,19.3
12,Tyrone Tracy Jr.,NYG,RB,14,NO,16,45,2.8,1,10,5,38,0,0,0,19.3
13,De'Von Achane,MIA,RB,14,NYJ,14,24,1.7,1,7,6,45,0,0,0,18.9
14,Aaron Jones,MIN,RB,14,ATL,13,73,5.6,1,2,2,11,0,0,0,16.4
15,Isaiah Davis,NYJ,RB,14,MIA,10,40,4,1,6,3,27,0,0,0,15.7
16,Rico Dowdle,DAL,RB,14,CIN,18,131,7.3,0,2,1,10,0,0,0,15.1
17,Saquon Barkley,PHI,RB,14,CAR,20,124,6.2,0,1,0,0,0,0,0,14.4
18,Tony Pollard,TEN,RB,14,JAX,21,102,4.9,0,2,2,22,0,0,0,14.4
19,Ty Johnson,BUF,RB,14,LAR,0,0,,0,3,2,55,1,0,0,13.5
20,Tank Bigsby,JAX,RB,14,TEN,18,55,3.1,1,2,1,7,0,0,0,13.2
21,Alvin Kamara,NO,RB,14,NYG,17,44,2.6,0,5,5,35,0,0,0,12.9
22,Tyler Allgeier,ATL,RB,14,MIN,9,63,7,1,0,0,0,0,0,0,12.3
23,Braelon Allen,NYJ,RB,14,MIA,11,43,3.9,0,5,4,38,0,0,0,12.1
24,Najee Harris,PIT,RB,14,CLE,16,53,3.3,1,0,0,0,0,0,0,11.3
25,Travis Etienne Jr.,JAX,RB,14,TEN,4,20,5,0,4,4,50,0,0,0,11
26,Sincere McCormick,LV,RB,14,TB,15,78,5.2,0,3,2,11,0,0,0,10.9
27,Gus Edwards,LAC,RB,14,KC,10,36,3.6,1,0,0,0,0,0,0,9.6
28,Kendre Miller,NO,RB,14,NYG,10,32,3.2,1,1,0,0,0,0,0,9.2
29,Jaylen Warren,PIT,RB,14,CLE,9,47,5.2,0,5,2,25,0,0,0,9.2
30,Patrick Taylor Jr.,SF,RB,14,CHI,7,25,3.6,1,1,0,0,0,0,0,8.5
31,Isiah Pacheco,KC,RB,14,LAC,14,55,3.9,0,4,2,6,0,0,0,8.1
32,Jerome Ford,CLE,RB,14,PIT,10,28,2.8,0,4,3,19,0,0,0,7.7
33,Kenny McIntosh,SEA,RB,14,ARI,7,38,5.4,0,2,2,7,0,0,0,6.5
34,Emari Demercado,ARI,RB,14,SEA,0,0,,0,4,4,15,0,0,0,5.5
35,Kenneth Gainwell,PHI,RB,14,CAR,3,26,8.7,0,2,2,7,0,0,0,5.3
36,D'Andre Swift,CHI,RB,14,SF,14,38,2.7,0,2,1,2,0,0,0,5
37,James Cook,BUF,RB,14,LAR,6,20,3.3,0,2,2,9,0,0,0,4.9
38,Nick Chubb,CLE,RB,14,PIT,11,48,4.4,0,1,0,0,0,0,0,4.8
39,Sean Tucker,TB,RB,14,LV,3,47,15.7,0,2,0,0,0,0,0,4.7
40,Travis Homer,CHI,RB,14,SF,0,0,,0,3,3,11,0,0,0,4.1
41,Kareem Hunt,KC,RB,14,LAC,5,16,3.2,0,1,1,13,0,0,0,3.9
42,Cam Akers,MIN,RB,14,ATL,5,37,7.4,0,0,0,0,0,0,0,3.7
43,Jamaal Williams,NO,RB,14,NYG,3,5,1.7,0,2,2,10,0,0,0,3.5
44,Kimani Vidal,LAC,RB,14,KC,8,34,4.2,0,1,0,0,0,0,0,3.4
45,Blake Corum,LAR,RB,14,BUF,8,34,4.2,0,0,0,0,0,0,0,3.4
46,Jaylen Wright,MIA,RB,14,NYJ,2,7,3.5,0,3,2,6,0,0,0,3.3
47,Tyjae Spears,TEN,RB,14,JAX,6,21,3.5,0,2,1,2,0,0,0,3.3
48,Samaje Perine,KC,RB,14,LAC,1,3,3,0,2,1,16,0,0,0,2.9
49,Pierre Strong Jr.,CLE,RB,14,PIT,0,0,,0,2,2,9,0,0,0,2.9
50,Trey Benson,ARI,RB,14,SEA,2,15,7.5,0,1,1,4,0,0,0,2.9
51,Bucky Irving,TB,RB,14,LV,4,3,0.8,0,1,1,15,0,0,0,2.8
52,Khalil Herbert,CIN,RB,14,DAL,2,4,2,0,1,1,7,0,0,0,2.1
53,Jeff Wilson Jr.,MIA,RB,14,NYJ,1,4,4,0,1,1,7,0,0,0,2.1
54,Ezekiel Elliott,DAL,RB,14,CIN,2,4,2,0,1,1,2,0,0,0,1.6
55,Hunter Luepke,DAL,RB,14,CIN,0,0,,0,1,1,5,0,0,0,1.5
56,Kyle Juszczyk,SF,FB,14,CHI,0,0,,0,2,1,3,0,0,0,1.3
57,George Holani,SEA,RB,14,ARI,0,0,,0,1,1,-1,0,0,0,0.9
58,Ameer Abdullah,LV,RB,14,TB,1,1,1,0,2,1,-3,0,0,0,0.8
59,Devin Singletary,NYG,RB,14,NO,2,8,4,0,0,0,0,0,0,0,0.8
60,Emanuel Wilson,GB,RB,14,DET,1,7,7,0,0,0,0,0,0,0,0.7
61,Ke'Shawn Vaughn,SF,RB,14,CHI,2,4,2,0,0,0,0,0,0,0,0.4
62,Darrynton Evans,CHI,RB,14,SF,3,3,1,0,0,0,0,0,0,0,0.3
63,Chris Brooks,GB,RB,14,DET,1,3,3,0,0,0,0,0,0,0,0.3
64,Raheem Blackshear,CAR,RB,14,PHI,0,0,,0,0,0,0,0,0,0,0
65,Reggie Gilliam,BUF,FB,14,LAR,0,0,,0,0,0,0,0,0,0,0
66,Craig Reynolds,DET,RB,14,GB,0,0,,0,0,0,0,0,0,0,0
67,Ray Davis,BUF,RB,14,LAR,0,0,,0,0,0,0,0,0,0,0
68,Kene Nwangwu,NYJ,RB,14,MIA,0,0,,0,0,0,0,0,0,0,0
69,Alec Ingold,MIA,FB,14,NYJ,0,0,,0,0,0,0,0,0,0,0
70,Carson Steele,KC,FB,14,LAC,0,0,,0,0,0,0,0,0,0,0
71,Eric Gray,NYG,RB,14,NO,0,0,,0,0,0,0,0,0,0,0
72,DeeJay Dallas,ARI,RB,14,SEA,0,0,,0,0,0,0,0,0,0,0
73,Julius Chestnut,TEN,RB,14,JAX,0,0,,0,0,0,0,0,0,0,0
74,Keilan Robinson,JAX,RB,14,TEN,0,0,,0,0,0,0,0,0,0,0
75,Dylan Laube,LV,RB,14,TB,0,0,,0,0,0,0,0,0,0,0
76,Will Shipley,PHI,RB,14,CAR,0,0,,0,0,0,0,0,0,0,0
77,Ronnie Rivers,LAR,RB,14,BUF,0,0,,0,0,0,0,0,0,0,0
78,Khari Blasingame,PHI,FB,14,CAR,0,0,,0,0,0,0,0,0,0,0
79,Jaret Patterson,LAC,RB,14,KC,0,0,,0,0,0,0,0,0,0,0
80,Adam Prentice,NO,FB,14,NYG,0,0,,0,0,0,0,0,0,0,0
81,Sione Vaki,DET,RB,14,GB,0,0,,0,0,0,0,0,0,0,0
82,Trayveon Williams,CIN,RB,14,DAL,0,0,,0,0,0,0,0,0,0,0
83,Scott Matlock,LAC,FB,14,KC,0,0,,0,0,0,0,0,0,0,0
84,Hassan Haskins,LAC,RB,14,KC,0,0,,0,0,0,0,0,0,0,0
85,C.J. Ham,MIN,FB,14,ATL,0,0,,0,0,0,0,0,0,0,0
86,Avery Williams,ATL,RB,14,MIN,0,0,,0,0,0,0,0,0,0,0
87,Ty Chandler,MIN,RB,14,ATL,0,0,,0,0,0,0,0,0,0,0
88,Jonathon Brooks,CAR,RB,14,PHI,1,-3,-3,0,0,0,0,0,0,0,-0.3
89,Cordarrelle Patterson,PIT,RB,14,CLE,4,3,0.8,0,1,1,-2,0,1,1,-0.9
1,James Conner,ARI,RB,15,NE,16,110,6.9,2,5,5,28,0,0,0,30.8
2,Jahmyr Gibbs,DET,RB,15,BUF,8,31,3.9,1,7,5,83,1,0,0,28.4
3,Tyjae Spears,TEN,RB,15,CIN,4,5,1.2,1,7,6,87,1,0,0,27.2
4,James Cook,BUF,RB,15,DET,14,105,7.5,2,1,1,28,0,0,0,26.3
5,Chase Brown,CIN,RB,15,TEN,25,97,3.9,1,3,3,16,1,0,0,26.3
6,Josh Jacobs,GB,RB,15,SEA,26,94,3.6,1,4,4,42,0,1,1,21.6
7,Ameer Abdullah,LV,RB,15,ATL,3,8,2.7,0,7,7,58,1,0,0,19.6
8,Aaron Jones,MIN,RB,15,CHI,18,86,4.8,1,3,2,20,0,0,0,18.6
9,Jerome Ford,CLE,RB,15,KC,7,84,12,1,2,2,20,0,0,0,18.4
10,Justice Hill,BAL,RB,15,NYG,2,7,3.5,0,5,5,61,1,0,0,17.8
11,Ty Johnson,BUF,RB,15,DET,2,9,4.5,0,5,5,114,0,0,0,17.3
12,Alvin Kamara,NO,RB,15,WAS,5,12,2.4,0,5,4,58,1,0,0,17
13,Rico Dowdle,DAL,RB,15,CAR,25,149,6,0,0,0,0,0,0,0,14.9
14,De'Von Achane,MIA,RB,15,HOU,12,41,3.4,0,7,7,35,0,1,0,14.6
15,Bijan Robinson,ATL,RB,15,LV,22,125,5.7,0,2,1,10,0,0,0,14.5
16,Rachaad White,TB,RB,15,LAC,15,64,4.3,0,2,2,17,1,1,1,14.1
17,Zach Charbonnet,SEA,RB,15,GB,8,54,6.8,1,4,1,12,0,0,0,13.6
18,Bucky Irving,TB,RB,15,LAC,15,117,7.8,0,2,2,-4,0,0,0,13.3
19,Kyren Williams,LAR,RB,15,SF,29,108,3.7,0,2,2,4,0,0,0,13.2
20,Breece Hall,NYJ,RB,15,JAX,9,30,3.3,1,2,2,21,0,0,0,13.1
21,Devin Singletary,NYG,RB,15,BAL,8,25,3.1,1,3,3,16,0,0,0,13.1
22,Travis Etienne Jr.,JAX,RB,15,NYJ,14,65,4.6,0,5,4,20,0,0,0,12.5
23,Jonathan Taylor,IND,RB,15,DEN,22,107,4.9,0,2,1,4,0,1,0,12.1
24,Brian Robinson Jr.,WAS,RB,15,NO,21,65,3.1,0,3,3,22,0,0,0,11.7
25,Isaac Guerendo,SF,RB,15,LAR,16,57,3.6,0,4,4,18,0,0,0,11.5
26,Ray Davis,BUF,RB,15,DET,7,15,2.1,0,2,2,14,1,0,0,10.9
27,Joe Mixon,HOU,RB,15,MIA,12,23,1.9,0,6,5,33,0,0,0,10.6
28,D'Andre Swift,CHI,RB,15,MIN,19,79,4.2,0,1,1,10,0,0,0,9.9
29,Rhamondre Stevenson,NE,RB,15,ARI,13,69,5.3,0,1,1,16,0,0,0,9.5
30,Saquon Barkley,PHI,RB,15,PIT,19,65,3.4,0,2,2,9,0,0,0,9.4
31,Kenneth Gainwell,PHI,RB,15,PIT,7,20,2.9,0,3,3,40,0,0,0,9
32,Chuba Hubbard,CAR,RB,15,DAL,10,32,3.2,0,4,4,17,0,0,0,8.9
33,Tony Pollard,TEN,RB,15,CIN,17,45,2.6,1,0,0,0,0,1,1,8.5
34,Cam Akers,MIN,RB,15,CHI,10,24,2.4,1,0,0,0,0,0,0,8.4
35,Antonio Gibson,NE,RB,15,ARI,7,33,4.7,0,2,2,31,0,0,0,8.4
36,David Montgomery,DET,RB,15,BUF,5,4,0.8,0,4,4,31,0,0,0,7.5
37,Derrick Henry,BAL,RB,15,NYG,14,67,4.8,0,0,0,0,0,0,0,6.7
38,Jaleel McLaughlin,DEN,RB,15,IND,7,21,3,0,3,3,13,0,0,0,6.4
39,Kareem Hunt,KC,RB,15,CLE,13,45,3.5,0,2,1,4,0,0,0,5.9
40,Isiah Pacheco,KC,RB,15,CLE,13,32,2.5,0,1,1,15,0,0,0,5.7
41,Ezekiel Elliott,DAL,RB,15,CAR,9,30,3.3,0,1,1,11,0,0,0,5.1
42,Raheem Mostert,MIA,RB,15,HOU,6,8,1.3,0,3,3,13,0,0,0,5.1
43,Kendre Miller,NO,RB,15,WAS,9,46,5.1,0,1,0,0,0,0,0,4.6
44,Sincere McCormick,LV,RB,15,ATL,7,8,1.1,0,2,2,17,0,0,0,4.5
45,Tyrone Tracy Jr.,NYG,RB,15,BAL,10,31,3.1,0,4,1,4,0,0,0,4.5
46,Samaje Perine,KC,RB,15,CLE,1,11,11,0,1,1,23,0,0,0,4.4
47,Javonte Williams,DEN,RB,15,IND,6,15,2.5,0,3,2,8,0,0,0,4.3
48,Tyler Allgeier,ATL,RB,15,LV,12,43,3.6,0,0,0,0,0,0,0,4.3
49,Kimani Vidal,LAC,RB,15,TB,3,9,3,0,3,2,13,0,0,0,4.2
50,Tank Bigsby,JAX,RB,15,NYJ,11,42,3.8,0,1,0,0,0,1,0,4.2
51,Blake Corum,LAR,RB,15,SF,3,5,1.7,0,3,2,15,0,0,0,4
52,Isaiah Davis,NYJ,RB,15,JAX,5,24,4.8,0,1,1,2,0,0,0,3.6
53,Dare Ogunbowale,HOU,RB,15,MIA,1,35,35,0,0,0,0,0,0,0,3.5
54,Trey Sermon,IND,RB,15,DEN,1,3,3,0,2,2,9,0,0,0,3.2
55,Rasheen Ali,BAL,RB,15,NYG,8,32,4,0,0,0,0,0,0,0,3.2
56,Najee Harris,PIT,RB,15,PHI,6,14,2.3,0,1,1,7,0,0,0,3.1
57,Audric Estime,DEN,RB,15,IND,5,13,2.6,0,1,1,5,0,0,0,2.8
58,Chris Brooks,GB,RB,15,SEA,1,6,6,0,1,1,9,0,0,0,2.5
59,Jaylen Warren,PIT,RB,15,PHI,4,12,3,0,2,1,3,0,0,0,2.5
60,Alexander Mattison,LV,RB,15,ATL,7,21,3,0,4,2,3,0,1,1,2.4
61,Gus Edwards,LAC,RB,15,TB,8,23,2.9,0,0,0,0,0,0,0,2.3
62,Trey Benson,ARI,RB,15,NE,5,22,4.4,0,0,0,0,0,0,0,2.2
63,Nick Chubb,CLE,RB,15,KC,9,41,4.6,0,1,0,0,0,1,1,2.1
64,Cordarrelle Patterson,PIT,RB,15,PHI,2,9,4.5,0,1,1,-1,0,0,0,1.8
65,Sean Tucker,TB,RB,15,LAC,7,17,2.4,0,0,0,0,0,0,0,1.7
66,DeeJay Dallas,ARI,RB,15,NE,4,15,3.8,0,0,0,0,0,0,0,1.5
67,Jeremy McNichols,WAS,RB,15,NO,2,4,2,0,2,1,0,0,0,0,1.4
68,Mike Boone,CAR,RB,15,DAL,2,14,7,0,0,0,0,0,0,0,1.4
69,George Holani,SEA,RB,15,GB,3,10,3.3,0,0,0,0,0,0,0,1
70,Kenny McIntosh,SEA,RB,15,GB,3,9,3,0,0,0,0,0,0,0,0.9
71,Emanuel Wilson,GB,RB,15,SEA,3,9,3,0,0,0,0,0,0,0,0.9
72,Travis Homer,CHI,RB,15,MIN,3,7,2.3,0,0,0,0,0,0,0,0.7
73,Braelon Allen,NYJ,RB,15,JAX,2,5,2.5,0,0,0,0,0,0,0,0.5
74,Ty Chandler,MIN,RB,15,CHI,1,4,4,0,0,0,0,0,0,0,0.4
75,Khalil Herbert,CIN,RB,15,TEN,1,4,4,0,0,0,0,0,0,0,0.4
76,Tyler Goodson,IND,RB,15,DEN,1,3,3,0,0,0,0,0,0,0,0.3
77,Jaylen Wright,MIA,RB,15,HOU,1,3,3,0,0,0,0,0,0,0,0.3
78,Chris Rodriguez Jr.,WAS,RB,15,NO,1,2,2,0,0,0,0,0,0,0,0.2
79,Craig Reynolds,DET,RB,15,BUF,0,0,,0,0,0,0,0,0,0,0
80,Sione Vaki,DET,RB,15,BUF,0,0,,0,0,0,0,0,0,0,0
81,Pierre Strong Jr.,CLE,RB,15,KC,0,0,,0,0,0,0,0,0,0,0
82,Carson Steele,KC,FB,15,CLE,0,0,,0,0,0,0,0,0,0,0
83,Michael Burton,DEN,FB,15,IND,0,0,,0,0,0,0,0,0,0,0
84,JaMycal Hasty,NE,RB,15,ARI,0,0,,0,0,0,0,0,0,0,0
85,C.J. Ham,MIN,FB,15,CHI,0,0,,0,0,0,0,0,0,0,0
86,Darrynton Evans,CHI,RB,15,MIN,0,0,,0,0,0,0,0,0,0,0
87,Ronnie Rivers,LAR,RB,15,SF,0,0,,0,0,0,0,0,0,0,0
88,Ke'Shawn Vaughn,SF,RB,15,LAR,0,0,,0,0,0,0,0,0,0,0
89,Patrick Taylor Jr.,SF,RB,15,LAR,0,0,,0,0,0,0,0,0,0,0
90,Avery Williams,ATL,RB,15,LV,0,0,,0,0,0,0,0,0,0,0
91,Kyle Juszczyk,SF,FB,15,LAR,0,0,,0,0,0,0,0,0,0,0
92,Jamaal Williams,NO,RB,15,WAS,0,0,,0,0,0,0,0,0,0,0
93,Dylan Laube,LV,RB,15,ATL,0,0,,0,0,0,0,0,0,0,0
94,Adam Prentice,NO,FB,15,WAS,0,0,,0,0,0,0,0,0,0,0
95,Dameon Pierce,HOU,RB,15,MIA,0,0,,0,0,0,0,0,0,0,0
96,Keilan Robinson,JAX,RB,15,NYJ,0,0,,0,0,0,0,0,0,0,0
97,Alec Ingold,MIA,FB,15,HOU,0,0,,0,0,0,0,0,0,0,0
98,Hunter Luepke,DAL,RB,15,CAR,0,0,,0,0,0,0,0,0,0,0
99,Trayveon Williams,CIN,RB,15,TEN,0,0,,0,0,0,0,0,0,0,0
100,Julius Chestnut,TEN,RB,15,CIN,0,0,,0,0,0,0,0,0,0,0