Name,Position,Roster Position,TeamAbbrev,Week,Salary,%Drafted,FPTS,Non_TD_FPTS,TD_FPTS
CeeDee Lamb,WR,WR/FLEX,DAL,1,8900,6.00%,13.6,13.6,0.0
Tyreek Hill,WR,WR/FLEX,MIA,1,8700,10.50%,29.0,23.0,6.0
Christian McCaffrey,RB,RB/FLEX,SF,1,8600,7.00%,0.0,0.0,0.0
Justin Jefferson,WR,WR/FLEX,MIN,1,8400,6.00%,15.9,9.9,6.0
Amon-Ra St. Brown,WR,WR/FLEX,DET,1,8200,15.00%,4.3,4.3,0.0
A.J. Brown,WR,WR/FLEX,PHI,1,8000,3.00%,25.9,19.9,6.0
Josh Allen,QB,QB,BUF,1,8000,10.50%,32.18,12.18,20.0
Lamar Jackson,QB,QB,BAL,1,7800,6.50%,29.12,25.12,4.0
Ja'Marr Chase,WR,WR/FLEX,CIN,1,7800,3.50%,12.2,12.2,0.0
Jonathan Taylor,RB,RB/FLEX,IND,1,7800,3.00%,10.8,4.8,6.0
Bijan Robinson,RB,RB/FLEX,ATL,1,7700,4.50%,16.1,16.1,0.0
Davante Adams,WR,WR/FLEX,LV,1,7600,2.00%,10.9,10.9,0.0
Breece Hall,RB,RB/FLEX,NYJ,1,7500,8.50%,19.3,13.3,6.0
C.J. Stroud,QB,QB,HOU,1,7500,6.50%,18.66,10.66,8.0
Puka Nacua,WR,WR/FLEX,LAR,1,7400,2.50%,8.2,8.2,0.0
Jalen Hurts,QB,QB,PHI,1,7300,6.50%,19.42,11.42,8.0
Mike Evans,WR,WR/FLEX,TB,1,7300,11.00%,23.1,11.1,12.0
Marvin Harrison Jr.,WR,WR/FLEX,ARI,1,7200,4.50%,1.4,0.0,0.0
Travis Etienne Jr.,RB,RB/FLEX,JAX,1,7200,2.00%,12.9,6.9,6.0
Dak Prescott,QB,QB,DAL,1,7100,2.00%,11.46,7.46,4.0
Cooper Kupp,WR,WR/FLEX,LAR,1,7100,10.50%,35.0,29.0,6.0
Deebo Samuel Sr.,WR,WR/FLEX,SF,1,7000,5.00%,18.7,12.7,6.0
Saquon Barkley,RB,RB/FLEX,PHI,1,7000,11.50%,36.2,18.2,18.0
Nico Collins,WR,WR/FLEX,HOU,1,7000,2.50%,20.7,20.7,0.0
Tua Tagovailoa,QB,QB,MIA,1,7000,3.00%,21.62,17.62,4.0
Patrick Mahomes,QB,QB,KC,1,6900,8.00%,16.14,12.14,4.0
Derrick Henry,RB,RB/FLEX,BAL,1,6900,12.50%,10.6,4.6,6.0
Garrett Wilson,WR,WR/FLEX,NYJ,1,6900,3.00%,12.0,12.0,0.0
James Cook,RB,RB/FLEX,BUF,1,6900,7.50%,13.3,13.3,0.0
Keenan Allen,WR,WR/FLEX,CHI,1,6900,1.00%,6.9,6.9,0.0
Brandon Aiyuk,WR,WR/FLEX,SF,1,6800,2.50%,4.8,4.8,0.0
Michael Pittman Jr.,WR,WR/FLEX,IND,1,6800,2.50%,7.1,7.1,0.0
De'Von Achane,RB,RB/FLEX,MIA,1,6800,11.00%,23.0,17.0,6.0
Kyren Williams,RB,RB/FLEX,LAR,1,6800,5.50%,14.4,8.4,6.0
DeVonta Smith,WR,WR/FLEX,PHI,1,6700,3.00%,15.4,15.4,0.0
Stefon Diggs,WR,WR/FLEX,HOU,1,6700,3.50%,21.9,9.9,12.0
Alvin Kamara,RB,RB/FLEX,NO,1,6700,11.00%,22.0,16.0,6.0
Isiah Pacheco,RB,RB/FLEX,KC,1,6600,3.00%,15.8,9.8,6.0
Travis Kelce,TE,TE/FLEX,KC,1,6600,7.00%,6.4,6.4,0.0
Joe Mixon,RB,RB/FLEX,HOU,1,6600,3.00%,29.8,23.8,6.0
Chris Olave,WR,WR/FLEX,NO,1,6600,2.50%,3.1,3.1,0.0
Rashee Rice,WR,WR/FLEX,KC,1,6500,5.50%,20.3,20.3,0.0
DJ Moore,WR,WR/FLEX,CHI,1,6500,7.50%,10.0,10.0,0.0
Joe Burrow,QB,QB,CIN,1,6500,6.00%,8.06,8.06,0.0
Aaron Jones,RB,RB/FLEX,MIN,1,6500,7.00%,18.9,12.9,6.0
Jahmyr Gibbs,RB,RB/FLEX,DET,1,6500,3.50%,17.4,11.4,6.0
Amari Cooper,WR,WR/FLEX,CLE,1,6400,3.00%,3.6,3.6,0.0
Jordan Love,QB,QB,GB,1,6400,10.50%,17.4,9.4,8.0
Kyler Murray,QB,QB,ARI,1,6400,2.00%,15.18,11.18,4.0
Raheem Mostert,RB,RB/FLEX,MIA,1,6400,7.50%,3.9,3.9,0.0
Sam LaPorta,TE,TE/FLEX,DET,1,6400,5.50%,8.5,8.5,0.0
Anthony Richardson,QB,QB,IND,1,6300,3.00%,27.08,13.08,14.0
Jaylen Waddle,WR,WR/FLEX,MIA,1,6300,2.00%,19.2,19.2,0.0
Rachaad White,RB,RB/FLEX,TB,1,6300,10.00%,16.6,16.6,0.0
Jared Goff,QB,QB,DET,1,6300,4.00%,12.38,8.38,4.0
Brock Purdy,QB,QB,SF,1,6200,2.50%,10.34,10.34,0.0
Josh Jacobs,RB,RB/FLEX,GB,1,6200,4.50%,12.4,12.4,0.0
James Conner,RB,RB/FLEX,ARI,1,6200,1.50%,19.3,13.3,6.0
Trevor Lawrence,QB,QB,JAX,1,6200,1.00%,11.28,7.28,4.0
DK Metcalf,WR,WR/FLEX,SEA,1,6200,4.50%,5.9,5.9,0.0
Zay Flowers,WR,WR/FLEX,BAL,1,6100,1.00%,11.1,11.1,0.0
Kirk Cousins,QB,QB,ATL,1,6100,2.00%,8.2,4.2,4.0
Trey McBride,TE,TE/FLEX,ARI,1,6100,2.00%,8.0,8.0,0.0
Tee Higgins,WR,WR/FLEX,CIN,1,6100,5.00%,0.0,0.0,0.0
Kenneth Walker III,RB,RB/FLEX,SEA,1,6100,14.00%,21.9,15.9,6.0
Matthew Stafford,QB,QB,LAR,1,6100,2.00%,18.68,14.68,4.0
David Montgomery,RB,RB/FLEX,DET,1,6100,4.00%,16.3,10.3,6.0
Hollywood Brown,WR,WR/FLEX,KC,1,6000,0.0,0.0,0.0,0.0
Deshaun Watson,QB,QB,CLE,1,6000,0.50%,12.66,8.66,4.0
Drake London,WR,WR/FLEX,ATL,1,6000,5.50%,3.5,3.5,0.0
D'Andre Swift,RB,RB/FLEX,CHI,1,6000,2.50%,5.0,5.0,0.0
Austin Ekeler,RB,RB/FLEX,WAS,1,6000,2.50%,10.2,10.2,0.0
Aaron Rodgers,QB,QB,NYJ,1,5900,1.50%,9.58,5.58,4.0
Caleb Williams,QB,QB,CHI,1,5900,2.00%,7.22,7.22,0.0
Tony Pollard,RB,RB/FLEX,TEN,1,5900,6.50%,18.4,12.4,6.0
Rhamondre Stevenson,RB,RB/FLEX,NE,1,5900,2.50%,24.6,18.6,6.0
Malik Nabers,WR,WR/FLEX,NYG,1,5900,6.50%,11.6,11.6,0.0
T.J. Hockenson,TE,TE/FLEX,MIN,1,5900,0.0,0.0,0.0,0.0
Ezekiel Elliott,RB,RB/FLEX,DAL,1,5800,2.00%,12.9,6.9,6.0
Dalton Kincaid,TE,TE/FLEX,BUF,1,5800,6.00%,2.1,2.1,0.0
Calvin Ridley,WR,WR/FLEX,TEN,1,5800,3.50%,8.0,8.0,0.0
Zack Moss,RB,RB/FLEX,CIN,1,5800,1.50%,14.1,8.1,6.0
Justin Herbert,QB,QB,LAC,1,5800,0.0,0.0,0.0,0.0
Chris Godwin,WR,WR/FLEX,TB,1,5800,11.50%,22.3,16.3,6.0
Mike Williams,WR,WR/FLEX,NYJ,1,5700,1.50%,0.0,0.0,0.0
George Pickens,WR,WR/FLEX,PIT,1,5700,6.00%,13.5,13.5,0.0
DeAndre Hopkins,WR,WR/FLEX,TEN,1,5700,1.50%,1.8,1.8,0.0
Devin Singletary,RB,RB/FLEX,NYG,1,5700,4.00%,9.2,9.2,0.0
Zamir White,RB,RB/FLEX,LV,1,5700,6.00%,5.6,5.6,0.0
Jayden Daniels,QB,QB,WAS,1,5700,4.50%,28.16,16.16,12.0
David Njoku,TE,TE/FLEX,CLE,1,5600,0.50%,8.4,8.4,0.0
Romeo Doubs,WR,WR/FLEX,GB,1,5600,4.50%,9.0,9.0,0.0
Najee Harris,RB,RB/FLEX,PIT,1,5600,2.50%,8.9,8.9,0.0
Jaylen Warren,RB,RB/FLEX,PIT,1,5600,0.50%,4.0,4.0,0.0
Courtland Sutton,WR,WR/FLEX,DEN,1,5600,2.50%,7.8,7.8,0.0
Baker Mayfield,QB,QB,TB,1,5600,5.50%,29.66,13.66,16.0
Terry McLaurin,WR,WR/FLEX,WAS,1,5600,12.00%,3.7,3.7,0.0
Xavier Worthy,WR,WR/FLEX,KC,1,5500,9.50%,20.8,8.8,12.0
Jerome Ford,RB,RB/FLEX,CLE,1,5500,9.00%,18.9,12.9,6.0
Tank Dell,WR,WR/FLEX,HOU,1,5500,11.00%,8.9,8.9,0.0
Christian Kirk,WR,WR/FLEX,JAX,1,5500,3.00%,4.0,4.0,0.0
Evan Engram,TE,TE/FLEX,JAX,1,5500,6.00%,1.5,1.5,0.0
Geno Smith,QB,QB,SEA,1,5500,1.00%,18.84,8.84,10.0
Zach Charbonnet,RB,RB/FLEX,SEA,1,5500,0.0,0.0,0.0,0.0
Javonte Williams,RB,RB/FLEX,DEN,1,5500,7.50%,3.3,3.3,0.0
Nick Chubb,RB,RB/FLEX,CLE,1,5400,0.0,0.0,0.0,0.0
Brandin Cooks,WR,WR/FLEX,DAL,1,5400,0.50%,14.5,8.5,6.0
Jayden Reed,WR,WR/FLEX,GB,1,5400,7.50%,36.1,24.1,12.0
Russell Wilson,QB,QB,PIT,1,5400,0.0,0.0,0.0,0.0
Daniel Jones,QB,QB,NYG,1,5400,0.50%,6.94,6.94,0.0
Ty Chandler,RB,RB/FLEX,MIN,1,5400,0.0,0.0,0.0,0.0
Tyler Lockett,WR,WR/FLEX,SEA,1,5400,0.0,0.0,0.0,0.0
George Kittle,TE,TE/FLEX,SF,1,5300,5.00%,8.0,8.0,0.0
Will Levis,QB,QB,TEN,1,5300,1.00%,9.68,5.68,4.0
Derek Carr,QB,QB,NO,1,5300,1.00%,21.3,9.3,12.0
Chuba Hubbard,RB,RB/FLEX,CAR,1,5300,2.00%,1.4,1.4,0.0
Jonathon Brooks,RB,RB/FLEX,CAR,1,5300,0.0,0.0,0.0,0.0
Diontae Johnson,WR,WR/FLEX,CAR,1,5300,3.50%,3.9,3.9,0.0
Jordan Addison,WR,WR/FLEX,MIN,1,5300,1.00%,6.5,6.5,0.0
Gardner Minshew II,QB,QB,LV,1,5300,0.50%,12.78,8.78,4.0
Aidan O'Connell,QB,QB,LV,1,5300,0.0,0.0,0.0,0.0
Gus Edwards,RB,RB/FLEX,LAC,1,5300,3.50%,3.8,3.8,0.0
Jake Ferguson,TE,TE/FLEX,DAL,1,5200,3.50%,4.5,4.5,0.0
Khalil Herbert,RB,RB/FLEX,CHI,1,5200,1.50%,0.4,0.4,0.0
Bryce Young,QB,QB,CAR,1,5200,0.0,0.0,0.0,0.0
Adam Thielen,WR,WR/FLEX,CAR,1,5200,5.50%,7.9,7.9,0.0
Sam Darnold,QB,QB,MIN,1,5200,0.50%,15.62,7.62,8.0
J.J. McCarthy,QB,QB,MIN,1,5200,0.0,0.0,0.0,0.0
Joshua Palmer,WR,WR/FLEX,LAC,1,5200,7.00%,3.5,3.5,0.0
Brian Robinson Jr.,RB,RB/FLEX,WAS,1,5200,4.50%,17.9,11.9,6.0
Jerry Jeudy,WR,WR/FLEX,CLE,1,5100,2.50%,11.5,5.5,6.0
Trey Benson,RB,RB/FLEX,ARI,1,5100,0.0,0.0,0.0,0.0
Khalil Shakir,WR,WR/FLEX,BUF,1,5100,7.00%,13.2,7.2,6.0
Tyjae Spears,RB,RB/FLEX,TEN,1,5100,1.50%,7.2,7.2,0.0
Jacoby Brissett,QB,QB,NE,1,5100,1.50%,8.04,8.04,0.0
Jarrett Stidham,QB,QB,DEN,1,5100,0.0,0.0,0.0,0.0
Mark Andrews,TE,TE/FLEX,BAL,1,5000,6.00%,3.4,3.4,0.0
Jameis Winston,QB,QB,CLE,1,5000,0.0,0.0,0.0,0.0
Tyrod Taylor,QB,QB,NYJ,1,5000,0.0,0.0,0.0,0.0
Justin Fields,QB,QB,PIT,1,5000,1.00%,11.94,11.94,0.0
Michael Penix Jr.,QB,QB,ATL,1,5000,0.0,0.0,0.0,0.0
Tyler Allgeier,RB,RB/FLEX,ATL,1,5000,0.0,0.0,0.0,0.0
Keon Coleman,WR,WR/FLEX,BUF,1,5000,4.00%,9.1,9.1,0.0
Drake Maye,QB,QB,NE,1,5000,0.0,0.0,0.0,0.0
Jake Browning,QB,QB,CIN,1,5000,0.0,0.0,0.0,0.0
Chase Brown,RB,RB/FLEX,CIN,1,5000,3.00%,5.3,5.3,0.0
Joe Flacco,QB,QB,IND,1,5000,0.0,0.0,0.0,0.0
Tank Bigsby,RB,RB/FLEX,JAX,1,5000,0.0,0.0,0.0,0.0
Jakobi Meyers,WR,WR/FLEX,LV,1,5000,4.50%,9.4,9.4,0.0
Sam Howell,QB,QB,SEA,1,5000,0.0,0.0,0.0,0.0
Bo Nix,QB,QB,DEN,1,5000,1.00%,13.02,7.02,6.0
Zach Wilson,QB,QB,DEN,1,5000,0.0,0.0,0.0,0.0
Justice Hill,RB,RB/FLEX,BAL,1,4900,0.50%,11.5,11.5,0.0
Dontayvion Wicks,WR,WR/FLEX,GB,1,4900,3.00%,0.0,0.0,0.0
Curtis Samuel,WR,WR/FLEX,BUF,1,4900,1.50%,3.5,3.5,0.0
Mason Rudolph,QB,QB,TEN,1,4900,0.0,0.0,0.0,0.0
Antonio Gibson,RB,RB/FLEX,NE,1,4900,0.0,0.0,0.0,0.0
Dalton Schultz,TE,TE/FLEX,HOU,1,4900,4.50%,4.6,4.6,0.0
Mac Jones,QB,QB,JAX,1,4900,0.0,0.0,0.0,0.0
Easton Stick,QB,QB,LAC,1,4900,0.0,0.0,0.0,0.0
J.K. Dobbins,RB,RB/FLEX,LAC,1,4900,3.00%,25.9,19.9,6.0
Jaxon Smith-Njigba,WR,WR/FLEX,SEA,1,4900,4.00%,3.9,3.9,0.0
Marcus Mariota,QB,QB,WAS,1,4900,0.0,0.0,0.0,0.0
Nyheim Hines,RB,RB/FLEX,CLE,1,4800,0.0,0.0,0.0,0.0
D'Onta Foreman,RB,RB/FLEX,CLE,1,4800,0.0,0.0,0.0,0.0
Kenny Pickett,QB,QB,PHI,1,4800,0.0,0.0,0.0,0.0
Dallas Goedert,TE,TE/FLEX,PHI,1,4800,2.50%,7.1,7.1,0.0
Mitchell Trubisky,QB,QB,BUF,1,4800,0.0,0.0,0.0,0.0
DeMario Douglas,WR,WR/FLEX,NE,1,4800,0.50%,3.2,0.0,0.0
Josh Downs,WR,WR/FLEX,IND,1,4800,0.0,0.0,0.0,0.0
Andy Dalton,QB,QB,CAR,1,4800,0.0,0.0,0.0,0.0
Jamaal Williams,RB,RB/FLEX,NO,1,4800,0.50%,12.1,6.1,6.0
Drew Lock,QB,QB,NYG,1,4800,0.0,0.0,0.0,0.0
Alexander Mattison,RB,RB/FLEX,LV,1,4800,1.50%,16.2,10.2,6.0
Bucky Irving,RB,RB/FLEX,TB,1,4800,0.0,0.0,0.0,0.0
Blake Corum,RB,RB/FLEX,LAR,1,4800,1.50%,0.0,0.0,0.0
Carson Wentz,QB,QB,KC,1,4700,0.0,0.0,0.0,0.0
Kenneth Gainwell,RB,RB/FLEX,PHI,1,4700,0.50%,2.2,2.2,0.0
Christian Watson,WR,WR/FLEX,GB,1,4700,6.50%,10.3,4.3,6.0
Mike White,QB,QB,BUF,1,4700,0.0,0.0,0.0,0.0
Davis Mills,QB,QB,HOU,1,4700,0.0,0.0,0.0,0.0
D'Ernest Johnson,RB,RB/FLEX,JAX,1,4700,0.0,0.0,0.0,0.0
Brian Thomas Jr.,WR,WR/FLEX,JAX,1,4700,7.50%,14.7,8.7,6.0
Kimani Vidal,RB,RB/FLEX,LAC,1,4700,0.50%,0.0,0.0,0.0
Hassan Haskins,RB,RB/FLEX,LAC,1,4700,0.0,0.0,0.0,0.0
Ladd McConkey,WR,WR/FLEX,LAC,1,4700,2.00%,14.9,8.9,6.0
Kyle Trask,QB,QB,TB,1,4700,0.0,0.0,0.0,0.0
Chase Edmonds,RB,RB/FLEX,TB,1,4700,0.0,0.0,0.0,0.0
Cooper Rush,QB,QB,DAL,1,4600,0.0,0.0,0.0,0.0
Rico Dowdle,RB,RB/FLEX,DAL,1,4600,2.00%,4.2,4.2,0.0
Joshua Dobbs,QB,QB,SF,1,4600,0.0,0.0,0.0,0.0
Jordan Mason,RB,RB/FLEX,SF,1,4600,1.00%,25.2,19.2,6.0
Kyle Pitts,TE,TE/FLEX,ATL,1,4600,11.00%,11.6,5.6,6.0
Ty Johnson,RB,RB/FLEX,BUF,1,4600,0.0,0.0,0.0,0.0
Zay Jones,WR,WR/FLEX,ARI,1,4600,0.0,0.0,0.0,0.0
Tyson Bagent,QB,QB,CHI,1,4600,0.0,0.0,0.0,0.0
Dameon Pierce,RB,RB/FLEX,HOU,1,4600,0.50%,1.6,1.6,0.0
Jake Haener,QB,QB,NO,1,4600,0.0,0.0,0.0,0.0
Kendre Miller,RB,RB/FLEX,NO,1,4600,0.0,0.0,0.0,0.0
Xavier Legette,WR,WR/FLEX,CAR,1,4600,0.0,0.0,0.0,0.0
Samaje Perine,RB,RB/FLEX,KC,1,4500,0.50%,2.0,2.0,0.0
Braelon Allen,RB,RB/FLEX,NYJ,1,4500,0.50%,2.7,2.7,0.0
Cordarrelle Patterson,RB,RB/FLEX,PIT,1,4500,1.00%,1.3,1.3,0.0
Ray Davis,RB,RB/FLEX,BUF,1,4500,0.0,0.0,0.0,0.0
Tyler Boyd,WR,WR/FLEX,TEN,1,4500,1.50%,4.8,4.8,0.0
Trey Sermon,RB,RB/FLEX,IND,1,4500,0.0,0.0,0.0,0.0
Gabe Davis,WR,WR/FLEX,JAX,1,4500,4.00%,9.2,9.2,0.0
Miles Sanders,RB,RB/FLEX,CAR,1,4500,1.00%,2.2,2.2,0.0
Nick Mullens,QB,QB,MIN,1,4500,0.0,0.0,0.0,0.0
Eric Gray,RB,RB/FLEX,NYG,1,4500,0.0,0.0,0.0,0.0
Taylor Heinicke,QB,QB,LAC,1,4500,0.0,0.0,0.0,0.0
Ameer Abdullah,RB,RB/FLEX,LV,1,4500,0.50%,0.0,0.0,0.0
Brock Bowers,TE,TE/FLEX,LV,1,4500,2.50%,11.8,11.8,0.0
Jeff Driskel,QB,QB,WAS,1,4500,0.0,0.0,0.0,0.0
Jimmy Garoppolo,QB,QB,LAR,1,4500,0.0,0.0,0.0,0.0
Jameson Williams,WR,WR/FLEX,DET,1,4500,5.00%,27.4,21.4,6.0
MarShawn Lloyd,RB,RB/FLEX,GB,1,4400,0.0,0.0,0.0,0.0
Pat Freiermuth,TE,TE/FLEX,PIT,1,4400,4.00%,6.7,6.7,0.0
Roschon Johnson,RB,RB/FLEX,CHI,1,4400,0.0,0.0,0.0,0.0
Evan Hull,RB,RB/FLEX,IND,1,4400,0.0,0.0,0.0,0.0
Kene Nwangwu,RB,RB/FLEX,NO,1,4400,0.0,0.0,0.0,0.0
Rashid Shaheed,WR,WR/FLEX,NO,1,4400,0.50%,16.3,10.3,6.0
Tommy DeVito,QB,QB,NYG,1,4400,0.0,0.0,0.0,0.0
Tyrone Tracy Jr.,RB,RB/FLEX,NYG,1,4400,1.00%,1.7,1.7,0.0
Darius Slayton,WR,WR/FLEX,NYG,1,4400,2.50%,5.6,5.6,0.0
Kenny McIntosh,RB,RB/FLEX,SEA,1,4400,0.0,0.0,0.0,0.0
Michael Wilson,WR,WR/FLEX,ARI,1,4300,0.50%,7.5,1.5,6.0
Kendrick Bourne,WR,WR/FLEX,NE,1,4300,0.0,0.0,0.0,0.0
Cam Akers,RB,RB/FLEX,HOU,1,4300,1.00%,0.0,0.0,0.0
Taysom Hill,TE,TE/FLEX,NO,1,4300,7.00%,4.6,4.6,0.0
Jaleel McLaughlin,RB,RB/FLEX,DEN,1,4300,2.00%,6.8,6.8,0.0
Deuce Vaughn,RB,RB/FLEX,DAL,1,4200,0.50%,0.4,0.4,0.0
Emanuel Wilson,RB,RB/FLEX,GB,1,4200,0.0,0.0,0.0,0.0
Jase McClellan,RB,RB/FLEX,ATL,1,4200,0.0,0.0,0.0,0.0
Darnell Mooney,WR,WR/FLEX,ATL,1,4200,3.50%,2.5,2.5,0.0
Michael Carter,RB,RB/FLEX,ARI,1,4200,0.0,0.0,0.0,0.0
Chris Evans,RB,RB/FLEX,CIN,1,4200,0.0,0.0,0.0,0.0
Hunter Henry,TE,TE/FLEX,NE,1,4200,1.00%,3.8,3.8,0.0
Myles Gaskin,RB,RB/FLEX,MIN,1,4200,0.0,0.0,0.0,0.0
Josh Reynolds,WR,WR/FLEX,DEN,1,4200,0.0,0.0,0.0,0.0
Jauan Jennings,WR,WR/FLEX,SF,1,4100,0.0,0.0,0.0,0.0
Jahan Dotson,WR,WR/FLEX,PHI,1,4100,2.00%,0.0,0.0,0.0
Cole Kmet,TE,TE/FLEX,CHI,1,4100,4.50%,1.4,1.4,0.0
Kevin Harris,RB,RB/FLEX,NE,1,4100,0.50%,0.0,0.0,0.0
Wan'Dale Robinson,WR,WR/FLEX,NYG,1,4100,2.50%,11.8,11.8,0.0
Quentin Johnston,WR,WR/FLEX,LAC,1,4100,2.00%,6.8,6.8,0.0
Craig Reynolds,RB,RB/FLEX,DET,1,4100,0.0,0.0,0.0,0.0
Tyler Huntley,QB,QB,BAL,1,4000,0.0,0.0,0.0,0.0
Josh Johnson,QB,QB,BAL,1,4000,0.0,0.0,0.0,0.0
Clyde Edwards-Helaire,RB,RB/FLEX,KC,1,4000,0.0,0.0,0.0,0.0
Rasheen Ali,RB,RB/FLEX,BAL,1,4000,0.0,0.0,0.0,0.0
Keaton Mitchell,RB,RB/FLEX,BAL,1,4000,0.0,0.0,0.0,0.0
Owen Wright,RB,RB/FLEX,BAL,1,4000,0.0,0.0,0.0,0.0
Patrick Ricard,RB,RB/FLEX,BAL,1,4000,0.0,0.0,0.0,0.0
Carson Steele,RB,RB/FLEX,KC,1,4000,1.50%,0.3,0.3,0.0
Devin Leary,QB,QB,BAL,1,4000,0.0,0.0,0.0,0.0
Bailey Zappe,QB,QB,KC,1,4000,0.0,0.0,0.0,0.0
Chris Collier,RB,RB/FLEX,BAL,1,4000,0.0,0.0,0.0,0.0
John Kelly Jr.,RB,RB/FLEX,BAL,1,4000,0.0,0.0,0.0,0.0
Keaontay Ingram,RB,RB/FLEX,KC,1,4000,0.0,0.0,0.0,0.0
Emani Bailey,RB,RB/FLEX,KC,1,4000,0.0,0.0,0.0,0.0
Trey Lance,QB,QB,DAL,1,4000,0.0,0.0,0.0,0.0
Dorian Thompson-Robinson,QB,QB,CLE,1,4000,0.0,0.0,0.0,0.0
Hunter Luepke,RB,RB/FLEX,DAL,1,4000,0.0,0.0,0.0,0.0
Malik Davis,RB,RB/FLEX,DAL,1,4000,0.0,0.0,0.0,0.0
Pierre Strong Jr.,RB,RB/FLEX,CLE,1,4000,0.0,0.0,0.0,0.0
Dalvin Cook,RB,RB/FLEX,DAL,1,4000,0.0,0.0,0.0,0.0
Gary Brightwell,RB,RB/FLEX,CLE,1,4000,0.0,0.0,0.0,0.0
Brandon Allen,QB,QB,SF,1,4000,0.50%,-0.1,-0.1,0.0
Tanner Mordecai,QB,QB,SF,1,4000,0.0,0.0,0.0,0.0
Jordan Travis,QB,QB,NYJ,1,4000,0.0,0.0,0.0,0.0
Elijah Mitchell,RB,RB/FLEX,SF,1,4000,0.0,0.0,0.0,0.0
Isaac Guerendo,RB,RB/FLEX,SF,1,4000,0.0,0.0,0.0,0.0
Patrick Taylor Jr.,RB,RB/FLEX,SF,1,4000,0.0,0.0,0.0,0.0
Kyle Juszczyk,RB,RB/FLEX,SF,1,4000,0.0,0.0,0.0,0.0
Isaiah Davis,RB,RB/FLEX,NYJ,1,4000,0.0,0.0,0.0,0.0
Israel Abanikanda,RB,RB/FLEX,NYJ,1,4000,0.50%,0.0,0.0,0.0
Adrian Martinez,QB,QB,NYJ,1,4000,0.0,0.0,0.0,0.0
Ke'Shawn Vaughn,RB,RB/FLEX,SF,1,4000,0.0,0.0,0.0,0.0
Xazavian Valladay,RB,RB/FLEX,NYJ,1,4000,0.0,0.0,0.0,0.0
Sean Clifford,QB,QB,GB,1,4000,0.0,0.0,0.0,0.0
Will Grier,QB,QB,PHI,1,4000,0.0,0.0,0.0,0.0
Tanner McKee,QB,QB,PHI,1,4000,0.0,0.0,0.0,0.0
Malik Willis,QB,QB,GB,1,4000,0.0,0.0,0.0,0.0
AJ Dillon,RB,RB/FLEX,GB,1,4000,0.0,0.0,0.0,0.0
Will Shipley,RB,RB/FLEX,PHI,1,4000,0.0,0.0,0.0,0.0
Tyrion Davis-Price,RB,RB/FLEX,PHI,1,4000,0.0,0.0,0.0,0.0
Jarveon Howard,RB,RB/FLEX,GB,1,4000,0.0,0.0,0.0,0.0
Nate McCrary,RB,RB/FLEX,GB,1,4000,0.0,0.0,0.0,0.0
Ellis Merriweather,RB,RB/FLEX,GB,1,4000,0.0,0.0,0.0,0.0
La'Mical Perine,RB,RB/FLEX,GB,1,4000,0.0,0.0,0.0,0.0
Andrew Beck,RB,RB/FLEX,GB,1,4000,0.0,0.0,0.0,0.0
Kyle Allen,QB,QB,PIT,1,4000,0.0,0.0,0.0,0.0
Avery Williams,RB,RB/FLEX,ATL,1,4000,0.0,0.0,0.0,0.0
Robert Burns,RB,RB/FLEX,ATL,1,4000,0.0,0.0,0.0,0.0
Boston Scott,RB,RB/FLEX,PIT,1,4000,0.0,0.0,0.0,0.0
Jonathan Ward,RB,RB/FLEX,PIT,1,4000,0.0,0.0,0.0,0.0
Jack Colletto,RB,RB/FLEX,PIT,1,4000,0.0,0.0,0.0,0.0
Carlos Washington Jr.,RB,RB/FLEX,ATL,1,4000,0.0,0.0,0.0,0.0
Clayton Tune,QB,QB,ARI,1,4000,0.0,0.0,0.0,0.0
Shane Buechele,QB,QB,BUF,1,4000,0.0,0.0,0.0,0.0
Emari Demercado,RB,RB/FLEX,ARI,1,4000,0.0,0.0,0.0,0.0
DeeJay Dallas,RB,RB/FLEX,ARI,1,4000,0.0,0.0,0.0,0.0
Tony Jones Jr.,RB,RB/FLEX,ARI,1,4000,0.0,0.0,0.0,0.0
Darrynton Evans,RB,RB/FLEX,BUF,1,4000,0.0,0.0,0.0,0.0
Reggie Gilliam,RB,RB/FLEX,BUF,1,4000,0.0,0.0,0.0,0.0
Frank Gore Jr.,RB,RB/FLEX,BUF,1,4000,0.0,0.0,0.0,0.0
Desmond Ridder,QB,QB,ARI,1,4000,0.0,0.0,0.0,0.0
Austin Reed,QB,QB,CHI,1,4000,0.0,0.0,0.0,0.0
Julius Chestnut,RB,RB/FLEX,TEN,1,4000,0.0,0.0,0.0,0.0
Travis Homer,RB,RB/FLEX,CHI,1,4000,0.0,0.0,0.0,0.0
Ian Wheeler,RB,RB/FLEX,CHI,1,4000,0.0,0.0,0.0,0.0
Rome Odunze,WR,WR/FLEX,CHI,1,4000,6.00%,2.1,2.1,0.0
Jabari Small,RB,RB/FLEX,TEN,1,4000,0.0,0.0,0.0,0.0
Khari Blasingame,RB,RB/FLEX,CHI,1,4000,0.0,0.0,0.0,0.0
Joe Milton III,QB,QB,NE,1,4000,0.0,0.0,0.0,0.0
Logan Woodside,QB,QB,CIN,1,4000,0.0,0.0,0.0,0.0
JaMycal Hasty,RB,RB/FLEX,NE,1,4000,0.0,0.0,0.0,0.0
Terrell Jennings,RB,RB/FLEX,NE,1,4000,0.0,0.0,0.0,0.0
Trayveon Williams,RB,RB/FLEX,CIN,1,4000,0.0,0.0,0.0,0.0
Kendall Milton,RB,RB/FLEX,CIN,1,4000,0.0,0.0,0.0,0.0
Sam Ehlinger,QB,QB,IND,1,4000,0.0,0.0,0.0,0.0
Jason Bean,QB,QB,IND,1,4000,0.0,0.0,0.0,0.0
Case Keenum,QB,QB,HOU,1,4000,0.0,0.0,0.0,0.0
Tyler Goodson,RB,RB/FLEX,IND,1,4000,0.0,0.0,0.0,0.0
Dare Ogunbowale,RB,RB/FLEX,HOU,1,4000,0.0,0.0,0.0,0.0
British Brooks,RB,RB/FLEX,HOU,1,4000,0.0,0.0,0.0,0.0
Jawhar Jordan,RB,RB/FLEX,HOU,1,4000,0.0,0.0,0.0,0.0
Alec Pierce,WR,WR/FLEX,IND,1,4000,1.00%,24.5,18.5,6.0
Kedon Slovis,QB,QB,HOU,1,4000,0.0,0.0,0.0,0.0
J.J. Taylor,RB,RB/FLEX,HOU,1,4000,0.0,0.0,0.0,0.0
Troy Hairston,RB,RB/FLEX,HOU,1,4000,0.0,0.0,0.0,0.0
E.J. Perry,QB,QB,JAX,1,4000,0.0,0.0,0.0,0.0
Skylar Thompson,QB,QB,MIA,1,4000,0.0,0.0,0.0,0.0
Keilan Robinson,RB,RB/FLEX,JAX,1,4000,0.0,0.0,0.0,0.0
Jalen Jackson,RB,RB/FLEX,JAX,1,4000,0.0,0.0,0.0,0.0
Jaylen Wright,RB,RB/FLEX,MIA,1,4000,0.0,0.0,0.0,0.0
Jeff Wilson Jr.,RB,RB/FLEX,MIA,1,4000,0.50%,2.6,2.6,0.0
Chris Brooks,RB,RB/FLEX,MIA,1,4000,0.0,0.0,0.0,0.0
Alec Ingold,RB,RB/FLEX,MIA,1,4000,0.0,0.0,0.0,0.0
John Rhys Plumlee,QB,QB,JAX,1,4000,0.0,0.0,0.0,0.0
Tim Boyle,QB,QB,MIA,1,4000,0.0,0.0,0.0,0.0
Deneric Prince,RB,RB/FLEX,MIA,1,4000,0.0,0.0,0.0,0.0
Jake Luton,QB,QB,CAR,1,4000,0.0,0.0,0.0,0.0
Jack Plummer,QB,QB,CAR,1,4000,0.0,0.0,0.0,0.0
Spencer Rattler,QB,QB,NO,1,4000,0.0,0.0,0.0,0.0
Raheem Blackshear,RB,RB/FLEX,CAR,1,4000,0.0,0.0,0.0,0.0
Mike Boone,RB,RB/FLEX,CAR,1,4000,0.0,0.0,0.0,0.0
Jordan Mims,RB,RB/FLEX,NO,1,4000,0.0,0.0,0.0,0.0
Jacob Kibodi,RB,RB/FLEX,NO,1,4000,0.0,0.0,0.0,0.0
Adam Prentice,RB,RB/FLEX,NO,1,4000,0.0,0.0,0.0,0.0
John Wolford,QB,QB,CAR,1,4000,0.0,0.0,0.0,0.0
Jaren Hall,QB,QB,MIN,1,4000,0.0,0.0,0.0,0.0
Jashaun Corbin,RB,RB/FLEX,NYG,1,4000,0.0,0.0,0.0,0.0
C.J. Ham,RB,RB/FLEX,MIN,1,4000,0.0,0.0,0.0,0.0
DeWayne McBride,RB,RB/FLEX,MIN,1,4000,0.0,0.0,0.0,0.0
Brett Rypien,QB,QB,MIN,1,4000,0.0,0.0,0.0,0.0
Dante Miller,RB,RB/FLEX,NYG,1,4000,0.0,0.0,0.0,0.0
Zavier Scott,RB,RB/FLEX,MIN,1,4000,0.0,0.0,0.0,0.0
Carter Bradley,QB,QB,LV,1,4000,0.0,0.0,0.0,0.0
Jaret Patterson,RB,RB/FLEX,LAC,1,4000,0.0,0.0,0.0,0.0
Dylan Laube,RB,RB/FLEX,LV,1,4000,0.0,0.0,0.0,0.0
Sincere McCormick,RB,RB/FLEX,LV,1,4000,0.0,0.0,0.0,0.0
DJ Chark,WR,WR/FLEX,LAC,1,4000,0.0,0.0,0.0,0.0
Tyreik McAllister,WR,WR/FLEX,LV,1,4000,0.0,0.0,0.0,0.0
Isaiah Spiller,RB,RB/FLEX,LAC,1,4000,0.0,0.0,0.0,0.0
Audric Estime,RB,RB/FLEX,DEN,1,4000,0.0,0.0,0.0,0.0
Blake Watson,RB,RB/FLEX,DEN,1,4000,0.0,0.0,0.0,0.0
Tyler Badie,RB,RB/FLEX,DEN,1,4000,0.0,0.0,0.0,0.0
Michael Burton,RB,RB/FLEX,DEN,1,4000,0.0,0.0,0.0,0.0
Noah Fant,TE,TE/FLEX,SEA,1,4000,0.50%,3.1,3.1,0.0
George Holani,RB,RB/FLEX,SEA,1,4000,0.0,0.0,0.0,0.0
Sam Hartman,QB,QB,WAS,1,4000,0.0,0.0,0.0,0.0
Jeremy McNichols,RB,RB/FLEX,WAS,1,4000,0.0,0.0,0.0,0.0
Chris Rodriguez Jr.,RB,RB/FLEX,WAS,1,4000,0.0,0.0,0.0,0.0
Sean Tucker,RB,RB/FLEX,TB,1,4000,0.0,0.0,0.0,0.0
Michael Pratt,QB,QB,TB,1,4000,0.0,0.0,0.0,0.0
Michael Wiley,RB,RB/FLEX,WAS,1,4000,0.0,0.0,0.0,0.0
D.J. Williams,RB,RB/FLEX,TB,1,4000,0.0,0.0,0.0,0.0
Jake Fromm,QB,QB,DET,1,4000,0.0,0.0,0.0,0.0
Stetson Bennett,QB,QB,LAR,1,4000,0.0,0.0,0.0,0.0
Hendon Hooker,QB,QB,DET,1,4000,0.0,0.0,0.0,0.0
Ronnie Rivers,RB,RB/FLEX,LAR,1,4000,0.50%,1.6,1.6,0.0
Cody Schrader,RB,RB/FLEX,LAR,1,4000,0.0,0.0,0.0,0.0
Sione Vaki,RB,RB/FLEX,DET,1,4000,0.0,0.0,0.0,0.0
Jermar Jefferson,RB,RB/FLEX,DET,1,4000,0.0,0.0,0.0,0.0
Cowboys,DST,DST,DAL,1,3900,5.50%,17.0,0.0,0.0
Greg Dortch,WR,WR/FLEX,ARI,1,3900,0.0,0.0,0.0,0.0
Chig Okonkwo,TE,TE/FLEX,TEN,1,3900,1.00%,9.5,0.0,0.0
Ja'Lynn Polk,WR,WR/FLEX,NE,1,3900,0.0,0.0,0.0,0.0
Trenton Irwin,WR,WR/FLEX,CIN,1,3900,0.50%,1.6,0.0,0.0
Demarcus Robinson,WR,WR/FLEX,LAR,1,3900,2.00%,8.2,8.2,0.0
Nelson Agholor,WR,WR/FLEX,BAL,1,3800,1.50%,1.6,1.6,0.0
Bengals,DST,DST,CIN,1,3800,5.00%,2.0,0.0,0.0
Adonai Mitchell,WR,WR/FLEX,IND,1,3800,2.00%,1.2,0.0,0.0
Odell Beckham Jr.,WR,WR/FLEX,MIA,1,3800,0.0,0.0,0.0,0.0
Cade Otton,TE,TE/FLEX,TB,1,3800,3.00%,1.5,1.5,0.0
Marquez Valdes-Scantling,WR,WR/FLEX,BUF,1,3700,0.50%,2.9,2.9,0.0
Jermaine Burton,WR,WR/FLEX,CIN,1,3700,1.00%,0.0,0.0,0.0
Cedrick Wilson Jr.,WR,WR/FLEX,NO,1,3700,0.0,0.0,0.0,0.0
Juwan Johnson,TE,TE/FLEX,NO,1,3700,0.0,0.0,0.0,0.0
Saints,DST,DST,NO,1,3700,4.50%,14.0,0.0,0.0
Rashod Bateman,WR,WR/FLEX,BAL,1,3600,4.00%,7.3,7.3,0.0
Elijah Moore,WR,WR/FLEX,CLE,1,3600,1.50%,3.9,3.9,0.0
Luke Musgrave,TE,TE/FLEX,GB,1,3600,3.00%,0.0,0.0,0.0
Van Jefferson,WR,WR/FLEX,PIT,1,3600,2.00%,1.1,0.0,0.0
Rondale Moore,WR,WR/FLEX,ATL,1,3600,0.0,0.0,0.0,0.0
A.T. Perry,WR,WR/FLEX,NO,1,3600,0.50%,0.0,0.0,0.0
Vikings,DST,DST,MIN,1,3600,2.50%,22.0,0.0,0.0
Zach Ertz,TE,TE/FLEX,WAS,1,3600,4.50%,5.8,5.8,0.0
JuJu Smith-Schuster,WR,WR/FLEX,KC,1,3500,1.00%,0.0,0.0,0.0
49ers,DST,DST,SF,1,3500,7.00%,6.0,0.0,0.0
Tucker Kraft,TE,TE/FLEX,GB,1,3500,0.0,0.0,0.0,0.0
K.J. Osborn,WR,WR/FLEX,NE,1,3500,1.50%,5.1,5.1,0.0
Jonnu Smith,TE,TE/FLEX,MIA,1,3500,1.50%,1.7,1.7,0.0
Tre Tucker,WR,WR/FLEX,LV,1,3500,0.50%,4.2,4.2,0.0
Marvin Mims Jr.,WR,WR/FLEX,DEN,1,3500,2.00%,0.0,0.0,0.0
Buccaneers,DST,DST,TB,1,3500,1.50%,3.0,0.0,0.0
Jalen Tolbert,WR,WR/FLEX,DAL,1,3400,1.50%,2.2,2.2,0.0
Dawson Knox,TE,TE/FLEX,BUF,1,3400,1.00%,3.3,3.3,0.0
Treylon Burks,WR,WR/FLEX,TEN,1,3400,0.50%,1.3,0.0,0.0
Gerald Everett,TE,TE/FLEX,CHI,1,3400,1.00%,0.9,0.9,0.0
Bears,DST,DST,CHI,1,3400,5.50%,24.0,0.0,0.0
Jonathan Mingo,WR,WR/FLEX,CAR,1,3400,0.50%,5.3,5.3,0.0
Seahawks,DST,DST,SEA,1,3400,2.50%,9.0,0.0,0.0
Trey Palmer,WR,WR/FLEX,TB,1,3400,0.0,0.0,0.0,0.0
Tim Patrick,WR,WR/FLEX,DET,1,3400,0.0,0.0,0.0,0.0
Tyler Higbee,TE,TE/FLEX,LAR,1,3400,0.0,0.0,0.0,0.0
Isaiah Likely,TE,TE/FLEX,BAL,1,3300,4.50%,29.1,23.1,6.0
Xavier Gipson,WR,WR/FLEX,NYJ,1,3300,1.00%,0.0,0.0,0.0
Bo Melton,WR,WR/FLEX,GB,1,3300,1.00%,0.0,0.0,0.0
Falcons,DST,DST,ATL,1,3300,1.50%,3.0,0.0,0.0
Jelani Woods,TE,TE/FLEX,IND,1,3300,0.0,0.0,0.0,0.0
Parker Washington,WR,WR/FLEX,JAX,1,3300,0.0,0.0,0.0,0.0
Josh Oliver,TE,TE/FLEX,MIN,1,3300,0.0,0.0,0.0,0.0
Giants,DST,DST,NYG,1,3300,1.00%,5.0,0.0,0.0
Laviska Shenault Jr.,WR,WR/FLEX,SEA,1,3300,0.0,0.0,0.0,0.0
Luke McCaffrey,WR,WR/FLEX,WAS,1,3300,0.50%,4.8,4.8,0.0
Jalen McMillan,WR,WR/FLEX,TB,1,3300,2.00%,10.2,4.2,6.0
Kalif Raymond,WR,WR/FLEX,DET,1,3300,0.0,0.0,0.0,0.0
Justin Watson,WR,WR/FLEX,KC,1,3200,0.50%,3.5,3.5,0.0
Cedric Tillman,WR,WR/FLEX,CLE,1,3200,0.0,0.0,0.0,0.0
Jets,DST,DST,NYJ,1,3200,1.50%,2.0,0.0,0.0
Roman Wilson,WR,WR/FLEX,PIT,1,3200,0.0,0.0,0.0,0.0
Nick Westbrook-Ikhine,WR,WR/FLEX,TEN,1,3200,0.50%,0.0,0.0,0.0
Durham Smythe,TE,TE/FLEX,MIA,1,3200,0.0,0.0,0.0,0.0
Dolphins,DST,DST,MIA,1,3200,4.00%,6.0,0.0,0.0
Brandon Powell,WR,WR/FLEX,MIN,1,3200,0.0,0.0,0.0,0.0
Trent Sherfield Sr.,WR,WR/FLEX,MIN,1,3200,0.0,0.0,0.0,0.0
Tutu Atwell,WR,WR/FLEX,LAR,1,3200,0.0,0.0,0.0,0.0
Skyy Moore,WR,WR/FLEX,KC,1,3100,0.0,0.0,0.0,0.0
KaVontae Turpin,WR,WR/FLEX,DAL,1,3100,0.0,0.0,0.0,0.0
David Bell,WR,WR/FLEX,CLE,1,3100,0.0,0.0,0.0,0.0
Browns,DST,DST,CLE,1,3100,1.50%,2.0,0.0,0.0
Calvin Austin III,WR,WR/FLEX,PIT,1,3100,0.0,0.0,0.0,0.0
KhaDarel Hodge,WR,WR/FLEX,ATL,1,3100,0.0,0.0,0.0,0.0
Austin Hooper,TE,TE/FLEX,NE,1,3100,1.00%,5.1,5.1,0.0
Robert Woods,WR,WR/FLEX,HOU,1,3100,0.0,0.0,0.0,0.0
Jalin Hyatt,WR,WR/FLEX,NYG,1,3100,0.50%,0.0,0.0,0.0
Will Dissly,TE,TE/FLEX,LAC,1,3100,0.0,0.0,0.0,0.0
Michael Mayer,TE,TE/FLEX,LV,1,3100,0.0,0.0,0.0,0.0
Adam Trautman,TE,TE/FLEX,DEN,1,3100,0.50%,0.0,0.0,0.0
Colby Parkinson,TE,TE/FLEX,LAR,1,3100,0.50%,8.7,8.7,0.0
Tylan Wallace,WR,WR/FLEX,BAL,1,3000,0.0,0.0,0.0,0.0
Devontez Walker,WR,WR/FLEX,BAL,1,3000,0.0,0.0,0.0,0.0
Deonte Harty,WR,WR/FLEX,BAL,1,3000,0.0,0.0,0.0,0.0
Isaiah Washington,WR,WR/FLEX,BAL,1,3000,0.0,0.0,0.0,0.0
Mecole Hardman,WR,WR/FLEX,KC,1,3000,0.0,0.0,0.0,0.0
Jaaron Hayek,WR,WR/FLEX,KC,1,3000,0.0,0.0,0.0,0.0
Chiefs,DST,DST,KC,1,3000,2.50%,4.0,0.0,0.0
Malik Cunningham,WR,WR/FLEX,BAL,1,3000,0.0,0.0,0.0,0.0
Keith Kirkwood,WR,WR/FLEX,BAL,1,3000,0.0,0.0,0.0,0.0
Dayton Wade,WR,WR/FLEX,BAL,1,3000,0.0,0.0,0.0,0.0
Anthony Miller,WR,WR/FLEX,BAL,1,3000,0.0,0.0,0.0,0.0
Montrell Washington,WR,WR/FLEX,KC,1,3000,0.0,0.0,0.0,0.0
Nikko Remigio,WR,WR/FLEX,KC,1,3000,0.0,0.0,0.0,0.0
Justyn Ross,WR,WR/FLEX,KC,1,3000,0.0,0.0,0.0,0.0
Jalen Brooks,WR,WR/FLEX,DAL,1,3000,0.0,0.0,0.0,0.0
Ryan Flournoy,WR,WR/FLEX,DAL,1,3000,0.0,0.0,0.0,0.0
David Durden,WR,WR/FLEX,DAL,1,3000,0.0,0.0,0.0,0.0
Kelvin Harmon,WR,WR/FLEX,DAL,1,3000,0.0,0.0,0.0,0.0
Jalen Cropper,WR,WR/FLEX,DAL,1,3000,0.0,0.0,0.0,0.0
Jamari Thrash,WR,WR/FLEX,CLE,1,3000,0.0,0.0,0.0,0.0
Jaelon Darden,WR,WR/FLEX,CLE,1,3000,0.0,0.0,0.0,0.0
James Proche II,WR,WR/FLEX,CLE,1,3000,0.0,0.0,0.0,0.0
Michael Woods II,WR,WR/FLEX,CLE,1,3000,0.0,0.0,0.0,0.0
John Stephens Jr.,TE,TE/FLEX,DAL,1,3000,0.0,0.0,0.0,0.0
Tulu Griffin,WR,WR/FLEX,CLE,1,3000,0.0,0.0,0.0,0.0
Jason Brownlee,WR,WR/FLEX,NYJ,1,3000,0.50%,0.0,0.0,0.0
Ricky Pearsall,WR,WR/FLEX,SF,1,3000,0.0,0.0,0.0,0.0
Chris Conley,WR,WR/FLEX,SF,1,3000,0.0,0.0,0.0,0.0
Jacob Cowing,WR,WR/FLEX,SF,1,3000,0.0,0.0,0.0,0.0
Tay Martin,WR,WR/FLEX,SF,1,3000,0.0,0.0,0.0,0.0
Trent Taylor,WR,WR/FLEX,SF,1,3000,0.0,0.0,0.0,0.0
Allen Lazard,WR,WR/FLEX,NYJ,1,3000,0.0,0.0,0.0,0.0
Malachi Corley,WR,WR/FLEX,NYJ,1,3000,0.0,0.0,0.0,0.0
Irvin Charles,WR,WR/FLEX,NYJ,1,3000,0.0,0.0,0.0,0.0
Malik Taylor,WR,WR/FLEX,NYJ,1,3000,0.50%,0.0,0.0,0.0
Marcus Riley,WR,WR/FLEX,NYJ,1,3000,0.0,0.0,0.0,0.0
Ronnie Bell,WR,WR/FLEX,SF,1,3000,0.50%,0.0,0.0,0.0
Tyler Conklin,TE,TE/FLEX,NYJ,1,3000,2.50%,1.6,1.6,0.0
Terrace Marshall Jr.,WR,WR/FLEX,SF,1,3000,0.0,0.0,0.0,0.0
Brandon Smith,WR,WR/FLEX,NYJ,1,3000,0.0,0.0,0.0,0.0
Johnny Wilson,WR,WR/FLEX,PHI,1,3000,0.0,0.0,0.0,0.0
Ainias Smith,WR,WR/FLEX,PHI,1,3000,0.0,0.0,0.0,0.0
Britain Covey,WR,WR/FLEX,PHI,1,3000,0.0,0.0,0.0,0.0
Jacob Harris,WR,WR/FLEX,PHI,1,3000,0.0,0.0,0.0,0.0
Joseph Ngata,WR,WR/FLEX,PHI,1,3000,0.0,0.0,0.0,0.0
Marcus Rosemy-Jacksaint,WR,WR/FLEX,PHI,1,3000,0.0,0.0,0.0,0.0
Parris Campbell,WR,WR/FLEX,PHI,1,3000,0.0,0.0,0.0,0.0
Malik Heath,WR,WR/FLEX,GB,1,3000,0.0,0.0,0.0,0.0
Julian Hicks,WR,WR/FLEX,GB,1,3000,0.0,0.0,0.0,0.0
Griffin Hebert,WR,WR/FLEX,PHI,1,3000,0.0,0.0,0.0,0.0
Jalen Wayne,WR,WR/FLEX,GB,1,3000,0.0,0.0,0.0,0.0
Scotty Miller,WR,WR/FLEX,PIT,1,3000,0.0,0.0,0.0,0.0
Ray-Ray McCloud III,WR,WR/FLEX,ATL,1,3000,0.0,0.0,0.0,0.0
Casey Washington,WR,WR/FLEX,ATL,1,3000,0.0,0.0,0.0,0.0
Ben Skowronek,WR,WR/FLEX,PIT,1,3000,0.0,0.0,0.0,0.0
Brandon Johnson,WR,WR/FLEX,PIT,1,3000,0.0,0.0,0.0,0.0
Chris Blair,WR,WR/FLEX,ATL,1,3000,0.0,0.0,0.0,0.0
Jesse Matthews,WR,WR/FLEX,ATL,1,3000,0.0,0.0,0.0,0.0
Dylan Drummond,WR,WR/FLEX,ATL,1,3000,0.0,0.0,0.0,0.0
Chris Moore,WR,WR/FLEX,ARI,1,3000,0.0,0.0,0.0,0.0
Zach Pascal,WR,WR/FLEX,ARI,1,3000,0.0,0.0,0.0,0.0
Xavier Weaver,WR,WR/FLEX,ARI,1,3000,0.0,0.0,0.0,0.0
Mack Hollins,WR,WR/FLEX,BUF,1,3000,0.0,0.0,0.0,0.0
Tyrell Shavers,WR,WR/FLEX,BUF,1,3000,0.0,0.0,0.0,0.0
KJ Hamler,WR,WR/FLEX,BUF,1,3000,0.0,0.0,0.0,0.0
Deon Cain,WR,WR/FLEX,BUF,1,3000,0.0,0.0,0.0,0.0
Bills,DST,DST,BUF,1,3000,5.00%,5.0,0.0,0.0
Dan Chisena,WR,WR/FLEX,ARI,1,3000,0.0,0.0,0.0,0.0
Tejhaun Palmer,WR,WR/FLEX,ARI,1,3000,0.0,0.0,0.0,0.0
Andre Baccellia,WR,WR/FLEX,ARI,1,3000,0.0,0.0,0.0,0.0
Jalen Virgil,WR,WR/FLEX,BUF,1,3000,0.0,0.0,0.0,0.0
Jha'Quan Jackson,WR,WR/FLEX,TEN,1,3000,0.0,0.0,0.0,0.0
Colton Dowell,WR,WR/FLEX,TEN,1,3000,0.0,0.0,0.0,0.0
Kyle Philips,WR,WR/FLEX,TEN,1,3000,0.0,0.0,0.0,0.0
Tre'Shaun Harrison,WR,WR/FLEX,TEN,1,3000,0.0,0.0,0.0,0.0
Tyler Scott,WR,WR/FLEX,CHI,1,3000,0.0,0.0,0.0,0.0
Velus Jones Jr.,WR,WR/FLEX,CHI,1,3000,0.0,0.0,0.0,0.0
DeAndre Carter,WR,WR/FLEX,CHI,1,3000,0.0,0.0,0.0,0.0
Dante Pettis,WR,WR/FLEX,CHI,1,3000,0.0,0.0,0.0,0.0
Nsimba Webster,WR,WR/FLEX,CHI,1,3000,0.0,0.0,0.0,0.0
Collin Johnson,WR,WR/FLEX,CHI,1,3000,0.0,0.0,0.0,0.0
Freddie Swain,WR,WR/FLEX,CHI,1,3000,0.0,0.0,0.0,0.0
Bryce Oliver,WR,WR/FLEX,TEN,1,3000,0.0,0.0,0.0,0.0
Mason Kinsey,WR,WR/FLEX,TEN,1,3000,0.0,0.0,0.0,0.0
Samori Toure,WR,WR/FLEX,CHI,1,3000,0.0,0.0,0.0,0.0
Tyquan Thornton,WR,WR/FLEX,NE,1,3000,0.0,0.0,0.0,0.0
Javon Baker,WR,WR/FLEX,NE,1,3000,0.0,0.0,0.0,0.0
Kayshon Boutte,WR,WR/FLEX,NE,1,3000,0.0,0.0,0.0,0.0
JaQuae Jackson,WR,WR/FLEX,NE,1,3000,0.0,0.0,0.0,0.0
Matt Landers,WR,WR/FLEX,NE,1,3000,0.0,0.0,0.0,0.0
Andrei Iosivas,WR,WR/FLEX,CIN,1,3000,2.50%,5.6,5.6,0.0
Charlie Jones,WR,WR/FLEX,CIN,1,3000,0.0,0.0,0.0,0.0
Cole Burgess,WR,WR/FLEX,CIN,1,3000,0.0,0.0,0.0,0.0
Shedrick Jackson,WR,WR/FLEX,CIN,1,3000,0.0,0.0,0.0,0.0
Kendric Pryor,WR,WR/FLEX,CIN,1,3000,0.0,0.0,0.0,0.0
Mike Gesicki,TE,TE/FLEX,CIN,1,3000,0.50%,4.8,4.8,0.0
Jalen Reagor,WR,WR/FLEX,NE,1,3000,0.0,0.0,0.0,0.0
Ashton Dulin,WR,WR/FLEX,IND,1,3000,0.0,0.0,0.0,0.0
Anthony Gould,WR,WR/FLEX,IND,1,3000,0.0,0.0,0.0,0.0
Juwann Winfree,WR,WR/FLEX,IND,1,3000,0.0,0.0,0.0,0.0
D.J. Montgomery,WR,WR/FLEX,IND,1,3000,0.0,0.0,0.0,0.0
Laquon Treadwell,WR,WR/FLEX,IND,1,3000,0.0,0.0,0.0,0.0
John Metchie III,WR,WR/FLEX,HOU,1,3000,0.50%,0.0,0.0,0.0
Xavier Hutchinson,WR,WR/FLEX,HOU,1,3000,0.0,0.0,0.0,0.0
Steven Sims,WR,WR/FLEX,HOU,1,3000,0.0,0.0,0.0,0.0
Johnny Johnson III,WR,WR/FLEX,HOU,1,3000,0.0,0.0,0.0,0.0
Xavier Johnson,WR,WR/FLEX,HOU,1,3000,0.0,0.0,0.0,0.0
Devin Duvernay,WR,WR/FLEX,JAX,1,3000,0.0,0.0,0.0,0.0
Tim Jones,WR,WR/FLEX,JAX,1,3000,0.0,0.0,0.0,0.0
David White Jr.,WR,WR/FLEX,JAX,1,3000,0.0,0.0,0.0,0.0
Austin Trammell,WR,WR/FLEX,JAX,1,3000,0.0,0.0,0.0,0.0
Elijah Cooks,WR,WR/FLEX,JAX,1,3000,0.0,0.0,0.0,0.0
Joshua Cephus,WR,WR/FLEX,JAX,1,3000,0.0,0.0,0.0,0.0
Braxton Berrios,WR,WR/FLEX,MIA,1,3000,0.0,0.0,0.0,0.0
Malik Washington,WR,WR/FLEX,MIA,1,3000,0.0,0.0,0.0,0.0
Grant DuBose,WR,WR/FLEX,MIA,1,3000,0.0,0.0,0.0,0.0
River Cracraft,WR,WR/FLEX,MIA,1,3000,0.0,0.0,0.0,0.0
Tahj Washington,WR,WR/FLEX,MIA,1,3000,0.0,0.0,0.0,0.0
Anthony Schwartz,WR,WR/FLEX,MIA,1,3000,0.0,0.0,0.0,0.0
Braylon Sanders,WR,WR/FLEX,MIA,1,3000,0.0,0.0,0.0,0.0
Louis Rees-Zammit,WR,WR/FLEX,JAX,1,3000,0.0,0.0,0.0,0.0
Erik Ezukanma,WR,WR/FLEX,MIA,1,3000,0.0,0.0,0.0,0.0
Robbie Chosen,WR,WR/FLEX,MIA,1,3000,0.0,0.0,0.0,0.0
Dee Eskridge,WR,WR/FLEX,MIA,1,3000,0.0,0.0,0.0,0.0
David Moore,WR,WR/FLEX,CAR,1,3000,1.00%,2.4,2.4,0.0
Devin Carter,WR,WR/FLEX,CAR,1,3000,0.0,0.0,0.0,0.0
Bub Means,WR,WR/FLEX,NO,1,3000,0.0,0.0,0.0,0.0
Mason Tipton,WR,WR/FLEX,NO,1,3000,0.0,0.0,0.0,0.0
Kevin Austin Jr.,WR,WR/FLEX,NO,1,3000,0.0,0.0,0.0,0.0
Jalen Coker,WR,WR/FLEX,CAR,1,3000,0.0,0.0,0.0,0.0
Equanimeous St. Brown,WR,WR/FLEX,NO,1,3000,0.0,0.0,0.0,0.0
Gunner Olszewski,WR,WR/FLEX,NYG,1,3000,0.0,0.0,0.0,0.0
Bryce Ford-Wheaton,WR,WR/FLEX,NYG,1,3000,0.0,0.0,0.0,0.0
Isaiah McKenzie,WR,WR/FLEX,NYG,1,3000,0.0,0.0,0.0,0.0
Chase Cota,WR,WR/FLEX,NYG,1,3000,0.0,0.0,0.0,0.0
Dennis Houston,WR,WR/FLEX,NYG,1,3000,0.0,0.0,0.0,0.0
Jalen Nailor,WR,WR/FLEX,MIN,1,3000,0.50%,9.1,3.1,6.0
Trishton Jackson,WR,WR/FLEX,MIN,1,3000,0.0,0.0,0.0,0.0
Malik Knowles,WR,WR/FLEX,MIN,1,3000,0.0,0.0,0.0,0.0
Jeshaun Jones,WR,WR/FLEX,MIN,1,3000,0.0,0.0,0.0,0.0
Thayer Thomas,WR,WR/FLEX,MIN,1,3000,0.0,0.0,0.0,0.0
Lucky Jackson,WR,WR/FLEX,MIN,1,3000,0.0,0.0,0.0,0.0
Daniel Bellinger,TE,TE/FLEX,NYG,1,3000,0.0,0.0,0.0,0.0
Miles Boykin,WR,WR/FLEX,NYG,1,3000,0.0,0.0,0.0,0.0
Isaiah Hodgins,WR,WR/FLEX,NYG,1,3000,0.0,0.0,0.0,0.0
Derius Davis,WR,WR/FLEX,LAC,1,3000,0.0,0.0,0.0,0.0
Brenden Rice,WR,WR/FLEX,LAC,1,3000,0.0,0.0,0.0,0.0
Simi Fehoko,WR,WR/FLEX,LAC,1,3000,0.0,0.0,0.0,0.0
DJ Turner,WR,WR/FLEX,LV,1,3000,0.0,0.0,0.0,0.0
Ramel Keyton,WR,WR/FLEX,LV,1,3000,0.0,0.0,0.0,0.0
Jeff Foreman,WR,WR/FLEX,LV,1,3000,0.0,0.0,0.0,0.0
Alex Bachman,WR,WR/FLEX,LV,1,3000,0.0,0.0,0.0,0.0
Jalen Guyton,WR,WR/FLEX,LV,1,3000,0.0,0.0,0.0,0.0
Kristian Wilkerson,WR,WR/FLEX,LV,1,3000,0.0,0.0,0.0,0.0
Hayden Hurst,TE,TE/FLEX,LAC,1,3000,0.0,0.0,0.0,0.0
Cornelius Johnson,WR,WR/FLEX,LAC,1,3000,0.0,0.0,0.0,0.0
Jaylen Johnson,WR,WR/FLEX,LAC,1,3000,0.0,0.0,0.0,0.0
Justin Shorter,WR,WR/FLEX,LV,1,3000,0.0,0.0,0.0,0.0
Jake Bobo,WR,WR/FLEX,SEA,1,3000,0.0,0.0,0.0,0.0
Dareke Young,WR,WR/FLEX,SEA,1,3000,0.50%,0.0,0.0,0.0
Troy Franklin,WR,WR/FLEX,DEN,1,3000,0.0,0.0,0.0,0.0
Devaughn Vele,WR,WR/FLEX,DEN,1,3000,0.0,0.0,0.0,0.0
Lil'Jordan Humphrey,WR,WR/FLEX,DEN,1,3000,0.0,0.0,0.0,0.0
David Sills V,WR,WR/FLEX,DEN,1,3000,0.0,0.0,0.0,0.0
Michael Bandy,WR,WR/FLEX,DEN,1,3000,0.0,0.0,0.0,0.0
Greg Dulcich,TE,TE/FLEX,DEN,1,3000,0.50%,3.2,3.2,0.0
Cody White,WR,WR/FLEX,SEA,1,3000,0.0,0.0,0.0,0.0
Easop Winston Jr.,WR,WR/FLEX,SEA,1,3000,0.0,0.0,0.0,0.0
Olamide Zaccheaus,WR,WR/FLEX,WAS,1,3000,0.0,0.0,0.0,0.0
Dyami Brown,WR,WR/FLEX,WAS,1,3000,0.50%,0.0,0.0,0.0
Jamison Crowder,WR,WR/FLEX,WAS,1,3000,0.0,0.0,0.0,0.0
Byron Pringle,WR,WR/FLEX,WAS,1,3000,1.00%,0.0,0.0,0.0
Kazmeir Allen,WR,WR/FLEX,WAS,1,3000,0.0,0.0,0.0,0.0
Mitchell Tinsley,WR,WR/FLEX,WAS,1,3000,0.0,0.0,0.0,0.0
Rakim Jarrett,WR,WR/FLEX,TB,1,3000,0.0,0.0,0.0,0.0
Kameron Johnson,WR,WR/FLEX,TB,1,3000,0.0,0.0,0.0,0.0
Noah Brown,WR,WR/FLEX,WAS,1,3000,1.00%,0.0,0.0,0.0
Brycen Tremayne,WR,WR/FLEX,WAS,1,3000,0.0,0.0,0.0,0.0
Ryan Miller,WR,WR/FLEX,TB,1,3000,0.0,0.0,0.0,0.0
Cody Thompson,WR,WR/FLEX,TB,1,3000,0.0,0.0,0.0,0.0
Sterling Shepard,WR,WR/FLEX,TB,1,3000,0.0,0.0,0.0,0.0
Jordan Whittington,WR,WR/FLEX,LAR,1,3000,0.50%,0.0,0.0,0.0
Tyler Johnson,WR,WR/FLEX,LAR,1,3000,1.00%,12.9,12.9,0.0
Isaiah Williams,WR,WR/FLEX,DET,1,3000,0.0,0.0,0.0,0.0
Tre'Quan Smith,WR,WR/FLEX,DET,1,3000,0.50%,0.0,0.0,0.0
Antoine Green,WR,WR/FLEX,DET,1,3000,0.0,0.0,0.0,0.0
Tom Kennedy,WR,WR/FLEX,DET,1,3000,0.0,0.0,0.0,0.0
Allen Robinson II,WR,WR/FLEX,DET,1,3000,0.0,0.0,0.0,0.0
Drake Stoops,WR,WR/FLEX,LAR,1,3000,0.0,0.0,0.0,0.0
Sam Wiglusz,WR,WR/FLEX,LAR,1,3000,0.0,0.0,0.0,0.0
Xavier Smith,WR,WR/FLEX,LAR,1,3000,0.0,0.0,0.0,0.0
Donovan Peoples-Jones,WR,WR/FLEX,DET,1,3000,0.0,0.0,0.0,0.0
Eagles,DST,DST,PHI,1,2900,0.50%,3.0,0.0,0.0
Steelers,DST,DST,PIT,1,2900,3.00%,12.0,0.0,0.0
Tanner Hudson,TE,TE/FLEX,CIN,1,2900,1.00%,2.8,2.8,0.0
Kylen Granson,TE,TE/FLEX,IND,1,2900,1.00%,0.0,0.0,0.0
Johnny Mundt,TE,TE/FLEX,MIN,1,2900,2.00%,3.5,3.5,0.0
Chargers,DST,DST,LAC,1,2900,5.50%,14.0,0.0,0.0
Davis Allen,TE,TE/FLEX,LAR,1,2900,0.0,0.0,0.0,0.0
Elijah Higgins,TE,TE/FLEX,ARI,1,2800,0.0,0.0,0.0,0.0
Titans,DST,DST,TEN,1,2800,0.50%,5.0,0.0,0.0
Brevin Jordan,TE,TE/FLEX,HOU,1,2800,0.0,0.0,0.0,0.0
N'Keal Harry,TE,TE/FLEX,MIN,1,2800,0.0,0.0,0.0,0.0
Raiders,DST,DST,LV,1,2800,4.50%,1.0,0.0,0.0
Lions,DST,DST,DET,1,2800,1.00%,5.0,0.0,0.0
Ravens,DST,DST,BAL,1,2700,3.50%,4.0,0.0,0.0
Drew Sample,TE,TE/FLEX,CIN,1,2700,0.0,0.0,0.0,0.0
Texans,DST,DST,HOU,1,2700,4.00%,4.0,0.0,0.0
Jaguars,DST,DST,JAX,1,2700,0.0,0.0,0.0,0.0
Ben Sinnott,TE,TE/FLEX,WAS,1,2700,1.00%,0.0,0.0,0.0
Noah Gray,TE,TE/FLEX,KC,1,2600,1.50%,6.7,6.7,0.0
Packers,DST,DST,GB,1,2600,1.00%,7.0,0.0,0.0
Patriots,DST,DST,NE,1,2600,1.00%,11.0,0.0,0.0
Colts,DST,DST,IND,1,2600,2.00%,5.0,0.0,0.0
Robert Tonyan,TE,TE/FLEX,MIN,1,2600,0.50%,0.0,0.0,0.0
Lucas Krull,TE,TE/FLEX,DEN,1,2600,0.0,0.0,0.0,0.0
Brock Wright,TE,TE/FLEX,DET,1,2600,0.0,0.0,0.0,0.0
Charlie Kolar,TE,TE/FLEX,BAL,1,2500,0.0,0.0,0.0,0.0
Jared Wiley,TE,TE/FLEX,KC,1,2500,0.0,0.0,0.0,0.0
Peyton Hendershot,TE,TE/FLEX,KC,1,2500,0.0,0.0,0.0,0.0
James Winchester,TE,TE/FLEX,KC,1,2500,0.0,0.0,0.0,0.0
Qadir Ismail,TE,TE/FLEX,BAL,1,2500,0.0,0.0,0.0,0.0
Baylor Cupp,TE,TE/FLEX,KC,1,2500,0.0,0.0,0.0,0.0
Luke Schoonmaker,TE,TE/FLEX,DAL,1,2500,0.0,0.0,0.0,0.0
Brevyn Spann-Ford,TE,TE/FLEX,DAL,1,2500,0.0,0.0,0.0,0.0
Princeton Fant,TE,TE/FLEX,DAL,1,2500,0.50%,0.0,0.0,0.0
Jordan Akins,TE,TE/FLEX,CLE,1,2500,0.0,0.0,0.0,0.0
Blake Whiteheart,TE,TE/FLEX,CLE,1,2500,0.0,0.0,0.0,0.0
Cameron Latu,TE,TE/FLEX,CLE,1,2500,0.0,0.0,0.0,0.0
Jake Tonges,TE,TE/FLEX,SF,1,2500,0.0,0.0,0.0,0.0
Brayden Willis,TE,TE/FLEX,SF,1,2500,0.0,0.0,0.0,0.0
Mason Pline,TE,TE/FLEX,SF,1,2500,0.0,0.0,0.0,0.0
Jeremy Ruckert,TE,TE/FLEX,NYJ,1,2500,0.0,0.0,0.0,0.0
Brenden Bates,TE,TE/FLEX,NYJ,1,2500,0.0,0.0,0.0,0.0
Kenny Yeboah,TE,TE/FLEX,NYJ,1,2500,0.0,0.0,0.0,0.0
Eric Saubert,TE,TE/FLEX,SF,1,2500,0.0,0.0,0.0,0.0
Anthony Firkser,TE,TE/FLEX,NYJ,1,2500,0.0,0.0,0.0,0.0
Zack Kuntz,TE,TE/FLEX,NYJ,1,2500,0.0,0.0,0.0,0.0
Grant Calcaterra,TE,TE/FLEX,PHI,1,2500,0.0,0.0,0.0,0.0
Albert Okwuegbunam Jr.,TE,TE/FLEX,PHI,1,2500,0.0,0.0,0.0,0.0
McCallan Castles,TE,TE/FLEX,PHI,1,2500,0.0,0.0,0.0,0.0
E.J. Jenkins,TE,TE/FLEX,PHI,1,2500,0.0,0.0,0.0,0.0
Jack Stoll,TE,TE/FLEX,PHI,1,2500,0.0,0.0,0.0,0.0
Ben Sims,TE,TE/FLEX,GB,1,2500,0.0,0.0,0.0,0.0
Tyler Davis,TE,TE/FLEX,GB,1,2500,0.0,0.0,0.0,0.0
Messiah Swinson,TE,TE/FLEX,GB,1,2500,0.0,0.0,0.0,0.0
Kevin Foelsch,TE,TE/FLEX,PHI,1,2500,0.0,0.0,0.0,0.0
Darnell Washington,TE,TE/FLEX,PIT,1,2500,0.0,0.0,0.0,0.0
Connor Heyward,TE,TE/FLEX,PIT,1,2500,0.0,0.0,0.0,0.0
MyCole Pruitt,TE,TE/FLEX,PIT,1,2500,0.0,0.0,0.0,0.0
Charlie Woerner,TE,TE/FLEX,ATL,1,2500,0.0,0.0,0.0,0.0
Ross Dwelley,TE,TE/FLEX,ATL,1,2500,0.0,0.0,0.0,0.0
Rodney Williams,TE,TE/FLEX,PIT,1,2500,0.0,0.0,0.0,0.0
John FitzPatrick,TE,TE/FLEX,ATL,1,2500,0.0,0.0,0.0,0.0
Tip Reiman,TE,TE/FLEX,ARI,1,2500,0.0,0.0,0.0,0.0
Travis Vokolek,TE,TE/FLEX,ARI,1,2500,0.0,0.0,0.0,0.0
Sage Surratt,TE,TE/FLEX,ARI,1,2500,0.0,0.0,0.0,0.0
Quintin Morris,TE,TE/FLEX,BUF,1,2500,0.0,0.0,0.0,0.0
Zach Davidson,TE,TE/FLEX,BUF,1,2500,0.0,0.0,0.0,0.0
Bernhard Seikovits,TE,TE/FLEX,ARI,1,2500,0.0,0.0,0.0,0.0
Jordan Murray,TE,TE/FLEX,ARI,1,2500,0.0,0.0,0.0,0.0
Josh Whyle,TE,TE/FLEX,TEN,1,2500,0.0,0.0,0.0,0.0
Thomas Odukoya,TE,TE/FLEX,TEN,1,2500,0.0,0.0,0.0,0.0
David Martin-Robinson,TE,TE/FLEX,TEN,1,2500,0.0,0.0,0.0,0.0
Nick Vannett,TE,TE/FLEX,TEN,1,2500,0.0,0.0,0.0,0.0
Marcedes Lewis,TE,TE/FLEX,CHI,1,2500,0.0,0.0,0.0,0.0
Patrick Scales,TE,TE/FLEX,CHI,1,2500,0.0,0.0,0.0,0.0
Stephen Carlson,TE,TE/FLEX,CHI,1,2500,0.0,0.0,0.0,0.0
Jaheim Bell,TE,TE/FLEX,NE,1,2500,0.0,0.0,0.0,0.0
Mitchell Wilcox,TE,TE/FLEX,NE,1,2500,0.0,0.0,0.0,0.0
Erick All Jr.,TE,TE/FLEX,CIN,1,2500,0.0,0.0,0.0,0.0
Tanner McLachlan,TE,TE/FLEX,CIN,1,2500,0.0,0.0,0.0,0.0
Cam Grandy,TE,TE/FLEX,CIN,1,2500,0.0,0.0,0.0,0.0
Cal Adomitis,TE,TE/FLEX,CIN,1,2500,0.0,0.0,0.0,0.0
Mo Alie-Cox,TE,TE/FLEX,IND,1,2500,0.50%,0.0,0.0,0.0
Drew Ogletree,TE,TE/FLEX,IND,1,2500,0.0,0.0,0.0,0.0
Will Mallory,TE,TE/FLEX,IND,1,2500,0.50%,0.0,0.0,0.0
Cade Stover,TE,TE/FLEX,HOU,1,2500,0.0,0.0,0.0,0.0
Dalton Keene,TE,TE/FLEX,HOU,1,2500,0.0,0.0,0.0,0.0
Teagan Quitoriano,TE,TE/FLEX,HOU,1,2500,0.0,0.0,0.0,0.0
Sean McKeon,TE,TE/FLEX,IND,1,2500,0.0,0.0,0.0,0.0
Cole Fotheringham,TE,TE/FLEX,HOU,1,2500,0.0,0.0,0.0,0.0
Luke Farrell,TE,TE/FLEX,JAX,1,2500,0.0,0.0,0.0,0.0
Brenton Strange,TE,TE/FLEX,JAX,1,2500,0.50%,0.0,0.0,0.0
Patrick Murtagh,TE,TE/FLEX,JAX,1,2500,0.50%,0.0,0.0,0.0
Josiah Deguara,TE,TE/FLEX,JAX,1,2500,0.0,0.0,0.0,0.0
Shawn Bowman,TE,TE/FLEX,JAX,1,2500,0.0,0.0,0.0,0.0
Julian Hill,TE,TE/FLEX,MIA,1,2500,0.0,0.0,0.0,0.0
Tanner Conner,TE,TE/FLEX,MIA,1,2500,0.0,0.0,0.0,0.0
Hayden Rucci,TE,TE/FLEX,MIA,1,2500,0.0,0.0,0.0,0.0
Tommy Tremble,TE,TE/FLEX,CAR,1,2500,0.0,0.0,0.0,0.0
Ian Thomas,TE,TE/FLEX,CAR,1,2500,0.0,0.0,0.0,0.0
Ja'Tavion Sanders,TE,TE/FLEX,CAR,1,2500,0.0,0.0,0.0,0.0
Jordan Matthews,TE,TE/FLEX,CAR,1,2500,0.0,0.0,0.0,0.0
Foster Moreau,TE,TE/FLEX,NO,1,2500,0.50%,14.3,8.3,6.0
Dallin Holker,TE,TE/FLEX,NO,1,2500,0.0,0.0,0.0,0.0
Kevin Rader,TE,TE/FLEX,NO,1,2500,0.0,0.0,0.0,0.0
Mason Fairchild,TE,TE/FLEX,NO,1,2500,0.0,0.0,0.0,0.0
Zach Wood,TE,TE/FLEX,NO,1,2500,0.0,0.0,0.0,0.0
Michael Jacobson,TE,TE/FLEX,NO,1,2500,0.0,0.0,0.0,0.0
Feleipe Franks,TE,TE/FLEX,CAR,1,2500,0.0,0.0,0.0,0.0
Treyton Welch,TE,TE/FLEX,NO,1,2500,0.0,0.0,0.0,0.0
Theo Johnson,TE,TE/FLEX,NYG,1,2500,0.0,0.0,0.0,0.0
Chris Manhertz,TE,TE/FLEX,NYG,1,2500,0.0,0.0,0.0,0.0
Nick Muse,TE,TE/FLEX,MIN,1,2500,0.0,0.0,0.0,0.0
Andrew DePaola,TE,TE/FLEX,MIN,1,2500,0.0,0.0,0.0,0.0
Sammis Reyes,TE,TE/FLEX,MIN,1,2500,0.0,0.0,0.0,0.0
Lawrence Cager,TE,TE/FLEX,NYG,1,2500,0.0,0.0,0.0,0.0
Stone Smartt,TE,TE/FLEX,LAC,1,2500,0.0,0.0,0.0,0.0
Harrison Bryant,TE,TE/FLEX,LV,1,2500,0.0,0.0,0.0,0.0
John Samuel Shenker,TE,TE/FLEX,LV,1,2500,0.0,0.0,0.0,0.0
Tucker Fisk,TE,TE/FLEX,LAC,1,2500,0.0,0.0,0.0,0.0
Luke Benson,TE,TE/FLEX,LAC,1,2500,0.0,0.0,0.0,0.0
Eric Tomlinson,TE,TE/FLEX,LAC,1,2500,0.0,0.0,0.0,0.0
Pharaoh Brown,TE,TE/FLEX,SEA,1,2500,0.0,0.0,0.0,0.0
Brady Russell,TE,TE/FLEX,SEA,1,2500,0.0,0.0,0.0,0.0
AJ Barner,TE,TE/FLEX,SEA,1,2500,0.0,0.0,0.0,0.0
Jack Westover,TE,TE/FLEX,SEA,1,2500,0.0,0.0,0.0,0.0
Nate Adkins,TE,TE/FLEX,DEN,1,2500,0.50%,0.0,0.0,0.0
Thomas Yassmin,TE,TE/FLEX,DEN,1,2500,0.0,0.0,0.0,0.0
Mitchell Fraboni,TE,TE/FLEX,DEN,1,2500,0.0,0.0,0.0,0.0
Broncos,DST,DST,DEN,1,2500,6.00%,10.0,0.0,0.0
Tyler Mabry,TE,TE/FLEX,SEA,1,2500,0.0,0.0,0.0,0.0
Donald Parham Jr.,TE,TE/FLEX,DEN,1,2500,0.50%,0.0,0.0,0.0
John Bates,TE,TE/FLEX,WAS,1,2500,0.0,0.0,0.0,0.0
Colson Yankoff,TE,TE/FLEX,WAS,1,2500,0.0,0.0,0.0,0.0
Tyler Ott,TE,TE/FLEX,WAS,1,2500,0.0,0.0,0.0,0.0
Payne Durham,TE,TE/FLEX,TB,1,2500,0.0,0.0,0.0,0.0
Ko Kieft,TE,TE/FLEX,TB,1,2500,0.0,0.0,0.0,0.0
Devin Culp,TE,TE/FLEX,TB,1,2500,0.0,0.0,0.0,0.0
Evan Deckers,TE,TE/FLEX,TB,1,2500,0.0,0.0,0.0,0.0
Commanders,DST,DST,WAS,1,2500,3.00%,-3.0,0.0,0.0
Cole Turner,TE,TE/FLEX,WAS,1,2500,0.0,0.0,0.0,0.0
Tanner Taula,TE,TE/FLEX,TB,1,2500,0.0,0.0,0.0,0.0
Hunter Long,TE,TE/FLEX,LAR,1,2500,0.50%,0.0,0.0,0.0
Parker Hesse,TE,TE/FLEX,DET,1,2500,0.0,0.0,0.0,0.0
James Mitchell,TE,TE/FLEX,DET,1,2500,0.0,0.0,0.0,0.0
Shane Zylstra,TE,TE/FLEX,DET,1,2500,0.0,0.0,0.0,0.0
Rams,DST,DST,LAR,1,2500,1.00%,4.0,0.0,0.0
Nikola Kalinic,TE,TE/FLEX,LAR,1,2500,0.0,0.0,0.0,0.0
Miller Forristall,TE,TE/FLEX,LAR,1,2500,0.0,0.0,0.0,0.0
Cardinals,DST,DST,ARI,1,2400,3.00%,9.0,0.0,0.0
Panthers,DST,DST,CAR,1,2400,8.00%,-1.0,0.0,0.0
CeeDee Lamb,WR,WR/FLEX,DAL,2,8800,0.0,0.0,0.0,0.0
Christian McCaffrey,RB,RB/FLEX,SF,2,8700,0.0,0.0,0.0,0.0
Justin Jefferson,WR,WR/FLEX,MIN,2,8300,0.0,0.0,0.0,0.0
Amon-Ra St. Brown,WR,WR/FLEX,DET,2,8100,0.0,0.0,0.0,0.0
Ja'Marr Chase,WR,WR/FLEX,CIN,2,7800,0.0,0.0,0.0,0.0
Lamar Jackson,QB,QB,BAL,2,7700,0.0,0.0,0.0,0.0
Jonathan Taylor,RB,RB/FLEX,IND,2,7700,0.0,0.0,0.0,0.0
Cooper Kupp,WR,WR/FLEX,LAR,2,7600,0.0,0.0,0.0,0.0
Mike Evans,WR,WR/FLEX,TB,2,7500,0.0,0.0,0.0,0.0
Breece Hall,RB,RB/FLEX,NYJ,2,7400,0.0,0.0,0.0,0.0
Davante Adams,WR,WR/FLEX,LV,2,7300,0.0,0.0,0.0,0.0
Travis Etienne Jr.,RB,RB/FLEX,JAX,2,7200,0.0,0.0,0.0,0.0
Garrett Wilson,WR,WR/FLEX,NYJ,2,7100,0.0,0.0,0.0,0.0
Patrick Mahomes,QB,QB,KC,2,7000,0.0,0.0,0.0,0.0
Alvin Kamara,RB,RB/FLEX,NO,2,7000,0.0,0.0,0.0,0.0
Puka Nacua,WR,WR/FLEX,LAR,2,7000,0.0,0.0,0.0,0.0
Isiah Pacheco,RB,RB/FLEX,KC,2,6900,0.0,0.0,0.0,0.0
Marvin Harrison Jr.,WR,WR/FLEX,ARI,2,6900,0.0,0.0,0.0,0.0
Anthony Richardson,QB,QB,IND,2,6800,0.0,0.0,0.0,0.0
Deebo Samuel Sr.,WR,WR/FLEX,SF,2,6800,0.0,0.0,0.0,0.0
Kyren Williams,RB,RB/FLEX,LAR,2,6800,0.0,0.0,0.0,0.0
Rashee Rice,WR,WR/FLEX,KC,2,6700,0.0,0.0,0.0,0.0
Derrick Henry,RB,RB/FLEX,BAL,2,6700,0.0,0.0,0.0,0.0
Dak Prescott,QB,QB,DAL,2,6700,0.0,0.0,0.0,0.0
Jahmyr Gibbs,RB,RB/FLEX,DET,2,6600,0.0,0.0,0.0,0.0
Michael Pittman Jr.,WR,WR/FLEX,IND,2,6600,0.0,0.0,0.0,0.0
Kyler Murray,QB,QB,ARI,2,6600,0.0,0.0,0.0,0.0
Jordan Love,QB,QB,GB,2,6500,0.0,0.0,0.0,0.0
Josh Jacobs,RB,RB/FLEX,GB,2,6500,0.0,0.0,0.0,0.0
Brandon Aiyuk,WR,WR/FLEX,SF,2,6500,0.0,0.0,0.0,0.0
Chris Olave,WR,WR/FLEX,NO,2,6400,0.0,0.0,0.0,0.0
Jared Goff,QB,QB,DET,2,6400,0.0,0.0,0.0,0.0
James Conner,RB,RB/FLEX,ARI,2,6400,0.0,0.0,0.0,0.0
Joe Burrow,QB,QB,CIN,2,6300,0.0,0.0,0.0,0.0
Zay Flowers,WR,WR/FLEX,BAL,2,6300,0.0,0.0,0.0,0.0
Rachaad White,RB,RB/FLEX,TB,2,6300,0.0,0.0,0.0,0.0
Sam LaPorta,TE,TE/FLEX,DET,2,6300,0.0,0.0,0.0,0.0
Kenneth Walker III,RB,RB/FLEX,SEA,2,6300,0.0,0.0,0.0,0.0
Travis Kelce,TE,TE/FLEX,KC,2,6200,0.0,0.0,0.0,0.0
Amari Cooper,WR,WR/FLEX,CLE,2,6200,0.0,0.0,0.0,0.0
Rhamondre Stevenson,RB,RB/FLEX,NE,2,6200,0.0,0.0,0.0,0.0
Jayden Daniels,QB,QB,WAS,2,6200,0.0,0.0,0.0,0.0
Xavier Worthy,WR,WR/FLEX,KC,2,6100,0.0,0.0,0.0,0.0
Brock Purdy,QB,QB,SF,2,6100,0.0,0.0,0.0,0.0
Aaron Jones,RB,RB/FLEX,MIN,2,6100,0.0,0.0,0.0,0.0
David Montgomery,RB,RB/FLEX,DET,2,6000,0.0,0.0,0.0,0.0
Chris Godwin,WR,WR/FLEX,TB,2,6000,0.0,0.0,0.0,0.0
Jayden Reed,WR,WR/FLEX,GB,2,6000,0.0,0.0,0.0,0.0
Matthew Stafford,QB,QB,LAR,2,6000,0.0,0.0,0.0,0.0
Trey McBride,TE,TE/FLEX,ARI,2,6000,0.0,0.0,0.0,0.0
Tee Higgins,WR,WR/FLEX,CIN,2,5900,0.0,0.0,0.0,0.0
Baker Mayfield,QB,QB,TB,2,5900,0.0,0.0,0.0,0.0
Jerome Ford,RB,RB/FLEX,CLE,2,5900,0.0,0.0,0.0,0.0
Nick Chubb,RB,RB/FLEX,CLE,2,5900,0.0,0.0,0.0,0.0
DK Metcalf,WR,WR/FLEX,SEA,2,5900,0.0,0.0,0.0,0.0
Aaron Rodgers,QB,QB,NYJ,2,5900,0.0,0.0,0.0,0.0
Tony Pollard,RB,RB/FLEX,TEN,2,5900,0.0,0.0,0.0,0.0
Malik Nabers,WR,WR/FLEX,NYG,2,5900,0.0,0.0,0.0,0.0
Justin Herbert,QB,QB,LAC,2,5800,0.0,0.0,0.0,0.0
T.J. Hockenson,TE,TE/FLEX,MIN,2,5800,0.0,0.0,0.0,0.0
Zach Charbonnet,RB,RB/FLEX,SEA,2,5800,0.0,0.0,0.0,0.0
Calvin Ridley,WR,WR/FLEX,TEN,2,5800,0.0,0.0,0.0,0.0
Brian Robinson Jr.,RB,RB/FLEX,WAS,2,5800,0.0,0.0,0.0,0.0
George Pickens,WR,WR/FLEX,PIT,2,5800,0.0,0.0,0.0,0.0
Ezekiel Elliott,RB,RB/FLEX,DAL,2,5700,0.0,0.0,0.0,0.0
Romeo Doubs,WR,WR/FLEX,GB,2,5700,0.0,0.0,0.0,0.0
Trevor Lawrence,QB,QB,JAX,2,5700,0.0,0.0,0.0,0.0
Devin Singletary,RB,RB/FLEX,NYG,2,5700,0.0,0.0,0.0,0.0
Austin Ekeler,RB,RB/FLEX,WAS,2,5700,0.0,0.0,0.0,0.0
Terry McLaurin,WR,WR/FLEX,WAS,2,5700,0.0,0.0,0.0,0.0
Zack Moss,RB,RB/FLEX,CIN,2,5600,0.0,0.0,0.0,0.0
Hollywood Brown,WR,WR/FLEX,KC,2,5600,0.0,0.0,0.0,0.0
Zamir White,RB,RB/FLEX,LV,2,5600,0.0,0.0,0.0,0.0
Brandin Cooks,WR,WR/FLEX,DAL,2,5600,0.0,0.0,0.0,0.0
Deshaun Watson,QB,QB,CLE,2,5600,0.0,0.0,0.0,0.0
Mike Williams,WR,WR/FLEX,NYJ,2,5600,0.0,0.0,0.0,0.0
Christian Kirk,WR,WR/FLEX,JAX,2,5500,0.0,0.0,0.0,0.0
George Kittle,TE,TE/FLEX,SF,2,5500,0.0,0.0,0.0,0.0
Geno Smith,QB,QB,SEA,2,5500,0.0,0.0,0.0,0.0
Najee Harris,RB,RB/FLEX,PIT,2,5500,0.0,0.0,0.0,0.0
Javonte Williams,RB,RB/FLEX,DEN,2,5500,0.0,0.0,0.0,0.0
J.K. Dobbins,RB,RB/FLEX,LAC,2,5400,0.0,0.0,0.0,0.0
Evan Engram,TE,TE/FLEX,JAX,2,5400,0.0,0.0,0.0,0.0
DeAndre Hopkins,WR,WR/FLEX,TEN,2,5400,0.0,0.0,0.0,0.0
Justin Fields,QB,QB,PIT,2,5400,0.0,0.0,0.0,0.0
Russell Wilson,QB,QB,PIT,2,5400,0.0,0.0,0.0,0.0
Jaylen Warren,RB,RB/FLEX,PIT,2,5400,0.0,0.0,0.0,0.0
Courtland Sutton,WR,WR/FLEX,DEN,2,5400,0.0,0.0,0.0,0.0
Alexander Mattison,RB,RB/FLEX,LV,2,5300,0.0,0.0,0.0,0.0
Chuba Hubbard,RB,RB/FLEX,CAR,2,5300,0.0,0.0,0.0,0.0
Derek Carr,QB,QB,NO,2,5300,0.0,0.0,0.0,0.0
Jameson Williams,WR,WR/FLEX,DET,2,5300,0.0,0.0,0.0,0.0
David Njoku,TE,TE/FLEX,CLE,2,5300,0.0,0.0,0.0,0.0
Ty Chandler,RB,RB/FLEX,MIN,2,5300,0.0,0.0,0.0,0.0
Tyler Lockett,WR,WR/FLEX,SEA,2,5300,0.0,0.0,0.0,0.0
Daniel Jones,QB,QB,NYG,2,5300,0.0,0.0,0.0,0.0
Justice Hill,RB,RB/FLEX,BAL,2,5200,0.0,0.0,0.0,0.0
Gus Edwards,RB,RB/FLEX,LAC,2,5200,0.0,0.0,0.0,0.0
Miles Sanders,RB,RB/FLEX,CAR,2,5200,0.0,0.0,0.0,0.0
Adam Thielen,WR,WR/FLEX,CAR,2,5200,0.0,0.0,0.0,0.0
Sam Darnold,QB,QB,MIN,2,5200,0.0,0.0,0.0,0.0
Jordan Mason,RB,RB/FLEX,SF,2,5200,0.0,0.0,0.0,0.0
Jordan Addison,WR,WR/FLEX,MIN,2,5200,0.0,0.0,0.0,0.0
Will Levis,QB,QB,TEN,2,5200,0.0,0.0,0.0,0.0
Tyrod Taylor,QB,QB,NYJ,2,5200,0.0,0.0,0.0,0.0
Gardner Minshew II,QB,QB,LV,2,5100,0.0,0.0,0.0,0.0
Aidan O'Connell,QB,QB,LV,2,5100,0.0,0.0,0.0,0.0
Jakobi Meyers,WR,WR/FLEX,LV,2,5100,0.0,0.0,0.0,0.0
Bryce Young,QB,QB,CAR,2,5100,0.0,0.0,0.0,0.0
Diontae Johnson,WR,WR/FLEX,CAR,2,5100,0.0,0.0,0.0,0.0
Tank Bigsby,RB,RB/FLEX,JAX,2,5100,0.0,0.0,0.0,0.0
Jerry Jeudy,WR,WR/FLEX,CLE,2,5100,0.0,0.0,0.0,0.0
Trey Benson,RB,RB/FLEX,ARI,2,5100,0.0,0.0,0.0,0.0
Mark Andrews,TE,TE/FLEX,BAL,2,5000,0.0,0.0,0.0,0.0
Jonathon Brooks,RB,RB/FLEX,CAR,2,5000,0.0,0.0,0.0,0.0
Joshua Palmer,WR,WR/FLEX,LAC,2,5000,0.0,0.0,0.0,0.0
Malik Willis,QB,QB,GB,2,5000,0.0,0.0,0.0,0.0
Joe Flacco,QB,QB,IND,2,5000,0.0,0.0,0.0,0.0
Christian Watson,WR,WR/FLEX,GB,2,5000,0.0,0.0,0.0,0.0
Jameis Winston,QB,QB,CLE,2,5000,0.0,0.0,0.0,0.0
Jacoby Brissett,QB,QB,NE,2,5000,0.0,0.0,0.0,0.0
Drake Maye,QB,QB,NE,2,5000,0.0,0.0,0.0,0.0
Sam Howell,QB,QB,SEA,2,5000,0.0,0.0,0.0,0.0
Tyjae Spears,RB,RB/FLEX,TEN,2,5000,0.0,0.0,0.0,0.0
Braelon Allen,RB,RB/FLEX,NYJ,2,5000,0.0,0.0,0.0,0.0
Bo Nix,QB,QB,DEN,2,5000,0.0,0.0,0.0,0.0
Ladd McConkey,WR,WR/FLEX,LAC,2,4900,0.0,0.0,0.0,0.0
Bucky Irving,RB,RB/FLEX,TB,2,4900,0.0,0.0,0.0,0.0
Sean Clifford,QB,QB,GB,2,4900,0.0,0.0,0.0,0.0
MarShawn Lloyd,RB,RB/FLEX,GB,2,4900,0.0,0.0,0.0,0.0
Mac Jones,QB,QB,JAX,2,4900,0.0,0.0,0.0,0.0
Jaxon Smith-Njigba,WR,WR/FLEX,SEA,2,4900,0.0,0.0,0.0,0.0
Jake Browning,QB,QB,CIN,2,4800,0.0,0.0,0.0,0.0
Isaiah Likely,TE,TE/FLEX,BAL,2,4800,0.0,0.0,0.0,0.0
Andy Dalton,QB,QB,CAR,2,4800,0.0,0.0,0.0,0.0
Easton Stick,QB,QB,LAC,2,4800,0.0,0.0,0.0,0.0
Jamaal Williams,RB,RB/FLEX,NO,2,4800,0.0,0.0,0.0,0.0
Rico Dowdle,RB,RB/FLEX,DAL,2,4800,0.0,0.0,0.0,0.0
Josh Downs,WR,WR/FLEX,IND,2,4800,0.0,0.0,0.0,0.0
Brian Thomas Jr.,WR,WR/FLEX,JAX,2,4800,0.0,0.0,0.0,0.0
Antonio Gibson,RB,RB/FLEX,NE,2,4800,0.0,0.0,0.0,0.0
Drew Lock,QB,QB,NYG,2,4800,0.0,0.0,0.0,0.0
Desmond Ridder,QB,QB,ARI,2,4800,0.0,0.0,0.0,0.0
Carson Wentz,QB,QB,KC,2,4700,0.0,0.0,0.0,0.0
Chase Brown,RB,RB/FLEX,CIN,2,4700,0.0,0.0,0.0,0.0
Xavier Legette,WR,WR/FLEX,CAR,2,4700,0.0,0.0,0.0,0.0
Jake Ferguson,TE,TE/FLEX,DAL,2,4700,0.0,0.0,0.0,0.0
Dontayvion Wicks,WR,WR/FLEX,GB,2,4700,0.0,0.0,0.0,0.0
Mason Rudolph,QB,QB,TEN,2,4700,0.0,0.0,0.0,0.0
Blake Corum,RB,RB/FLEX,LAR,2,4700,0.0,0.0,0.0,0.0
Jake Haener,QB,QB,NO,2,4600,0.0,0.0,0.0,0.0
Cooper Rush,QB,QB,DAL,2,4600,0.0,0.0,0.0,0.0
Rashid Shaheed,WR,WR/FLEX,NO,2,4600,0.0,0.0,0.0,0.0
D'Ernest Johnson,RB,RB/FLEX,JAX,2,4600,0.0,0.0,0.0,0.0
Isaac Guerendo,RB,RB/FLEX,SF,2,4600,0.0,0.0,0.0,0.0
Greg Dortch,WR,WR/FLEX,ARI,2,4600,0.0,0.0,0.0,0.0
Zay Jones,WR,WR/FLEX,ARI,2,4600,0.0,0.0,0.0,0.0
Jarrett Stidham,QB,QB,DEN,2,4600,0.0,0.0,0.0,0.0
Samaje Perine,RB,RB/FLEX,KC,2,4500,0.0,0.0,0.0,0.0
Taylor Heinicke,QB,QB,LAC,2,4500,0.0,0.0,0.0,0.0
Trey Sermon,RB,RB/FLEX,IND,2,4500,0.0,0.0,0.0,0.0
Emanuel Wilson,RB,RB/FLEX,GB,2,4500,0.0,0.0,0.0,0.0
Alec Pierce,WR,WR/FLEX,IND,2,4500,0.0,0.0,0.0,0.0
Joshua Dobbs,QB,QB,SF,2,4500,0.0,0.0,0.0,0.0
Nick Mullens,QB,QB,MIN,2,4500,0.0,0.0,0.0,0.0
DeMario Douglas,WR,WR/FLEX,NE,2,4500,0.0,0.0,0.0,0.0
Isaiah Davis,RB,RB/FLEX,NYJ,2,4500,0.0,0.0,0.0,0.0
Jeff Driskel,QB,QB,WAS,2,4500,0.0,0.0,0.0,0.0
Jaleel McLaughlin,RB,RB/FLEX,DEN,2,4500,0.0,0.0,0.0,0.0
Brock Bowers,TE,TE/FLEX,LV,2,4400,0.0,0.0,0.0,0.0
D'Onta Foreman,RB,RB/FLEX,CLE,2,4400,0.0,0.0,0.0,0.0
Gabe Davis,WR,WR/FLEX,JAX,2,4400,0.0,0.0,0.0,0.0
Israel Abanikanda,RB,RB/FLEX,NYJ,2,4400,0.0,0.0,0.0,0.0
Tyler Boyd,WR,WR/FLEX,TEN,2,4400,0.0,0.0,0.0,0.0
Emari Demercado,RB,RB/FLEX,ARI,2,4400,0.0,0.0,0.0,0.0
Cordarrelle Patterson,RB,RB/FLEX,PIT,2,4400,0.0,0.0,0.0,0.0
Patrick Taylor Jr.,RB,RB/FLEX,SF,2,4300,0.0,0.0,0.0,0.0
Jauan Jennings,WR,WR/FLEX,SF,2,4300,0.0,0.0,0.0,0.0
Kenny McIntosh,RB,RB/FLEX,SEA,2,4300,0.0,0.0,0.0,0.0
Tommy DeVito,QB,QB,NYG,2,4300,0.0,0.0,0.0,0.0
Tyrone Tracy Jr.,RB,RB/FLEX,NYG,2,4300,0.0,0.0,0.0,0.0
Wan'Dale Robinson,WR,WR/FLEX,NYG,2,4300,0.0,0.0,0.0,0.0
Michael Wilson,WR,WR/FLEX,ARI,2,4300,0.0,0.0,0.0,0.0
Josh Reynolds,WR,WR/FLEX,DEN,2,4300,0.0,0.0,0.0,0.0
Kimani Vidal,RB,RB/FLEX,LAC,2,4200,0.0,0.0,0.0,0.0
Sean Tucker,RB,RB/FLEX,TB,2,4200,0.0,0.0,0.0,0.0
Hassan Haskins,RB,RB/FLEX,LAC,2,4100,0.0,0.0,0.0,0.0
Quentin Johnston,WR,WR/FLEX,LAC,2,4100,0.0,0.0,0.0,0.0
Eric Gray,RB,RB/FLEX,NYG,2,4100,0.0,0.0,0.0,0.0
Darius Slayton,WR,WR/FLEX,NYG,2,4100,0.0,0.0,0.0,0.0
Pat Freiermuth,TE,TE/FLEX,PIT,2,4100,0.0,0.0,0.0,0.0
Bailey Zappe,QB,QB,KC,2,4000,0.0,0.0,0.0,0.0
Logan Woodside,QB,QB,CIN,2,4000,0.0,0.0,0.0,0.0
Trayveon Williams,RB,RB/FLEX,CIN,2,4000,0.0,0.0,0.0,0.0
Chris Evans,RB,RB/FLEX,CIN,2,4000,0.0,0.0,0.0,0.0
Carson Steele,RB,RB/FLEX,KC,2,4000,0.0,0.0,0.0,0.0
Clyde Edwards-Helaire,RB,RB/FLEX,KC,2,4000,0.0,0.0,0.0,0.0
Keaontay Ingram,RB,RB/FLEX,KC,2,4000,0.0,0.0,0.0,0.0
Emani Bailey,RB,RB/FLEX,KC,2,4000,0.0,0.0,0.0,0.0
Kendall Milton,RB,RB/FLEX,CIN,2,4000,0.0,0.0,0.0,0.0
Josh Johnson,QB,QB,BAL,2,4000,0.0,0.0,0.0,0.0
Devin Leary,QB,QB,BAL,2,4000,0.0,0.0,0.0,0.0
Tyler Huntley,QB,QB,BAL,2,4000,0.0,0.0,0.0,0.0
Carter Bradley,QB,QB,LV,2,4000,0.0,0.0,0.0,0.0
Ameer Abdullah,RB,RB/FLEX,LV,2,4000,0.0,0.0,0.0,0.0
Keaton Mitchell,RB,RB/FLEX,BAL,2,4000,0.0,0.0,0.0,0.0
Rasheen Ali,RB,RB/FLEX,BAL,2,4000,0.0,0.0,0.0,0.0
Owen Wright,RB,RB/FLEX,BAL,2,4000,0.0,0.0,0.0,0.0
Chris Collier,RB,RB/FLEX,BAL,2,4000,0.0,0.0,0.0,0.0
Patrick Ricard,RB,RB/FLEX,BAL,2,4000,0.0,0.0,0.0,0.0
John Kelly Jr.,RB,RB/FLEX,BAL,2,4000,0.0,0.0,0.0,0.0
Dylan Laube,RB,RB/FLEX,LV,2,4000,0.0,0.0,0.0,0.0
Sincere McCormick,RB,RB/FLEX,LV,2,4000,0.0,0.0,0.0,0.0
Tyreik McAllister,RB,RB/FLEX,LV,2,4000,0.0,0.0,0.0,0.0
Jack Plummer,QB,QB,CAR,2,4000,0.0,0.0,0.0,0.0
Raheem Blackshear,RB,RB/FLEX,CAR,2,4000,0.0,0.0,0.0,0.0
Mike Boone,RB,RB/FLEX,CAR,2,4000,0.0,0.0,0.0,0.0
Dillon Johnson,RB,RB/FLEX,CAR,2,4000,0.0,0.0,0.0,0.0
Jaret Patterson,RB,RB/FLEX,LAC,2,4000,0.0,0.0,0.0,0.0
Spencer Rattler,QB,QB,NO,2,4000,0.0,0.0,0.0,0.0
Trey Lance,QB,QB,DAL,2,4000,0.0,0.0,0.0,0.0
Kendre Miller,RB,RB/FLEX,NO,2,4000,0.0,0.0,0.0,0.0
Jordan Mims,RB,RB/FLEX,NO,2,4000,0.0,0.0,0.0,0.0
Adam Prentice,RB,RB/FLEX,NO,2,4000,0.0,0.0,0.0,0.0
Jacob Kibodi,RB,RB/FLEX,NO,2,4000,0.0,0.0,0.0,0.0
Hunter Luepke,RB,RB/FLEX,DAL,2,4000,0.0,0.0,0.0,0.0
Dalvin Cook,RB,RB/FLEX,DAL,2,4000,0.0,0.0,0.0,0.0
Malik Davis,RB,RB/FLEX,DAL,2,4000,0.0,0.0,0.0,0.0
Deuce Vaughn,RB,RB/FLEX,DAL,2,4000,0.0,0.0,0.0,0.0
Cowboys,DST,DST,DAL,2,4000,0.0,0.0,0.0,0.0
Kyle Trask,QB,QB,TB,2,4000,0.0,0.0,0.0,0.0
Michael Pratt,QB,QB,TB,2,4000,0.0,0.0,0.0,0.0
Hendon Hooker,QB,QB,DET,2,4000,0.0,0.0,0.0,0.0
Jake Fromm,QB,QB,DET,2,4000,0.0,0.0,0.0,0.0
Chase Edmonds,RB,RB/FLEX,TB,2,4000,0.0,0.0,0.0,0.0
Craig Reynolds,RB,RB/FLEX,DET,2,4000,0.0,0.0,0.0,0.0
D.J. Williams,RB,RB/FLEX,TB,2,4000,0.0,0.0,0.0,0.0
Sione Vaki,RB,RB/FLEX,DET,2,4000,0.0,0.0,0.0,0.0
Jermar Jefferson,RB,RB/FLEX,DET,2,4000,0.0,0.0,0.0,0.0
Sam Ehlinger,QB,QB,IND,2,4000,0.0,0.0,0.0,0.0
Jason Bean,QB,QB,IND,2,4000,0.0,0.0,0.0,0.0
Evan Hull,RB,RB/FLEX,IND,2,4000,0.0,0.0,0.0,0.0
La'Mical Perine,RB,RB/FLEX,GB,2,4000,0.0,0.0,0.0,0.0
Tyler Goodson,RB,RB/FLEX,IND,2,4000,0.0,0.0,0.0,0.0
AJ Dillon,RB,RB/FLEX,GB,2,4000,0.0,0.0,0.0,0.0
Ellis Merriweather,RB,RB/FLEX,GB,2,4000,0.0,0.0,0.0,0.0
Andrew Beck,RB,RB/FLEX,GB,2,4000,0.0,0.0,0.0,0.0
Chris Brooks,RB,RB/FLEX,GB,2,4000,0.0,0.0,0.0,0.0
Adonai Mitchell,WR,WR/FLEX,IND,2,4000,0.0,0.0,0.0,0.0
John Rhys Plumlee,QB,QB,JAX,2,4000,0.0,0.0,0.0,0.0
Dorian Thompson-Robinson,QB,QB,CLE,2,4000,0.0,0.0,0.0,0.0
Nyheim Hines,RB,RB/FLEX,CLE,2,4000,0.0,0.0,0.0,0.0
Keilan Robinson,RB,RB/FLEX,JAX,2,4000,0.0,0.0,0.0,0.0
Jalen Jackson,RB,RB/FLEX,JAX,2,4000,0.0,0.0,0.0,0.0
Pierre Strong Jr.,RB,RB/FLEX,CLE,2,4000,0.0,0.0,0.0,0.0
Gary Brightwell,RB,RB/FLEX,CLE,2,4000,0.0,0.0,0.0,0.0
J.J. McCarthy,QB,QB,MIN,2,4000,0.0,0.0,0.0,0.0
Brandon Allen,QB,QB,SF,2,4000,0.0,0.0,0.0,0.0
Tanner Mordecai,QB,QB,SF,2,4000,0.0,0.0,0.0,0.0
Brett Rypien,QB,QB,MIN,2,4000,0.0,0.0,0.0,0.0
Elijah Mitchell,RB,RB/FLEX,SF,2,4000,0.0,0.0,0.0,0.0
Ke'Shawn Vaughn,RB,RB/FLEX,SF,2,4000,0.0,0.0,0.0,0.0
Kyle Juszczyk,RB,RB/FLEX,SF,2,4000,0.0,0.0,0.0,0.0
Zavier Scott,RB,RB/FLEX,MIN,2,4000,0.0,0.0,0.0,0.0
C.J. Ham,RB,RB/FLEX,MIN,2,4000,0.0,0.0,0.0,0.0
Myles Gaskin,RB,RB/FLEX,MIN,2,4000,0.0,0.0,0.0,0.0
Jaren Hall,QB,QB,SEA,2,4000,0.0,0.0,0.0,0.0
Joe Milton III,QB,QB,NE,2,4000,0.0,0.0,0.0,0.0
JaMycal Hasty,RB,RB/FLEX,NE,2,4000,0.0,0.0,0.0,0.0
Terrell Jennings,RB,RB/FLEX,NE,2,4000,0.0,0.0,0.0,0.0
Kevin Harris,RB,RB/FLEX,NE,2,4000,0.0,0.0,0.0,0.0
George Holani,RB,RB/FLEX,SEA,2,4000,0.0,0.0,0.0,0.0
Jordan Travis,QB,QB,NYJ,2,4000,0.0,0.0,0.0,0.0
Adrian Martinez,QB,QB,NYJ,2,4000,0.0,0.0,0.0,0.0
Xazavian Valladay,RB,RB/FLEX,NYJ,2,4000,0.0,0.0,0.0,0.0
Julius Chestnut,RB,RB/FLEX,TEN,2,4000,0.0,0.0,0.0,0.0
Jabari Small,RB,RB/FLEX,TEN,2,4000,0.0,0.0,0.0,0.0
Chig Okonkwo,TE,TE/FLEX,TEN,2,4000,0.0,0.0,0.0,0.0
Marcus Mariota,QB,QB,WAS,2,4000,0.0,0.0,0.0,0.0
Sam Hartman,QB,QB,WAS,2,4000,0.0,0.0,0.0,0.0
Jeremy McNichols,RB,RB/FLEX,WAS,2,4000,0.0,0.0,0.0,0.0
Michael Wiley,RB,RB/FLEX,WAS,2,4000,0.0,0.0,0.0,0.0
Chris Rodriguez Jr.,RB,RB/FLEX,WAS,2,4000,0.0,0.0,0.0,0.0
Dante Miller,RB,RB/FLEX,NYG,2,4000,0.0,0.0,0.0,0.0
Jashaun Corbin,RB,RB/FLEX,NYG,2,4000,0.0,0.0,0.0,0.0
Jimmy Garoppolo,QB,QB,LAR,2,4000,0.0,0.0,0.0,0.0
Clayton Tune,QB,QB,ARI,2,4000,0.0,0.0,0.0,0.0
Stetson Bennett,QB,QB,LAR,2,4000,0.0,0.0,0.0,0.0
Michael Carter,RB,RB/FLEX,ARI,2,4000,0.0,0.0,0.0,0.0
DeeJay Dallas,RB,RB/FLEX,ARI,2,4000,0.0,0.0,0.0,0.0
Ronnie Rivers,RB,RB/FLEX,LAR,2,4000,0.0,0.0,0.0,0.0
Cody Schrader,RB,RB/FLEX,LAR,2,4000,0.0,0.0,0.0,0.0
Demarcus Robinson,WR,WR/FLEX,LAR,2,4000,0.0,0.0,0.0,0.0
Zach Wilson,QB,QB,DEN,2,4000,0.0,0.0,0.0,0.0
Kyle Allen,QB,QB,PIT,2,4000,0.0,0.0,0.0,0.0
Jack Colletto,RB,RB/FLEX,PIT,2,4000,0.0,0.0,0.0,0.0
Jonathan Ward,RB,RB/FLEX,PIT,2,4000,0.0,0.0,0.0,0.0
Aaron Shampklin,RB,RB/FLEX,PIT,2,4000,0.0,0.0,0.0,0.0
Audric Estime,RB,RB/FLEX,DEN,2,4000,0.0,0.0,0.0,0.0
Blake Watson,RB,RB/FLEX,DEN,2,4000,0.0,0.0,0.0,0.0
Michael Burton,RB,RB/FLEX,DEN,2,4000,0.0,0.0,0.0,0.0
Tyler Badie,RB,RB/FLEX,DEN,2,4000,0.0,0.0,0.0,0.0
Rashod Bateman,WR,WR/FLEX,BAL,2,3900,0.0,0.0,0.0,0.0
Taysom Hill,TE,TE/FLEX,NO,2,3900,0.0,0.0,0.0,0.0
Jalen Nailor,WR,WR/FLEX,MIN,2,3900,0.0,0.0,0.0,0.0
K.J. Osborn,WR,WR/FLEX,NE,2,3900,0.0,0.0,0.0,0.0
Andrei Iosivas,WR,WR/FLEX,CIN,2,3800,0.0,0.0,0.0,0.0
Ja'Lynn Polk,WR,WR/FLEX,NE,2,3800,0.0,0.0,0.0,0.0
Hunter Henry,TE,TE/FLEX,NE,2,3800,0.0,0.0,0.0,0.0
Jets,DST,DST,NYJ,2,3800,0.0,0.0,0.0,0.0
Luke McCaffrey,WR,WR/FLEX,WAS,2,3800,0.0,0.0,0.0,0.0
Trenton Irwin,WR,WR/FLEX,CIN,2,3700,0.0,0.0,0.0,0.0
Ravens,DST,DST,BAL,2,3700,0.0,0.0,0.0,0.0
Juwan Johnson,TE,TE/FLEX,NO,2,3700,0.0,0.0,0.0,0.0
Chris Conley,WR,WR/FLEX,SF,2,3700,0.0,0.0,0.0,0.0
Tutu Atwell,WR,WR/FLEX,LAR,2,3700,0.0,0.0,0.0,0.0
Nelson Agholor,WR,WR/FLEX,BAL,2,3600,0.0,0.0,0.0,0.0
Jalen McMillan,WR,WR/FLEX,TB,2,3600,0.0,0.0,0.0,0.0
Cade Otton,TE,TE/FLEX,TB,2,3600,0.0,0.0,0.0,0.0
Elijah Moore,WR,WR/FLEX,CLE,2,3600,0.0,0.0,0.0,0.0
49ers,DST,DST,SF,2,3600,0.0,0.0,0.0,0.0
Noah Fant,TE,TE/FLEX,SEA,2,3600,0.0,0.0,0.0,0.0
Jermaine Burton,WR,WR/FLEX,CIN,2,3500,0.0,0.0,0.0,0.0
JuJu Smith-Schuster,WR,WR/FLEX,KC,2,3500,0.0,0.0,0.0,0.0
Cedrick Wilson Jr.,WR,WR/FLEX,NO,2,3500,0.0,0.0,0.0,0.0
Jalen Tolbert,WR,WR/FLEX,DAL,2,3500,0.0,0.0,0.0,0.0
Kalif Raymond,WR,WR/FLEX,DET,2,3500,0.0,0.0,0.0,0.0
Tyler Conklin,TE,TE/FLEX,NYJ,2,3500,0.0,0.0,0.0,0.0
Zach Ertz,TE,TE/FLEX,WAS,2,3500,0.0,0.0,0.0,0.0
Jordan Whittington,WR,WR/FLEX,LAR,2,3500,0.0,0.0,0.0,0.0
Steelers,DST,DST,PIT,2,3500,0.0,0.0,0.0,0.0
Tre Tucker,WR,WR/FLEX,LV,2,3400,0.0,0.0,0.0,0.0
Chargers,DST,DST,LAC,2,3400,0.0,0.0,0.0,0.0
A.T. Perry,WR,WR/FLEX,NO,2,3400,0.0,0.0,0.0,0.0
KaVontae Turpin,WR,WR/FLEX,DAL,2,3400,0.0,0.0,0.0,0.0
Tim Patrick,WR,WR/FLEX,DET,2,3400,0.0,0.0,0.0,0.0
Luke Musgrave,TE,TE/FLEX,GB,2,3400,0.0,0.0,0.0,0.0
Josh Oliver,TE,TE/FLEX,MIN,2,3400,0.0,0.0,0.0,0.0
Xavier Gipson,WR,WR/FLEX,NYJ,2,3400,0.0,0.0,0.0,0.0
Treylon Burks,WR,WR/FLEX,TEN,2,3400,0.0,0.0,0.0,0.0
Van Jefferson,WR,WR/FLEX,PIT,2,3400,0.0,0.0,0.0,0.0
Devaughn Vele,WR,WR/FLEX,DEN,2,3400,0.0,0.0,0.0,0.0
Justin Watson,WR,WR/FLEX,KC,2,3300,0.0,0.0,0.0,0.0
Trey Palmer,WR,WR/FLEX,TB,2,3300,0.0,0.0,0.0,0.0
Tucker Kraft,TE,TE/FLEX,GB,2,3300,0.0,0.0,0.0,0.0
Colts,DST,DST,IND,2,3300,0.0,0.0,0.0,0.0
Browns,DST,DST,CLE,2,3300,0.0,0.0,0.0,0.0
Brandon Powell,WR,WR/FLEX,MIN,2,3300,0.0,0.0,0.0,0.0
Jacob Cowing,WR,WR/FLEX,SF,2,3300,0.0,0.0,0.0,0.0
Tyquan Thornton,WR,WR/FLEX,NE,2,3300,0.0,0.0,0.0,0.0
Allen Lazard,WR,WR/FLEX,NYJ,2,3300,0.0,0.0,0.0,0.0
Tyler Johnson,WR,WR/FLEX,LAR,2,3300,0.0,0.0,0.0,0.0
Tyler Higbee,TE,TE/FLEX,LAR,2,3300,0.0,0.0,0.0,0.0
Marvin Mims Jr.,WR,WR/FLEX,DEN,2,3300,0.0,0.0,0.0,0.0
Chiefs,DST,DST,KC,2,3200,0.0,0.0,0.0,0.0
Jonathan Mingo,WR,WR/FLEX,CAR,2,3200,0.0,0.0,0.0,0.0
Jalen Brooks,WR,WR/FLEX,DAL,2,3200,0.0,0.0,0.0,0.0
Bo Melton,WR,WR/FLEX,GB,2,3200,0.0,0.0,0.0,0.0
Ashton Dulin,WR,WR/FLEX,IND,2,3200,0.0,0.0,0.0,0.0
Trent Sherfield Sr.,WR,WR/FLEX,MIN,2,3200,0.0,0.0,0.0,0.0
Johnny Mundt,TE,TE/FLEX,MIN,2,3200,0.0,0.0,0.0,0.0
Jake Tonges,TE,TE/FLEX,SF,2,3200,0.0,0.0,0.0,0.0
Nick Westbrook-Ikhine,WR,WR/FLEX,TEN,2,3200,0.0,0.0,0.0,0.0
Noah Brown,WR,WR/FLEX,WAS,2,3200,0.0,0.0,0.0,0.0
Dyami Brown,WR,WR/FLEX,WAS,2,3200,0.0,0.0,0.0,0.0
Roman Wilson,WR,WR/FLEX,PIT,2,3200,0.0,0.0,0.0,0.0
Mike Gesicki,TE,TE/FLEX,CIN,2,3100,0.0,0.0,0.0,0.0
Cedric Tillman,WR,WR/FLEX,CLE,2,3100,0.0,0.0,0.0,0.0
Parker Washington,WR,WR/FLEX,JAX,2,3100,0.0,0.0,0.0,0.0
Jaguars,DST,DST,JAX,2,3100,0.0,0.0,0.0,0.0
Jalin Hyatt,WR,WR/FLEX,NYG,2,3100,0.0,0.0,0.0,0.0
Colby Parkinson,TE,TE/FLEX,LAR,2,3100,0.0,0.0,0.0,0.0
Calvin Austin III,WR,WR/FLEX,PIT,2,3100,0.0,0.0,0.0,0.0
Donald Parham Jr.,TE,TE/FLEX,DEN,2,3100,0.0,0.0,0.0,0.0
Skyy Moore,WR,WR/FLEX,KC,2,3000,0.0,0.0,0.0,0.0
Mecole Hardman,WR,WR/FLEX,KC,2,3000,0.0,0.0,0.0,0.0
Jaaron Hayek,WR,WR/FLEX,KC,2,3000,0.0,0.0,0.0,0.0
Montrell Washington,WR,WR/FLEX,KC,2,3000,0.0,0.0,0.0,0.0
Justyn Ross,WR,WR/FLEX,KC,2,3000,0.0,0.0,0.0,0.0
Nikko Remigio,WR,WR/FLEX,KC,2,3000,0.0,0.0,0.0,0.0
Charlie Jones,WR,WR/FLEX,CIN,2,3000,0.0,0.0,0.0,0.0
Kendric Pryor,WR,WR/FLEX,CIN,2,3000,0.0,0.0,0.0,0.0
Shedrick Jackson,WR,WR/FLEX,CIN,2,3000,0.0,0.0,0.0,0.0
Cole Burgess,WR,WR/FLEX,CIN,2,3000,0.0,0.0,0.0,0.0
Tylan Wallace,WR,WR/FLEX,BAL,2,3000,0.0,0.0,0.0,0.0
Deonte Harty,WR,WR/FLEX,BAL,2,3000,0.0,0.0,0.0,0.0
Devontez Walker,WR,WR/FLEX,BAL,2,3000,0.0,0.0,0.0,0.0
Dayton Wade,WR,WR/FLEX,BAL,2,3000,0.0,0.0,0.0,0.0
Keith Kirkwood,WR,WR/FLEX,BAL,2,3000,0.0,0.0,0.0,0.0
Anthony Miller,WR,WR/FLEX,BAL,2,3000,0.0,0.0,0.0,0.0
Malik Cunningham,WR,WR/FLEX,BAL,2,3000,0.0,0.0,0.0,0.0
DJ Turner,WR,WR/FLEX,LV,2,3000,0.0,0.0,0.0,0.0
Ramel Keyton,WR,WR/FLEX,LV,2,3000,0.0,0.0,0.0,0.0
Jeff Foreman,WR,WR/FLEX,LV,2,3000,0.0,0.0,0.0,0.0
Justin Shorter,WR,WR/FLEX,LV,2,3000,0.0,0.0,0.0,0.0
Kristian Wilkerson,WR,WR/FLEX,LV,2,3000,0.0,0.0,0.0,0.0
Alex Bachman,WR,WR/FLEX,LV,2,3000,0.0,0.0,0.0,0.0
Jalen Guyton,WR,WR/FLEX,LV,2,3000,0.0,0.0,0.0,0.0
DJ Chark,WR,WR/FLEX,LAC,2,3000,0.0,0.0,0.0,0.0
David Moore,WR,WR/FLEX,CAR,2,3000,0.0,0.0,0.0,0.0
Deon Cain,WR,WR/FLEX,CAR,2,3000,0.0,0.0,0.0,0.0
Jalen Coker,WR,WR/FLEX,CAR,2,3000,0.0,0.0,0.0,0.0
Praise Olatoke,WR,WR/FLEX,CAR,2,3000,0.0,0.0,0.0,0.0
Derius Davis,WR,WR/FLEX,LAC,2,3000,0.0,0.0,0.0,0.0
Simi Fehoko,WR,WR/FLEX,LAC,2,3000,0.0,0.0,0.0,0.0
Brenden Rice,WR,WR/FLEX,LAC,2,3000,0.0,0.0,0.0,0.0
Jaylen Johnson,WR,WR/FLEX,LAC,2,3000,0.0,0.0,0.0,0.0
Dez Fitzpatrick,WR,WR/FLEX,LAC,2,3000,0.0,0.0,0.0,0.0
Hayden Hurst,TE,TE/FLEX,LAC,2,3000,0.0,0.0,0.0,0.0
Bub Means,WR,WR/FLEX,NO,2,3000,0.0,0.0,0.0,0.0
Mason Tipton,WR,WR/FLEX,NO,2,3000,0.0,0.0,0.0,0.0
Equanimeous St. Brown,WR,WR/FLEX,NO,2,3000,0.0,0.0,0.0,0.0
Kevin Austin Jr.,WR,WR/FLEX,NO,2,3000,0.0,0.0,0.0,0.0
Ryan Flournoy,WR,WR/FLEX,DAL,2,3000,0.0,0.0,0.0,0.0
Kelvin Harmon,WR,WR/FLEX,DAL,2,3000,0.0,0.0,0.0,0.0
Jalen Cropper,WR,WR/FLEX,DAL,2,3000,0.0,0.0,0.0,0.0
John Stephens Jr.,TE,TE/FLEX,DAL,2,3000,0.0,0.0,0.0,0.0
Kameron Johnson,WR,WR/FLEX,TB,2,3000,0.0,0.0,0.0,0.0
Rakim Jarrett,WR,WR/FLEX,TB,2,3000,0.0,0.0,0.0,0.0
Sterling Shepard,WR,WR/FLEX,TB,2,3000,0.0,0.0,0.0,0.0
Cody Thompson,WR,WR/FLEX,TB,2,3000,0.0,0.0,0.0,0.0
Ryan Miller,WR,WR/FLEX,TB,2,3000,0.0,0.0,0.0,0.0
Isaiah Williams,WR,WR/FLEX,DET,2,3000,0.0,0.0,0.0,0.0
Tom Kennedy,WR,WR/FLEX,DET,2,3000,0.0,0.0,0.0,0.0
Tre'Quan Smith,WR,WR/FLEX,DET,2,3000,0.0,0.0,0.0,0.0
Antoine Green,WR,WR/FLEX,DET,2,3000,0.0,0.0,0.0,0.0
Allen Robinson II,WR,WR/FLEX,DET,2,3000,0.0,0.0,0.0,0.0
Donovan Peoples-Jones,WR,WR/FLEX,DET,2,3000,0.0,0.0,0.0,0.0
Anthony Gould,WR,WR/FLEX,IND,2,3000,0.0,0.0,0.0,0.0
Juwann Winfree,WR,WR/FLEX,IND,2,3000,0.0,0.0,0.0,0.0
Laquon Treadwell,WR,WR/FLEX,IND,2,3000,0.0,0.0,0.0,0.0
D.J. Montgomery,WR,WR/FLEX,IND,2,3000,0.0,0.0,0.0,0.0
Malik Heath,WR,WR/FLEX,GB,2,3000,0.0,0.0,0.0,0.0
Julian Hicks,WR,WR/FLEX,GB,2,3000,0.0,0.0,0.0,0.0
Jalen Wayne,WR,WR/FLEX,GB,2,3000,0.0,0.0,0.0,0.0
David Bell,WR,WR/FLEX,CLE,2,3000,0.0,0.0,0.0,0.0
Tim Jones,WR,WR/FLEX,JAX,2,3000,0.0,0.0,0.0,0.0
Devin Duvernay,WR,WR/FLEX,JAX,2,3000,0.0,0.0,0.0,0.0
David White Jr.,WR,WR/FLEX,JAX,2,3000,0.0,0.0,0.0,0.0
Elijah Cooks,WR,WR/FLEX,JAX,2,3000,0.0,0.0,0.0,0.0
Louis Rees-Zammit,WR,WR/FLEX,JAX,2,3000,0.0,0.0,0.0,0.0
Austin Trammell,WR,WR/FLEX,JAX,2,3000,0.0,0.0,0.0,0.0
Joshua Cephus,WR,WR/FLEX,JAX,2,3000,0.0,0.0,0.0,0.0
Jamari Thrash,WR,WR/FLEX,CLE,2,3000,0.0,0.0,0.0,0.0
Jaelon Darden,WR,WR/FLEX,CLE,2,3000,0.0,0.0,0.0,0.0
Tulu Griffin,WR,WR/FLEX,CLE,2,3000,0.0,0.0,0.0,0.0
Michael Woods II,WR,WR/FLEX,CLE,2,3000,0.0,0.0,0.0,0.0
James Proche II,WR,WR/FLEX,CLE,2,3000,0.0,0.0,0.0,0.0
Jordan Akins,TE,TE/FLEX,CLE,2,3000,0.0,0.0,0.0,0.0
Ronnie Bell,WR,WR/FLEX,SF,2,3000,0.0,0.0,0.0,0.0
Ricky Pearsall,WR,WR/FLEX,SF,2,3000,0.0,0.0,0.0,0.0
Trent Taylor,WR,WR/FLEX,SF,2,3000,0.0,0.0,0.0,0.0
Terrace Marshall Jr.,WR,WR/FLEX,SF,2,3000,0.0,0.0,0.0,0.0
Trishton Jackson,WR,WR/FLEX,MIN,2,3000,0.0,0.0,0.0,0.0
Thayer Thomas,WR,WR/FLEX,MIN,2,3000,0.0,0.0,0.0,0.0
Lucky Jackson,WR,WR/FLEX,MIN,2,3000,0.0,0.0,0.0,0.0
Eric Saubert,TE,TE/FLEX,SF,2,3000,0.0,0.0,0.0,0.0
Kendrick Bourne,WR,WR/FLEX,NE,2,3000,0.0,0.0,0.0,0.0
Jake Bobo,WR,WR/FLEX,SEA,2,3000,0.0,0.0,0.0,0.0
Laviska Shenault Jr.,WR,WR/FLEX,SEA,2,3000,0.0,0.0,0.0,0.0
Dareke Young,WR,WR/FLEX,SEA,2,3000,0.0,0.0,0.0,0.0
Cody White,WR,WR/FLEX,SEA,2,3000,0.0,0.0,0.0,0.0
Kayshon Boutte,WR,WR/FLEX,NE,2,3000,0.0,0.0,0.0,0.0
Javon Baker,WR,WR/FLEX,NE,2,3000,0.0,0.0,0.0,0.0
JaQuae Jackson,WR,WR/FLEX,NE,2,3000,0.0,0.0,0.0,0.0
Matt Landers,WR,WR/FLEX,NE,2,3000,0.0,0.0,0.0,0.0
Jalen Reagor,WR,WR/FLEX,NE,2,3000,0.0,0.0,0.0,0.0
Austin Hooper,TE,TE/FLEX,NE,2,3000,0.0,0.0,0.0,0.0
Seahawks,DST,DST,SEA,2,3000,0.0,0.0,0.0,0.0
Malachi Corley,WR,WR/FLEX,NYJ,2,3000,0.0,0.0,0.0,0.0
Irvin Charles,WR,WR/FLEX,NYJ,2,3000,0.0,0.0,0.0,0.0
Malik Taylor,WR,WR/FLEX,NYJ,2,3000,0.0,0.0,0.0,0.0
Jason Brownlee,WR,WR/FLEX,NYJ,2,3000,0.0,0.0,0.0,0.0
Marcus Riley,WR,WR/FLEX,NYJ,2,3000,0.0,0.0,0.0,0.0
Brandon Smith,WR,WR/FLEX,NYJ,2,3000,0.0,0.0,0.0,0.0
Jha'Quan Jackson,WR,WR/FLEX,TEN,2,3000,0.0,0.0,0.0,0.0
Colton Dowell,WR,WR/FLEX,TEN,2,3000,0.0,0.0,0.0,0.0
Mason Kinsey,WR,WR/FLEX,TEN,2,3000,0.0,0.0,0.0,0.0
Bryce Oliver,WR,WR/FLEX,TEN,2,3000,0.0,0.0,0.0,0.0
Olamide Zaccheaus,WR,WR/FLEX,WAS,2,3000,0.0,0.0,0.0,0.0
Jamison Crowder,WR,WR/FLEX,WAS,2,3000,0.0,0.0,0.0,0.0
Kazmeir Allen,WR,WR/FLEX,WAS,2,3000,0.0,0.0,0.0,0.0
Mitchell Tinsley,WR,WR/FLEX,WAS,2,3000,0.0,0.0,0.0,0.0
Brycen Tremayne,WR,WR/FLEX,WAS,2,3000,0.0,0.0,0.0,0.0
Gunner Olszewski,WR,WR/FLEX,NYG,2,3000,0.0,0.0,0.0,0.0
Bryce Ford-Wheaton,WR,WR/FLEX,NYG,2,3000,0.0,0.0,0.0,0.0
Chase Cota,WR,WR/FLEX,NYG,2,3000,0.0,0.0,0.0,0.0
Isaiah Hodgins,WR,WR/FLEX,NYG,2,3000,0.0,0.0,0.0,0.0
Commanders,DST,DST,WAS,2,3000,0.0,0.0,0.0,0.0
Chris Moore,WR,WR/FLEX,ARI,2,3000,0.0,0.0,0.0,0.0
Zach Pascal,WR,WR/FLEX,ARI,2,3000,0.0,0.0,0.0,0.0
Xavier Weaver,WR,WR/FLEX,ARI,2,3000,0.0,0.0,0.0,0.0
Andre Baccellia,WR,WR/FLEX,ARI,2,3000,0.0,0.0,0.0,0.0
Tejhaun Palmer,WR,WR/FLEX,ARI,2,3000,0.0,0.0,0.0,0.0
Dan Chisena,WR,WR/FLEX,ARI,2,3000,0.0,0.0,0.0,0.0
Drake Stoops,WR,WR/FLEX,LAR,2,3000,0.0,0.0,0.0,0.0
Sam Wiglusz,WR,WR/FLEX,LAR,2,3000,0.0,0.0,0.0,0.0
Xavier Smith,WR,WR/FLEX,LAR,2,3000,0.0,0.0,0.0,0.0
Scotty Miller,WR,WR/FLEX,PIT,2,3000,0.0,0.0,0.0,0.0
Ben Skowronek,WR,WR/FLEX,PIT,2,3000,0.0,0.0,0.0,0.0
Quez Watkins,WR,WR/FLEX,PIT,2,3000,0.0,0.0,0.0,0.0
Brandon Johnson,WR,WR/FLEX,PIT,2,3000,0.0,0.0,0.0,0.0
Troy Franklin,WR,WR/FLEX,DEN,2,3000,0.0,0.0,0.0,0.0
Lil'Jordan Humphrey,WR,WR/FLEX,DEN,2,3000,0.0,0.0,0.0,0.0
Michael Bandy,WR,WR/FLEX,DEN,2,3000,0.0,0.0,0.0,0.0
David Sills V,WR,WR/FLEX,DEN,2,3000,0.0,0.0,0.0,0.0
Michael Mayer,TE,TE/FLEX,LV,2,2900,0.0,0.0,0.0,0.0
Will Dissly,TE,TE/FLEX,LAC,2,2900,0.0,0.0,0.0,0.0
Luke Schoonmaker,TE,TE/FLEX,DAL,2,2900,0.0,0.0,0.0,0.0
Lions,DST,DST,DET,2,2900,0.0,0.0,0.0,0.0
Kylen Granson,TE,TE/FLEX,IND,2,2900,0.0,0.0,0.0,0.0
Blake Whiteheart,TE,TE/FLEX,CLE,2,2900,0.0,0.0,0.0,0.0
Rams,DST,DST,LAR,2,2900,0.0,0.0,0.0,0.0
Greg Dulcich,TE,TE/FLEX,DEN,2,2900,0.0,0.0,0.0,0.0
Tanner Hudson,TE,TE/FLEX,CIN,2,2800,0.0,0.0,0.0,0.0
Noah Gray,TE,TE/FLEX,KC,2,2800,0.0,0.0,0.0,0.0
Brevyn Spann-Ford,TE,TE/FLEX,DAL,2,2800,0.0,0.0,0.0,0.0
Cameron Latu,TE,TE/FLEX,CLE,2,2800,0.0,0.0,0.0,0.0
Patriots,DST,DST,NE,2,2800,0.0,0.0,0.0,0.0
Jeremy Ruckert,TE,TE/FLEX,NYJ,2,2800,0.0,0.0,0.0,0.0
Daniel Bellinger,TE,TE/FLEX,NYG,2,2800,0.0,0.0,0.0,0.0
Davis Allen,TE,TE/FLEX,LAR,2,2800,0.0,0.0,0.0,0.0
Broncos,DST,DST,DEN,2,2800,0.0,0.0,0.0,0.0
Brenden Bates,TE,TE/FLEX,NYJ,2,2700,0.0,0.0,0.0,0.0
Titans,DST,DST,TEN,2,2700,0.0,0.0,0.0,0.0
Giants,DST,DST,NYG,2,2700,0.0,0.0,0.0,0.0
Adam Trautman,TE,TE/FLEX,DEN,2,2700,0.0,0.0,0.0,0.0
Bengals,DST,DST,CIN,2,2600,0.0,0.0,0.0,0.0
Ja'Tavion Sanders,TE,TE/FLEX,CAR,2,2600,0.0,0.0,0.0,0.0
Foster Moreau,TE,TE/FLEX,NO,2,2600,0.0,0.0,0.0,0.0
Brock Wright,TE,TE/FLEX,DET,2,2600,0.0,0.0,0.0,0.0
Packers,DST,DST,GB,2,2600,0.0,0.0,0.0,0.0
Robert Tonyan,TE,TE/FLEX,MIN,2,2600,0.0,0.0,0.0,0.0
Kenny Yeboah,TE,TE/FLEX,NYJ,2,2600,0.0,0.0,0.0,0.0
Ben Sinnott,TE,TE/FLEX,WAS,2,2600,0.0,0.0,0.0,0.0
Theo Johnson,TE,TE/FLEX,NYG,2,2600,0.0,0.0,0.0,0.0
Drew Sample,TE,TE/FLEX,CIN,2,2500,0.0,0.0,0.0,0.0
Jared Wiley,TE,TE/FLEX,KC,2,2500,0.0,0.0,0.0,0.0
Peyton Hendershot,TE,TE/FLEX,KC,2,2500,0.0,0.0,0.0,0.0
James Winchester,TE,TE/FLEX,KC,2,2500,0.0,0.0,0.0,0.0
Baylor Cupp,TE,TE/FLEX,KC,2,2500,0.0,0.0,0.0,0.0
Erick All Jr.,TE,TE/FLEX,CIN,2,2500,0.0,0.0,0.0,0.0
Tanner McLachlan,TE,TE/FLEX,CIN,2,2500,0.0,0.0,0.0,0.0
Cal Adomitis,TE,TE/FLEX,CIN,2,2500,0.0,0.0,0.0,0.0
Cam Grandy,TE,TE/FLEX,CIN,2,2500,0.0,0.0,0.0,0.0
Charlie Kolar,TE,TE/FLEX,BAL,2,2500,0.0,0.0,0.0,0.0
Qadir Ismail,TE,TE/FLEX,BAL,2,2500,0.0,0.0,0.0,0.0
Harrison Bryant,TE,TE/FLEX,LV,2,2500,0.0,0.0,0.0,0.0
John Samuel Shenker,TE,TE/FLEX,LV,2,2500,0.0,0.0,0.0,0.0
Raiders,DST,DST,LV,2,2500,0.0,0.0,0.0,0.0
Tommy Tremble,TE,TE/FLEX,CAR,2,2500,0.0,0.0,0.0,0.0
Jordan Matthews,TE,TE/FLEX,CAR,2,2500,0.0,0.0,0.0,0.0
Feleipe Franks,TE,TE/FLEX,CAR,2,2500,0.0,0.0,0.0,0.0
Messiah Swinson,TE,TE/FLEX,CAR,2,2500,0.0,0.0,0.0,0.0
Ian Thomas,TE,TE/FLEX,CAR,2,2500,0.0,0.0,0.0,0.0
Stone Smartt,TE,TE/FLEX,LAC,2,2500,0.0,0.0,0.0,0.0
Eric Tomlinson,TE,TE/FLEX,LAC,2,2500,0.0,0.0,0.0,0.0
Luke Benson,TE,TE/FLEX,LAC,2,2500,0.0,0.0,0.0,0.0
Tucker Fisk,TE,TE/FLEX,LAC,2,2500,0.0,0.0,0.0,0.0
Dallin Holker,TE,TE/FLEX,NO,2,2500,0.0,0.0,0.0,0.0
Treyton Welch,TE,TE/FLEX,NO,2,2500,0.0,0.0,0.0,0.0
Michael Jacobson,TE,TE/FLEX,NO,2,2500,0.0,0.0,0.0,0.0
Zach Wood,TE,TE/FLEX,NO,2,2500,0.0,0.0,0.0,0.0
Princeton Fant,TE,TE/FLEX,DAL,2,2500,0.0,0.0,0.0,0.0
Payne Durham,TE,TE/FLEX,TB,2,2500,0.0,0.0,0.0,0.0
Ko Kieft,TE,TE/FLEX,TB,2,2500,0.0,0.0,0.0,0.0
Devin Culp,TE,TE/FLEX,TB,2,2500,0.0,0.0,0.0,0.0
Evan Deckers,TE,TE/FLEX,TB,2,2500,0.0,0.0,0.0,0.0
Tanner Taula,TE,TE/FLEX,TB,2,2500,0.0,0.0,0.0,0.0
Parker Hesse,TE,TE/FLEX,DET,2,2500,0.0,0.0,0.0,0.0
James Mitchell,TE,TE/FLEX,DET,2,2500,0.0,0.0,0.0,0.0
Shane Zylstra,TE,TE/FLEX,DET,2,2500,0.0,0.0,0.0,0.0
Buccaneers,DST,DST,TB,2,2500,0.0,0.0,0.0,0.0
Jelani Woods,TE,TE/FLEX,IND,2,2500,0.0,0.0,0.0,0.0
Mo Alie-Cox,TE,TE/FLEX,IND,2,2500,0.0,0.0,0.0,0.0
Drew Ogletree,TE,TE/FLEX,IND,2,2500,0.0,0.0,0.0,0.0
Will Mallory,TE,TE/FLEX,IND,2,2500,0.0,0.0,0.0,0.0
Sean McKeon,TE,TE/FLEX,IND,2,2500,0.0,0.0,0.0,0.0
Ben Sims,TE,TE/FLEX,GB,2,2500,0.0,0.0,0.0,0.0
Tyler Davis,TE,TE/FLEX,GB,2,2500,0.0,0.0,0.0,0.0
Luke Farrell,TE,TE/FLEX,JAX,2,2500,0.0,0.0,0.0,0.0
Brenton Strange,TE,TE/FLEX,JAX,2,2500,0.0,0.0,0.0,0.0
Patrick Murtagh,TE,TE/FLEX,JAX,2,2500,0.0,0.0,0.0,0.0
Shawn Bowman,TE,TE/FLEX,JAX,2,2500,0.0,0.0,0.0,0.0
Josiah Deguara,TE,TE/FLEX,JAX,2,2500,0.0,0.0,0.0,0.0
N'Keal Harry,TE,TE/FLEX,MIN,2,2500,0.0,0.0,0.0,0.0
Brayden Willis,TE,TE/FLEX,SF,2,2500,0.0,0.0,0.0,0.0
Mason Pline,TE,TE/FLEX,SF,2,2500,0.0,0.0,0.0,0.0
Nick Muse,TE,TE/FLEX,MIN,2,2500,0.0,0.0,0.0,0.0
Sammis Reyes,TE,TE/FLEX,MIN,2,2500,0.0,0.0,0.0,0.0
Andrew DePaola,TE,TE/FLEX,MIN,2,2500,0.0,0.0,0.0,0.0
Pharaoh Brown,TE,TE/FLEX,SEA,2,2500,0.0,0.0,0.0,0.0
Brady Russell,TE,TE/FLEX,SEA,2,2500,0.0,0.0,0.0,0.0
AJ Barner,TE,TE/FLEX,SEA,2,2500,0.0,0.0,0.0,0.0
Tyler Mabry,TE,TE/FLEX,SEA,2,2500,0.0,0.0,0.0,0.0
Jaheim Bell,TE,TE/FLEX,NE,2,2500,0.0,0.0,0.0,0.0
Mitchell Wilcox,TE,TE/FLEX,NE,2,2500,0.0,0.0,0.0,0.0
Anthony Firkser,TE,TE/FLEX,NYJ,2,2500,0.0,0.0,0.0,0.0
Zack Kuntz,TE,TE/FLEX,NYJ,2,2500,0.0,0.0,0.0,0.0
Josh Whyle,TE,TE/FLEX,TEN,2,2500,0.0,0.0,0.0,0.0
Nick Vannett,TE,TE/FLEX,TEN,2,2500,0.0,0.0,0.0,0.0
Thomas Odukoya,TE,TE/FLEX,TEN,2,2500,0.0,0.0,0.0,0.0
David Martin-Robinson,TE,TE/FLEX,TEN,2,2500,0.0,0.0,0.0,0.0
John Bates,TE,TE/FLEX,WAS,2,2500,0.0,0.0,0.0,0.0
Colson Yankoff,TE,TE/FLEX,WAS,2,2500,0.0,0.0,0.0,0.0
Tyler Ott,TE,TE/FLEX,WAS,2,2500,0.0,0.0,0.0,0.0
Cole Turner,TE,TE/FLEX,WAS,2,2500,0.0,0.0,0.0,0.0
Chris Manhertz,TE,TE/FLEX,NYG,2,2500,0.0,0.0,0.0,0.0
Lawrence Cager,TE,TE/FLEX,NYG,2,2500,0.0,0.0,0.0,0.0
Elijah Higgins,TE,TE/FLEX,ARI,2,2500,0.0,0.0,0.0,0.0
Tip Reiman,TE,TE/FLEX,ARI,2,2500,0.0,0.0,0.0,0.0
Travis Vokolek,TE,TE/FLEX,ARI,2,2500,0.0,0.0,0.0,0.0
Jordan Murray,TE,TE/FLEX,ARI,2,2500,0.0,0.0,0.0,0.0
Bernhard Seikovits,TE,TE/FLEX,ARI,2,2500,0.0,0.0,0.0,0.0
Hunter Long,TE,TE/FLEX,LAR,2,2500,0.0,0.0,0.0,0.0
Nikola Kalinic,TE,TE/FLEX,LAR,2,2500,0.0,0.0,0.0,0.0
Miller Forristall,TE,TE/FLEX,LAR,2,2500,0.0,0.0,0.0,0.0
Lucas Krull,TE,TE/FLEX,DEN,2,2500,0.0,0.0,0.0,0.0
Darnell Washington,TE,TE/FLEX,PIT,2,2500,0.0,0.0,0.0,0.0
Connor Heyward,TE,TE/FLEX,PIT,2,2500,0.0,0.0,0.0,0.0
MyCole Pruitt,TE,TE/FLEX,PIT,2,2500,0.0,0.0,0.0,0.0
Rodney Williams,TE,TE/FLEX,PIT,2,2500,0.0,0.0,0.0,0.0
Thomas Yassmin,TE,TE/FLEX,DEN,2,2500,0.0,0.0,0.0,0.0
Mitchell Fraboni,TE,TE/FLEX,DEN,2,2500,0.0,0.0,0.0,0.0
Nate Adkins,TE,TE/FLEX,DEN,2,2500,0.0,0.0,0.0,0.0
Saints,DST,DST,NO,2,2400,0.0,0.0,0.0,0.0
Vikings,DST,DST,MIN,2,2400,0.0,0.0,0.0,0.0
Panthers,DST,DST,CAR,2,2300,0.0,0.0,0.0,0.0
Cardinals,DST,DST,ARI,2,2300,0.0,0.0,0.0,0.0
