RK,NAME,TEAM,POS,WK,OPP,RECEIVING_TGTS,RECEIVING_REC,CATCH%,RECEIVING_YDS,RECEIVING_TD,LONG,YDS/TGT,YDS/REC,RUSHING_ATT,RUSHING_YDS,RUSHING_AVG,RUSHING_TD,FUMBLES,FUMBLES_LOST,FPTS
1,Juwan Johnson,NO,TE,1,ARI,11,8,72.7,76,0,21,6.9,9.5,0,0,,0,0,0,15.6
2,Brock Bowers,LV,TE,1,NE,8,5,62.5,103,0,38,12.9,20.6,0,0,,0,0,0,15.3
3,Tyler Warren,IND,TE,1,MIA,9,7,77.8,76,0,21,8.4,10.9,1,3,3.0,0,0,0,14.9
4,Dalton Kincaid,BUF,TE,1,BAL,4,4,100.0,48,1,22,12.0,12.0,0,0,,0,1,0,14.8
5,Sam LaPorta,DET,TE,1,GB,9,6,66.7,79,0,32,8.8,13.2,0,0,,0,0,0,13.9
6,Harold Fannin Jr.,CLE,TE,1,CIN,9,7,77.8,63,0,22,7.0,9.0,1,3,3.0,0,0,0,13.6
7,Kyle Pitts Sr.,ATL,TE,1,TB,8,7,87.5,59,0,14,7.4,8.4,0,0,,0,0,0,12.9
8,Travis Kelce,KC,TE,1,LAC,4,2,50.0,47,1,37,11.8,23.5,0,0,,0,0,0,12.7
9,Noah Fant,CIN,TE,1,CLE,5,4,80.0,26,1,12,5.2,6.5,0,0,,0,0,0,12.6
10,George Kittle,SF,TE,1,SEA,4,4,100.0,25,1,11,6.2,6.2,0,0,,0,0,0,12.5
11,Jonnu Smith,PIT,TE,1,NYJ,6,5,83.3,15,1,6,2.5,3.0,0,0,,0,0,0,12.5
12,Trey McBride,ARI,TE,1,NO,9,6,66.7,61,0,25,6.8,10.2,0,0,,0,0,0,12.1
13,Zach Ertz,WAS,TE,1,NYG,5,3,60.0,26,1,11,5.2,8.7,0,0,,0,0,0,11.6
14,Dallas Goedert,PHI,TE,1,DAL,7,7,100.0,44,0,9,6.3,6.3,0,0,,0,0,0,11.4
15,Hunter Henry,NE,TE,1,LV,8,4,50.0,66,0,27,8.2,16.5,0,0,,0,0,0,10.6
16,Jake Tonges,SF,TE,1,SEA,3,3,100.0,15,1,9,5.0,5.0,0,0,,0,0,0,10.5
17,Brenton Strange,JAX,TE,1,CAR,4,4,100.0,59,0,24,14.8,14.8,0,0,,0,0,0,9.9
18,Tucker Kraft,GB,TE,1,DET,4,2,50.0,16,1,15,4.0,8.0,1,3,3.0,0,0,0,9.9
19,Davis Allen,LAR,TE,1,HOU,2,1,50.0,13,1,13,6.5,13.0,0,0,,0,0,0,8.3
20,Michael Mayer,LV,TE,1,NE,4,4,100.0,38,0,12,9.5,9.5,0,0,,0,0,0,7.8
21,Hunter Long,JAX,TE,1,CAR,1,1,100.0,6,1,6,6.0,6.0,0,0,,0,0,0,7.6
22,Jake Ferguson,DAL,TE,1,PHI,6,5,83.3,23,0,5,3.8,4.6,0,0,,0,0,0,7.3
23,Tyler Conklin,LAC,TE,1,KC,2,2,100.0,50,0,33,25.0,25.0,1,2,2.0,0,1,0,7.2
24,David Njoku,CLE,TE,1,CIN,6,3,50.0,37,0,17,6.2,12.3,0,0,,0,0,0,6.7
25,Cade Stover,HOU,TE,1,LAR,4,4,100.0,22,0,10,5.5,5.5,0,0,,0,0,0,6.2
26,Dalton Schultz,HOU,TE,1,LAR,5,3,60.0,28,0,11,5.6,9.3,0,0,,0,0,0,5.8
27,Pat Freiermuth,PIT,TE,1,NYJ,3,3,100.0,28,0,11,9.3,9.3,0,0,,0,0,0,5.8
28,Evan Engram,DEN,TE,1,TEN,4,3,75.0,21,0,10,5.2,7.0,0,0,,0,0,0,5.1
29,Chig Okonkwo,TEN,TE,1,DEN,4,3,75.0,19,0,14,4.8,6.3,0,0,,0,0,0,4.9
30,Ja'Tavion Sanders,CAR,TE,1,JAX,3,2,66.7,27,0,18,9.0,13.5,0,0,,0,0,0,4.7
31,T.J. Hockenson,MIN,TE,1,CHI,4,3,75.0,15,0,9,3.8,5.0,0,0,,0,0,0,4.5
32,Cole Kmet,CHI,TE,1,MIN,4,1,25.0,31,0,31,7.8,31.0,0,0,,0,0,0,4.1
33,Tanner Conner,MIA,TE,1,IND,4,2,50.0,20,0,14,5.0,10.0,0,0,,0,0,0,4.0
34,Dawson Knox,BUF,TE,1,BAL,2,2,100.0,20,0,12,10.0,10.0,0,0,,0,0,0,4.0
35,Jackson Hawes,BUF,TE,1,BAL,1,1,100.0,29,0,29,29.0,29.0,0,0,,0,0,0,3.9
36,Jeremy Ruckert,NYJ,TE,1,PIT,2,2,100.0,16,0,12,8.0,8.0,0,0,,0,0,0,3.6
37,Colston Loveland,CHI,TE,1,MIN,2,2,100.0,12,0,8,6.0,6.0,0,0,,0,0,0,3.2
38,Mason Taylor,NYJ,TE,1,PIT,1,1,100.0,20,0,20,20.0,20.0,0,0,,0,0,0,3.0
39,Mo Alie-Cox,IND,TE,1,MIA,1,1,100.0,20,0,20,20.0,20.0,0,0,,0,0,0,3.0
40,Will Dissly,LAC,TE,1,KC,1,1,100.0,18,0,18,18.0,18.0,0,0,,0,0,0,2.8
41,Gunnar Helm,TEN,TE,1,DEN,2,1,50.0,16,0,16,8.0,16.0,0,0,,0,0,0,2.6
42,Daniel Bellinger,NYG,TE,1,WAS,1,1,100.0,14,0,14,14.0,14.0,0,0,,0,0,0,2.4
43,Mike Gesicki,CIN,TE,1,CLE,3,1,33.3,14,0,14,4.7,14.0,0,0,,0,0,0,2.4
44,Tip Reiman,ARI,TE,1,NO,1,1,100.0,10,0,10,10.0,10.0,0,0,,0,0,0,2.0
45,Julian Hill,MIA,TE,1,IND,0,0,,0,0,0,,,0,0,,0,0,0,2.0
46,Austin Hooper,NE,TE,1,LV,1,1,100.0,10,0,10,10.0,10.0,0,0,,0,0,0,2.0
47,Elijah Arroyo,SEA,TE,1,SF,1,1,100.0,7,0,7,7.0,7.0,0,0,,0,0,0,1.7
48,Lucas Krull,DEN,TE,1,TEN,2,1,50.0,6,0,6,3.0,6.0,0,0,,0,0,0,1.6
49,Josh Oliver,MIN,TE,1,CHI,1,1,100.0,5,0,5,5.0,5.0,0,0,,0,0,0,1.5
50,Theo Johnson,NYG,TE,1,WAS,3,1,33.3,5,0,5,1.7,5.0,0,0,,0,0,0,1.5
51,Mark Andrews,BAL,TE,1,BUF,1,1,100.0,5,0,5,5.0,5.0,0,0,,0,0,0,1.5
52,Adam Trautman,DEN,TE,1,TEN,1,1,100.0,5,0,5,5.0,5.0,0,0,,0,0,0,1.5
53,Luke Musgrave,GB,TE,1,DET,1,1,100.0,4,0,4,4.0,4.0,0,0,,0,0,0,1.4
54,Luke Farrell,SF,TE,1,SEA,1,1,100.0,4,0,4,4.0,4.0,0,0,,0,0,0,1.4
55,Elijah Higgins,ARI,TE,1,NO,2,1,50.0,3,0,3,1.5,3.0,0,0,,0,0,0,1.3
56,Noah Gray,KC,TE,1,LAC,1,1,100.0,3,0,3,3.0,3.0,0,0,,0,0,0,1.3
57,AJ Barner,SEA,TE,1,SF,2,1,50.0,0,0,0,0.0,0.0,1,2,2.0,0,0,0,1.2
58,John FitzPatrick,GB,TE,1,DET,1,1,100.0,2,0,2,2.0,2.0,0,0,,0,0,0,1.2
59,Tommy Tremble,CAR,TE,1,JAX,1,1,100.0,2,0,2,2.0,2.0,0,0,,0,0,0,1.2
60,Kylen Granson,PHI,TE,1,DAL,1,1,100.0,1,0,1,1.0,1.0,0,0,,0,0,0,1.1
61,Blake Whiteheart,CLE,TE,1,CIN,0,0,,0,0,0,,,0,0,,0,0,0,0.0
62,Drew Sample,CIN,TE,1,CLE,1,0,0.0,0,0,0,0.0,,0,0,,0,0,0,0.0
63,Grant Calcaterra,PHI,TE,1,DAL,0,0,,0,0,0,,,0,0,,0,0,0,0.0
64,Luke Schoonmaker,DAL,TE,1,PHI,1,0,0.0,0,0,0,0.0,,0,0,,0,0,0,0.0
65,Shane Zylstra,DET,TE,1,GB,0,0,,0,0,0,,,0,0,,0,0,0,0.0
66,Brock Wright,DET,TE,1,GB,0,0,,0,0,0,,,0,0,,0,0,0,0.0
67,Ian Thomas,LV,TE,1,NE,0,0,,0,0,0,,,0,0,,0,0,0,0.0
68,Robert Tonyan,KC,TE,1,LAC,0,0,,0,0,0,,,0,0,,0,0,0,0.0
69,Jack Westover,NE,TE,1,LV,0,0,,0,0,0,,,0,0,,0,0,0,0.0
70,Payne Durham,TB,TE,1,ATL,0,0,,0,0,0,,,0,0,,0,0,0,0.0
71,Ko Kieft,TB,TE,1,ATL,0,0,,0,0,0,,,0,0,,0,0,0,0.0
72,Colson Yankoff,WAS,TE,1,NYG,0,0,,0,0,0,,,0,0,,0,0,0,0.0
73,Feleipe Franks,ATL,TE,1,TB,0,0,,0,0,0,,,0,0,,0,0,0,0.0
74,Ben Sinnott,WAS,TE,1,NYG,0,0,,0,0,0,,,0,0,,0,0,0,0.0
75,Charlie Woerner,ATL,TE,1,TB,1,0,0.0,0,0,0,0.0,,0,0,,0,0,0,0.0
76,John Bates,WAS,TE,1,NYG,0,0,,0,0,0,,,0,0,,0,0,0,0.0
77,Chris Manhertz,NYG,TE,1,WAS,1,0,0.0,0,0,0,0.0,,0,0,,0,0,0,0.0
78,Cade Otton,TB,TE,1,ATL,3,0,0.0,0,0,0,0.0,,0,0,,0,0,0,0.0
79,Teagan Quitoriano,ATL,TE,1,TB,0,0,,0,0,0,,,0,0,,0,0,0,0.0
80,Johnny Mundt,JAX,TE,1,CAR,1,0,0.0,0,0,0,0.0,,0,0,,0,0,0,0.0
81,Tyler Higbee,LAR,TE,1,HOU,0,0,,0,0,0,,,0,0,,0,0,0,0.0
82,Mitchell Evans,CAR,TE,1,JAX,0,0,,0,0,0,,,0,0,,0,0,0,0.0
83,Terrance Ferguson,LAR,TE,1,HOU,0,0,,0,0,0,,,0,0,,0,0,0,0.0
84,Jack Stoll,NO,TE,1,ARI,0,0,,0,0,0,,,0,0,,0,0,0,0.0
85,Travis Vokolek,ARI,TE,1,NO,0,0,,0,0,0,,,0,0,,0,0,0,0.0
86,Moliki Matavao,NO,TE,1,ARI,0,0,,0,0,0,,,0,0,,0,0,0,0.0
87,Eric Saubert,SEA,TE,1,SF,0,0,,0,0,0,,,0,0,,0,0,0,0.0
88,Stone Smartt,NYJ,TE,1,PIT,0,0,,0,0,0,,,0,0,,0,0,0,0.0
89,Ben Yurosek,MIN,TE,1,CHI,0,0,,0,0,0,,,0,0,,0,0,0,0.0
90,Zaire Mitchell-Paden,BAL,TE,1,BUF,0,0,,0,0,0,,,0,0,,0,0,0,0.0
91,David Martin-Robinson,TEN,TE,1,DEN,0,0,,0,0,0,,,0,0,,0,0,0,0.0
92,Patrick Murtagh,DEN,TE,1,TEN,0,0,,0,0,0,,,0,0,,0,0,0,0.0
93,Brevyn Spann-Ford,DAL,TE,1,PHI,1,0,0.0,0,0,0,0.0,,0,0,,0,0,0,0.0
94,Tanner Hudson,CIN,TE,1,CLE,0,0,,0,0,0,,,0,0,,0,0,0,0.0
95,Charlie Kolar,BAL,TE,1,BUF,0,0,,0,0,0,,,0,0,,0,0,0,0.0
96,Darnell Washington,PIT,TE,1,NYJ,0,0,,0,0,0,,,0,0,,0,0,0,0.0
97,Connor Heyward,PIT,TE,1,NYJ,0,0,,0,0,0,,,0,0,,0,0,0,0.0
98,Drew Ogletree,IND,TE,1,MIA,0,0,,0,0,0,,,0,0,,0,0,0,0.0
99,Durham Smythe,CHI,TE,1,MIN,0,0,,0,0,0,,,0,0,,0,0,0,0.0
100,Colby Parkinson,LAR,TE,1,HOU,2,2,100.0,-6,0,1,-3.0,-3.0,0,0,,0,1,1,-0.6
1,Tucker Kraft,GB,TE,2,WAS,7,6,85.7,124,1,57,17.7,20.7,0,0,,0,0,0,24.4
2,Zach Ertz,WAS,TE,2,GB,8,6,75.0,64,1,20,8.0,10.7,0,0,,0,0,0,18.4
3,Jake Ferguson,DAL,TE,2,NYG,12,9,75.0,78,0,19,6.5,8.7,0,0,,0,0,0,16.8
4,Juwan Johnson,NO,TE,2,SF,9,5,55.6,49,1,18,5.4,9.8,0,0,,0,0,0,15.9
5,Trey McBride,ARI,TE,2,CAR,7,6,85.7,78,0,31,11.1,13.0,0,0,,0,0,0,13.8
6,Ja'Tavion Sanders,CAR,TE,2,ARI,9,7,77.8,54,0,12,6.0,7.7,0,0,,0,0,0,12.4
7,Tyler Warren,IND,TE,2,DEN,7,4,57.1,79,0,41,11.3,19.8,1,0,0.0,0,0,0,11.9
8,Brock Wright,DET,TE,2,CHI,3,3,100.0,28,1,12,9.3,9.3,0,0,,0,0,0,11.8
9,AJ Barner,SEA,TE,2,PIT,3,2,66.7,26,1,19,8.7,13.0,1,2,2.0,0,0,0,10.8
10,Travis Kelce,KC,TE,2,PHI,6,4,66.7,61,0,23,10.2,15.2,0,0,,0,0,0,10.1
11,Adam Trautman,DEN,TE,2,IND,3,3,100.0,10,1,7,3.3,3.3,0,0,,0,0,0,10.0
12,Harold Fannin Jr.,CLE,TE,2,BAL,5,5,100.0,48,0,20,9.6,9.6,0,0,,0,0,0,9.8
13,Luke Farrell,SF,TE,2,NO,3,2,66.7,15,1,11,5.0,7.5,0,0,,0,0,0,9.5
14,Brock Bowers,LV,TE,2,LAC,8,5,62.5,38,0,9,4.8,7.6,0,0,,0,0,0,8.8
15,David Njoku,CLE,TE,2,BAL,5,4,80.0,40,0,23,8.0,10.0,0,0,,0,0,0,8.0
16,Davis Allen,LAR,TE,2,TEN,1,1,100.0,8,1,8,8.0,8.0,0,0,,0,0,0,7.8
17,Dalton Kincaid,BUF,TE,2,NYJ,6,4,66.7,37,0,18,6.2,9.2,0,0,,0,0,0,7.7
18,Tyler Higbee,LAR,TE,2,TEN,4,4,100.0,37,0,20,9.2,9.2,0,0,,0,0,0,7.7
19,Kyle Pitts Sr.,ATL,TE,2,MIN,5,4,80.0,37,0,14,7.4,9.2,0,0,,0,0,0,7.7
20,Jeremy Ruckert,NYJ,TE,2,BUF,1,1,100.0,5,1,5,5.0,5.0,0,0,,0,0,0,7.5
21,Chig Okonkwo,TEN,TE,2,LAR,6,4,66.7,35,0,14,5.8,8.8,0,0,,0,0,0,7.5
22,Theo Johnson,NYG,TE,2,DAL,5,4,80.0,34,0,14,6.8,8.5,0,0,,0,0,0,7.4
23,Jake Tonges,SF,TE,2,NO,5,4,80.0,31,0,11,6.2,7.8,0,0,,0,0,0,7.1
24,Austin Hooper,NE,TE,2,MIA,3,3,100.0,38,0,22,12.7,12.7,0,0,,0,0,0,6.8
25,Jonnu Smith,PIT,TE,2,SEA,4,4,100.0,27,0,10,6.8,6.8,0,0,,0,0,0,6.7
26,Elijah Higgins,ARI,TE,2,CAR,3,2,66.7,45,0,27,15.0,22.5,0,0,,0,0,0,6.5
27,Pat Freiermuth,PIT,TE,2,SEA,4,3,75.0,31,0,20,7.8,10.3,0,0,,0,0,0,6.1
28,Dalton Schultz,HOU,TE,2,TB,4,3,75.0,29,0,16,7.2,9.7,0,0,,0,0,0,5.9
29,Noah Fant,CIN,TE,2,JAX,4,3,75.0,28,0,25,7.0,9.3,0,0,,0,0,0,5.8
30,Sam LaPorta,DET,TE,2,CHI,4,3,75.0,26,0,10,6.5,8.7,0,0,,0,0,0,5.6
31,Cade Otton,TB,TE,2,HOU,4,3,75.0,25,0,12,6.2,8.3,0,0,,0,0,0,5.5
32,Luke Musgrave,GB,TE,2,WAS,2,2,100.0,32,0,23,16.0,16.0,0,0,,0,0,0,5.2
33,Elijah Arroyo,SEA,TE,2,PIT,3,2,66.7,31,0,24,10.3,15.5,0,0,,0,0,0,5.1
34,Tommy Tremble,CAR,TE,2,ARI,3,3,100.0,20,0,9,6.7,6.7,0,0,,0,0,0,5.0
35,Cole Kmet,CHI,TE,2,DET,2,2,100.0,29,0,22,14.5,14.5,0,0,,0,0,0,4.9
36,Mike Gesicki,CIN,TE,2,JAX,4,3,75.0,18,0,10,4.5,6.0,0,0,,0,0,0,4.8
37,Brenton Strange,JAX,TE,2,CIN,5,3,60.0,17,0,10,3.4,5.7,0,0,,0,0,0,4.7
38,Dawson Knox,BUF,TE,2,NYJ,5,2,40.0,19,0,12,3.8,9.5,0,0,,0,0,0,3.9
39,Gunnar Helm,TEN,TE,2,LAR,2,2,100.0,9,0,7,4.5,4.5,0,0,,0,0,0,2.9
40,Michael Mayer,LV,TE,2,LAC,2,2,100.0,9,0,6,4.5,4.5,0,0,,0,0,0,2.9
41,T.J. Hockenson,MIN,TE,2,ATL,3,1,33.3,12,0,12,4.0,12.0,0,0,,0,0,0,2.2
42,Evan Engram,DEN,TE,2,IND,2,1,50.0,12,0,12,6.0,12.0,0,0,,0,0,0,2.2
43,Darnell Washington,PIT,TE,2,SEA,1,0,0.0,0,0,0,0.0,,0,0,,0,0,0,2.0
44,Hunter Henry,NE,TE,2,MIA,3,1,33.3,9,0,9,3.0,9.0,0,0,,0,0,0,1.9
45,Mitchell Evans,CAR,TE,2,ARI,1,1,100.0,9,0,9,9.0,9.0,0,0,,0,0,0,1.9
46,Mo Alie-Cox,IND,TE,2,DEN,1,1,100.0,8,0,8,8.0,8.0,0,0,,0,0,0,1.8
47,Ben Sinnott,WAS,TE,2,GB,1,1,100.0,7,0,7,7.0,7.0,0,0,,0,0,0,1.7
48,Drew Sample,CIN,TE,2,JAX,2,1,50.0,7,0,7,3.5,7.0,0,0,,0,0,0,1.7
49,Will Dissly,LAC,TE,2,LV,1,1,100.0,7,0,7,7.0,7.0,0,0,,0,0,0,1.7
50,Grant Calcaterra,PHI,TE,2,KC,2,1,50.0,6,0,6,3.0,6.0,0,0,,0,0,0,1.6
51,Connor Heyward,PIT,TE,2,SEA,1,1,100.0,6,0,6,6.0,6.0,0,0,,0,0,0,1.6
52,Kylen Granson,PHI,TE,2,KC,1,1,100.0,5,0,5,5.0,5.0,0,0,,0,0,0,1.5
53,Mason Taylor,NYJ,TE,2,BUF,2,1,50.0,5,0,5,2.5,5.0,0,0,,0,0,0,1.5
54,Jackson Hawes,BUF,TE,2,NYJ,1,1,100.0,5,0,5,5.0,5.0,0,0,,0,0,0,1.5
55,Mark Andrews,BAL,TE,2,CLE,3,1,33.3,2,0,2,0.7,2.0,1,2,2.0,0,0,0,1.4
56,Brevyn Spann-Ford,DAL,TE,2,NYG,1,1,100.0,3,0,3,3.0,3.0,0,0,,0,0,0,1.3
57,Noah Gray,KC,TE,2,PHI,5,1,20.0,1,0,1,0.2,1.0,0,0,,0,0,0,1.1
58,Eric Saubert,SEA,TE,2,PIT,0,0,,0,0,0,,,0,0,,0,0,0,0.0
59,Lucas Krull,DEN,TE,2,IND,0,0,,0,0,0,,,0,0,,0,0,0,0.0
60,Drew Ogletree,IND,TE,2,DEN,0,0,,0,0,0,,,0,0,,0,0,0,0.0
61,David Martin-Robinson,TEN,TE,2,LAR,0,0,,0,0,0,,,0,0,,0,0,0,0.0
62,Josiah Deguara,ARI,TE,2,CAR,0,0,,0,0,0,,,0,0,,0,0,0,0.0
63,Terrance Ferguson,LAR,TE,2,TEN,0,0,,0,0,0,,,0,0,,0,0,0,0.0
64,Travis Vokolek,ARI,TE,2,CAR,0,0,,0,0,0,,,0,0,,0,0,0,0.0
65,Ian Thomas,LV,TE,2,LAC,0,0,,0,0,0,,,0,0,,0,0,0,0.0
66,Feleipe Franks,ATL,TE,2,MIN,0,0,,0,0,0,,,0,0,,0,0,0,0.0
67,Josh Oliver,MIN,TE,2,ATL,0,0,,0,0,0,,,0,0,,0,0,0,0.0
68,Ben Yurosek,MIN,TE,2,ATL,0,0,,0,0,0,,,0,0,,0,0,0,0.0
69,Nick Vannett,MIN,TE,2,ATL,0,0,,0,0,0,,,0,0,,0,0,0,0.0
70,Teagan Quitoriano,ATL,TE,2,MIN,0,0,,0,0,0,,,0,0,,0,0,0,0.0
71,Charlie Woerner,ATL,TE,2,MIN,0,0,,0,0,0,,,0,0,,0,0,0,0.0
72,Tyler Conklin,LAC,TE,2,LV,0,0,,0,0,0,,,0,0,,0,0,0,0.0
73,Stone Smartt,NYJ,TE,2,BUF,0,0,,0,0,0,,,0,0,,0,0,0,0.0
74,John FitzPatrick,GB,TE,2,WAS,0,0,,0,0,0,,,0,0,,0,0,0,0.0
75,Julian Hill,MIA,TE,2,NE,0,0,,0,0,0,,,0,0,,0,0,0,0.0
76,Colson Yankoff,WAS,TE,2,GB,0,0,,0,0,0,,,0,0,,0,0,0,0.0
77,John Bates,WAS,TE,2,GB,0,0,,0,0,0,,,0,0,,0,0,0,0.0
78,Moliki Matavao,NO,TE,2,SF,0,0,,0,0,0,,,0,0,,0,0,0,0.0
79,Tanner Conner,MIA,TE,2,NE,0,0,,0,0,0,,,0,0,,0,0,0,0.0
80,Jack Stoll,NO,TE,2,SF,0,0,,0,0,0,,,0,0,,0,0,0,0.0
81,Colston Loveland,CHI,TE,2,DET,1,0,0.0,0,0,0,0.0,,0,0,,0,0,0,0.0
82,Brayden Willis,SF,TE,2,NO,1,0,0.0,0,0,0,0.0,,0,0,,0,0,0,0.0
83,Chris Manhertz,NYG,TE,2,DAL,0,0,,0,0,0,,,0,0,,0,0,0,0.0
84,Daniel Bellinger,NYG,TE,2,DAL,0,0,,0,0,0,,,0,0,,0,0,0,0.0
85,Durham Smythe,CHI,TE,2,DET,0,0,,0,0,0,,,0,0,,0,0,0,0.0
86,Shane Zylstra,DET,TE,2,CHI,0,0,,0,0,0,,,0,0,,0,0,0,0.0
87,Luke Schoonmaker,DAL,TE,2,NYG,2,0,0.0,0,0,0,0.0,,0,0,,0,0,0,0.0
88,Zaire Mitchell-Paden,BAL,TE,2,CLE,1,0,0.0,0,0,0,0.0,,0,0,,0,0,0,0.0
89,Charlie Kolar,BAL,TE,2,CLE,0,0,,0,0,0,,,0,0,,0,0,0,0.0
90,Blake Whiteheart,CLE,TE,2,BAL,0,0,,0,0,0,,,0,0,,0,0,0,0.0
91,Robert Tonyan,KC,TE,2,PHI,0,0,,0,0,0,,,0,0,,0,0,0,0.0
92,Cameron Latu,PHI,TE,2,KC,0,0,,0,0,0,,,0,0,,0,0,0,0.0
93,Harrison Bryant,HOU,TE,2,TB,1,0,0.0,0,0,0,0.0,,0,0,,0,0,0,0.0
94,Payne Durham,TB,TE,2,HOU,1,0,0.0,0,0,0,0.0,,0,0,,0,0,0,0.0
95,Quintin Morris,JAX,TE,2,CIN,0,0,,0,0,0,,,0,0,,0,0,0,0.0
96,Johnny Mundt,JAX,TE,2,CIN,0,0,,0,0,0,,,0,0,,0,0,0,0.0
97,Tanner Hudson,CIN,TE,2,JAX,0,0,,0,0,0,,,0,0,,0,0,0,0.0
98,Hunter Long,JAX,TE,2,CIN,0,0,,0,0,0,,,0,0,,0,0,0,0.0
99,Ko Kieft,TB,TE,2,HOU,0,0,,0,0,0,,,0,0,,0,0,0,0.0
1,Hunter Henry,NE,TE,3,PIT,11,8,72.7,90,2,18,8.2,11.2,0,0,,0,0,0,29.0
2,Mark Andrews,BAL,TE,3,DET,6,6,100.0,91,2,27,15.2,15.2,0,0,,0,0,0,27.1
3,Jake Ferguson,DAL,TE,3,CHI,14,13,92.9,82,0,12,5.9,6.3,0,0,,0,0,0,21.2
4,Dalton Kincaid,BUF,TE,3,MIA,6,5,83.3,66,1,20,11.0,13.2,0,0,,0,0,0,17.6
5,T.J. Hockenson,MIN,TE,3,CIN,6,5,83.3,49,1,13,8.2,9.8,0,0,,0,0,0,15.9
6,Trey McBride,ARI,TE,3,SF,8,5,62.5,43,1,17,5.4,8.6,0,0,,0,0,0,15.3
7,Brenton Strange,JAX,TE,3,HOU,7,6,85.7,61,0,16,8.7,10.2,0,0,,0,0,0,12.1
8,Chig Okonkwo,TEN,TE,3,IND,6,5,83.3,66,0,22,11.0,13.2,0,0,,0,0,0,11.6
9,Juwan Johnson,NO,TE,3,SEA,8,6,75.0,51,0,21,6.4,8.5,0,0,,0,0,0,11.1
10,Dallas Goedert,PHI,TE,3,LAR,2,1,50.0,33,1,33,16.5,33.0,0,0,,0,0,0,10.3
11,Jack Stoll,NO,TE,3,SEA,3,2,66.7,21,1,13,7.0,10.5,0,0,,0,0,0,10.1
12,Drew Sample,CIN,TE,3,MIN,3,2,66.7,20,1,16,6.7,10.0,0,0,,0,0,0,10.0
13,Brock Bowers,LV,TE,3,WAS,5,4,80.0,38,0,18,7.6,9.5,0,0,,0,0,0,9.8
14,Oronde Gadsden,LAC,TE,3,DEN,7,5,71.4,46,0,17,6.6,9.2,0,0,,0,0,0,9.6
15,John FitzPatrick,GB,TE,3,CLE,2,2,100.0,12,1,9,6.0,6.0,0,0,,0,0,0,9.2
16,David Njoku,CLE,TE,3,GB,7,5,71.4,40,0,13,5.7,8.0,0,0,,0,0,0,9.0
17,Dalton Schultz,HOU,TE,3,JAX,6,5,83.3,39,0,12,6.5,7.8,0,0,,0,0,0,8.9
18,Josh Oliver,MIN,TE,3,CIN,1,1,100.0,12,1,12,12.0,12.0,0,0,,0,0,0,8.2
19,Cole Kmet,CHI,TE,3,DAL,1,1,100.0,10,1,10,10.0,10.0,0,0,,0,0,0,8.0
20,Kyle Pitts Sr.,ATL,TE,3,CAR,6,4,66.7,39,0,17,6.5,9.8,0,0,,0,0,0,7.9
21,Jackson Hawes,BUF,TE,3,MIA,1,1,100.0,5,1,5,5.0,5.0,0,0,,0,0,0,7.5
22,Sam LaPorta,DET,TE,3,BAL,4,4,100.0,33,0,14,8.2,8.2,0,0,,0,0,0,7.3
23,Tyler Warren,IND,TE,3,TEN,5,3,60.0,38,0,17,7.6,12.7,0,0,,0,0,0,6.8
24,Zach Ertz,WAS,TE,3,LV,3,3,100.0,38,0,19,12.7,12.7,0,0,,0,0,0,6.8
25,Travis Kelce,KC,TE,3,NYG,7,4,57.1,26,0,13,3.7,6.5,0,0,,0,0,0,6.6
26,Tucker Kraft,GB,TE,3,CLE,4,3,75.0,29,0,18,7.2,9.7,0,0,,0,0,0,5.9
27,Mason Taylor,NYJ,TE,3,TB,6,4,66.7,18,0,10,3.0,4.5,0,0,,0,0,0,5.8
28,Gunnar Helm,TEN,TE,3,IND,3,3,100.0,27,0,11,9.0,9.0,0,0,,0,0,0,5.7
29,Noah Fant,CIN,TE,3,MIN,5,5,100.0,26,0,10,5.2,5.2,0,0,,0,1,1,5.6
30,Harold Fannin Jr.,CLE,TE,3,GB,4,3,75.0,25,0,13,6.2,8.3,0,0,,0,0,0,5.5
31,Jonnu Smith,PIT,TE,3,NE,3,3,100.0,23,0,21,7.7,7.7,0,0,,0,1,0,5.3
32,Austin Hooper,NE,TE,3,PIT,3,2,66.7,28,0,16,9.3,14.0,0,0,,0,0,0,4.8
33,Noah Gray,KC,TE,3,NYG,6,3,50.0,17,0,10,2.8,5.7,0,0,,0,0,0,4.7
34,Charlie Kolar,BAL,TE,3,DET,3,2,66.7,22,0,15,7.3,11.0,0,0,,0,0,0,4.2
35,Colston Loveland,CHI,TE,3,DAL,3,1,33.3,31,0,31,10.3,31.0,0,0,,0,0,0,4.1
36,Jake Tonges,SF,TE,3,ARI,3,2,66.7,21,0,11,7.0,10.5,0,0,,0,0,0,4.1
37,Tommy Tremble,CAR,TE,3,ATL,2,2,100.0,16,0,12,8.0,8.0,0,0,,0,0,0,3.6
38,AJ Barner,SEA,TE,3,NO,1,1,100.0,23,0,23,23.0,23.0,0,0,,0,0,0,3.3
39,Hunter Long,JAX,TE,3,HOU,3,2,66.7,12,0,7,4.0,6.0,0,0,,0,0,0,3.2
40,Ja'Tavion Sanders,CAR,TE,3,ATL,2,2,100.0,11,0,7,5.5,5.5,0,0,,0,0,0,3.1
41,Tip Reiman,ARI,TE,3,SF,3,2,66.7,8,0,6,2.7,4.0,0,0,,0,0,0,2.8
42,Tanner Conner,MIA,TE,3,BUF,2,1,50.0,13,0,13,6.5,13.0,0,0,,0,0,0,2.3
43,Eric Saubert,SEA,TE,3,NO,1,1,100.0,12,0,12,12.0,12.0,0,0,,0,0,0,2.2
44,Theo Johnson,NYG,TE,3,KC,2,1,50.0,10,0,10,5.0,10.0,0,0,,0,0,0,2.0
45,Mitchell Evans,CAR,TE,3,ATL,1,1,100.0,9,0,9,9.0,9.0,0,0,,0,0,0,1.9
46,Lucas Krull,DEN,TE,3,LAC,2,1,50.0,9,0,9,4.5,9.0,0,0,,0,0,0,1.9
47,Chris Manhertz,NYG,TE,3,KC,1,1,100.0,7,0,7,7.0,7.0,0,0,,0,0,0,1.7
48,Elijah Higgins,ARI,TE,3,SF,1,1,100.0,7,0,7,7.0,7.0,0,0,,0,0,0,1.7
49,Johnny Mundt,JAX,TE,3,HOU,1,1,100.0,7,0,7,7.0,7.0,0,0,,0,0,0,1.7
50,Daniel Bellinger,NYG,TE,3,KC,1,1,100.0,6,0,6,6.0,6.0,0,0,,0,0,0,1.6
51,Mike Gesicki,CIN,TE,3,MIN,3,1,33.3,6,0,6,2.0,6.0,0,0,,0,0,0,1.6
52,Cam Grandy,CIN,TE,3,MIN,1,1,100.0,6,0,6,6.0,6.0,0,0,,0,1,0,1.6
53,Pat Freiermuth,PIT,TE,3,NE,3,1,33.3,6,0,6,2.0,6.0,0,0,,0,0,0,1.6
54,Luke Schoonmaker,DAL,TE,3,CHI,1,1,100.0,5,0,5,5.0,5.0,0,0,,0,0,0,1.5
55,Julian Hill,MIA,TE,3,BUF,1,1,100.0,4,0,4,4.0,4.0,0,0,,0,0,0,1.4
56,Davis Allen,LAR,TE,3,PHI,1,1,100.0,3,0,3,3.0,3.0,0,0,,0,0,0,1.3
57,Charlie Woerner,ATL,TE,3,CAR,1,1,100.0,-5,0,-5,-5.0,-5.0,0,0,,0,0,0,0.5
58,Ben Sinnott,WAS,TE,3,LV,0,0,,0,0,0,,,0,0,,0,0,0,0.0
59,David Martin-Robinson,TEN,TE,3,IND,0,0,,0,0,0,,,0,0,,0,0,0,0.0
60,Mo Alie-Cox,IND,TE,3,TEN,0,0,,0,0,0,,,0,0,,0,0,0,0.0
61,Kylen Granson,PHI,TE,3,LAR,0,0,,0,0,0,,,0,0,,0,0,0,0.0
62,Colby Parkinson,LAR,TE,3,PHI,0,0,,0,0,0,,,0,0,,0,0,0,0.0
63,Cameron Latu,PHI,TE,3,LAR,0,0,,0,0,0,,,0,0,,0,0,0,0.0
64,Tyler Higbee,LAR,TE,3,PHI,2,0,0.0,0,0,0,0.0,,0,0,,0,0,0,0.0
65,Grant Calcaterra,PHI,TE,3,LAR,0,0,,0,0,0,,,0,0,,0,0,0,0.0
66,Elijah Arroyo,SEA,TE,3,NO,1,0,0.0,0,0,0,0.0,,0,0,,0,0,0,0.0
67,Treyton Welch,NO,TE,3,SEA,0,0,,0,0,0,,,0,0,,0,0,0,0.0
68,Zaire Mitchell-Paden,BAL,TE,3,DET,0,0,,0,0,0,,,0,0,,0,0,0,0.0
69,Ross Dwelley,DET,TE,3,BAL,0,0,,0,0,0,,,0,0,,0,0,0,0.0
70,Brock Wright,DET,TE,3,BAL,0,0,,0,0,0,,,0,0,,0,0,0,0.0
71,Robert Tonyan,KC,TE,3,NYG,0,0,,0,0,0,,,0,0,,0,0,0,0.0
72,Darnell Washington,PIT,TE,3,NE,0,0,,0,0,0,,,0,0,,0,0,0,0.0
73,Connor Heyward,PIT,TE,3,NE,0,0,,0,0,0,,,0,0,,0,0,0,0.0
74,Jeremy Ruckert,NYJ,TE,3,TB,0,0,,0,0,0,,,0,0,,0,0,0,0.0
75,Stone Smartt,NYJ,TE,3,TB,0,0,,0,0,0,,,0,0,,0,0,0,0.0
76,Cade Otton,TB,TE,3,NYJ,0,0,,0,0,0,,,0,0,,0,0,0,0.0
77,Ko Kieft,TB,TE,3,NYJ,0,0,,0,0,0,,,0,0,,0,0,0,0.0
78,Payne Durham,TB,TE,3,NYJ,0,0,,0,0,0,,,0,0,,0,0,0,0.0
79,Dawson Knox,BUF,TE,3,MIA,0,0,,0,0,0,,,0,0,,0,0,0,0.0
80,Quintin Morris,JAX,TE,3,HOU,0,0,,0,0,0,,,0,0,,0,0,0,0.0
81,Harrison Bryant,HOU,TE,3,JAX,0,0,,0,0,0,,,0,0,,0,0,0,0.0
82,Feleipe Franks,ATL,TE,3,CAR,0,0,,0,0,0,,,0,0,,0,0,0,0.0
83,Teagan Quitoriano,ATL,TE,3,CAR,0,0,,0,0,0,,,0,0,,0,0,0,0.0
84,Drew Ogletree,IND,TE,3,TEN,0,0,,0,0,0,,,0,0,,0,0,0,0.0
85,Michael Mayer,LV,TE,3,WAS,1,0,0.0,0,0,0,0.0,,0,0,,0,0,0,0.0
86,Ian Thomas,LV,TE,3,WAS,0,0,,0,0,0,,,0,0,,0,0,0,0.0
87,Colson Yankoff,WAS,TE,3,LV,0,0,,0,0,0,,,0,0,,0,0,0,0.0
88,Tyler Conklin,LAC,TE,3,DEN,2,0,0.0,0,0,0,0.0,,0,0,,0,0,0,0.0
89,Nate Adkins,DEN,TE,3,LAC,0,0,,0,0,0,,,0,0,,0,0,0,0.0
90,Tucker Fisk,LAC,TE,3,DEN,1,0,0.0,0,0,0,0.0,,0,0,,0,0,0,0.0
91,Adam Trautman,DEN,TE,3,LAC,0,0,,0,0,0,,,0,0,,0,0,0,0.0
92,Brevyn Spann-Ford,DAL,TE,3,CHI,0,0,,0,0,0,,,0,0,,0,0,0,0.0
93,Durham Smythe,CHI,TE,3,DAL,0,0,,0,0,0,,,0,0,,0,0,0,0.0
94,Ben Yurosek,MIN,TE,3,CIN,0,0,,0,0,0,,,0,0,,0,0,0,0.0
95,Travis Vokolek,ARI,TE,3,SF,0,0,,0,0,0,,,0,0,,0,0,0,0.0
96,Luke Farrell,SF,TE,3,ARI,0,0,,0,0,0,,,0,0,,0,0,0,0.0
97,Brayden Willis,SF,TE,3,ARI,0,0,,0,0,0,,,0,0,,0,0,0,0.0
98,Blake Whiteheart,CLE,TE,3,GB,0,0,,0,0,0,,,0,0,,0,0,0,0.0
99,Luke Musgrave,GB,TE,3,CLE,0,0,,0,0,0,,,0,0,,0,0,0,0.0
100,Ben Sims,GB,TE,3,CLE,0,0,,0,0,0,,,0,0,,0,0,0,0.0
1,Dallas Goedert,PHI,TE,4,TB,4,4,100.0,37,2,22,9.2,9.2,0,0,,0,0,0,19.7
2,Tyler Warren,IND,TE,4,LAR,6,5,83.3,70,0,24,11.7,14.0,2,3,1.5,1,0,0,18.3
3,Kyle Pitts Sr.,ATL,TE,4,WAS,5,5,100.0,70,1,26,14.0,14.0,0,0,,0,0,0,18.0
4,Darren Waller,MIA,TE,4,NYJ,4,3,75.0,27,2,14,6.8,9.0,0,0,,0,0,0,17.7
5,Jake Ferguson,DAL,TE,4,GB,7,7,100.0,40,1,11,5.7,5.7,0,0,,0,0,0,17.0
6,Tommy Tremble,CAR,TE,4,NE,8,5,62.5,42,1,15,5.2,8.4,0,0,,0,0,0,15.2
7,Jake Tonges,SF,TE,4,JAX,5,3,60.0,58,1,23,11.6,19.3,0,0,,0,0,0,14.8
8,Trey McBride,ARI,TE,4,SEA,11,7,63.6,52,0,17,4.7,7.4,0,0,,0,0,0,12.2
9,AJ Barner,SEA,TE,4,ARI,3,3,100.0,32,1,16,10.7,10.7,0,0,,0,0,0,12.2
10,Hunter Henry,NE,TE,4,CAR,2,2,100.0,39,1,31,19.5,19.5,0,0,,0,0,0,11.9
11,Mason Taylor,NYJ,TE,4,MIA,7,5,71.4,65,0,27,9.3,13.0,0,0,,0,0,0,11.5
12,Mitchell Evans,CAR,TE,4,NE,4,3,75.0,23,1,16,5.8,7.7,0,0,,0,0,0,11.3
13,Hunter Long,JAX,TE,4,SF,3,3,100.0,23,1,11,7.7,7.7,0,0,,0,0,0,11.3
14,Theo Johnson,NYG,TE,4,LAC,5,3,60.0,17,1,10,3.4,5.7,0,0,,0,0,0,10.7
15,Tucker Kraft,GB,TE,4,DAL,5,5,100.0,56,0,16,11.2,11.2,0,0,,0,0,0,10.6
16,Brenton Strange,JAX,TE,4,SF,7,6,85.7,45,0,11,6.4,7.5,0,0,,0,0,0,10.5
17,Mark Andrews,BAL,TE,4,KC,8,7,87.5,30,0,7,3.8,4.3,0,0,,0,0,0,10.0
18,Dalton Kincaid,BUF,TE,4,NO,2,1,50.0,28,1,28,14.0,28.0,0,0,,0,0,0,9.8
19,Travis Kelce,KC,TE,4,BAL,5,5,100.0,48,0,15,9.6,9.6,0,0,,0,0,0,9.8
20,Brock Bowers,LV,TE,4,CHI,6,5,83.3,46,0,19,7.7,9.2,0,0,,0,0,0,9.6
21,Dalton Schultz,HOU,TE,4,TEN,6,5,83.3,30,0,9,5.0,6.0,0,0,,0,0,0,8.0
22,T.J. Hockenson,MIN,TE,4,PIT,5,4,80.0,39,0,14,7.8,9.8,0,0,,0,0,0,7.9
23,Cole Kmet,CHI,TE,4,LV,9,3,33.3,46,0,29,5.1,15.3,0,0,,0,0,0,7.6
24,Sam LaPorta,DET,TE,4,CLE,4,3,75.0,39,0,27,9.8,13.0,0,0,,0,0,0,6.9
25,Evan Engram,DEN,TE,4,CIN,7,4,57.1,29,0,11,4.1,7.2,0,0,,0,0,0,6.9
26,Elijah Arroyo,SEA,TE,4,ARI,4,2,50.0,44,0,32,11.0,22.0,0,0,,0,0,0,6.4
27,Zach Ertz,WAS,TE,4,ATL,4,2,50.0,21,0,14,5.2,10.5,0,0,,0,1,0,6.1
28,Juwan Johnson,NO,TE,4,BUF,3,3,100.0,28,0,17,9.3,9.3,0,0,,0,0,0,5.8
29,Adam Trautman,DEN,TE,4,CIN,3,2,66.7,32,0,26,10.7,16.0,0,0,,0,0,0,5.2
30,Darnell Washington,PIT,TE,4,MIN,3,3,100.0,20,0,8,6.7,6.7,0,0,,0,0,0,5.0
31,Harold Fannin Jr.,CLE,TE,4,DET,6,2,33.3,24,0,13,4.0,12.0,1,1,1.0,0,0,0,4.5
32,Tyler Higbee,LAR,TE,4,IND,5,2,40.0,25,0,16,5.0,12.5,0,0,,0,0,0,4.5
33,Cade Otton,TB,TE,4,PHI,4,3,75.0,9,0,6,2.2,3.0,0,0,,0,0,0,3.9
34,Colby Parkinson,LAR,TE,4,IND,2,2,100.0,17,0,9,8.5,8.5,0,0,,0,0,0,3.7
35,James Mitchell,CAR,TE,4,NE,2,2,100.0,17,0,9,8.5,8.5,0,0,,0,0,0,3.7
36,Oronde Gadsden,LAC,TE,4,NYG,3,2,66.7,16,0,11,5.3,8.0,0,0,,0,0,0,3.6
37,Austin Hooper,NE,TE,4,CAR,1,1,100.0,24,0,24,24.0,24.0,0,0,,0,0,0,3.4
38,Jeremy Ruckert,NYJ,TE,4,MIA,1,1,100.0,23,0,12,23.0,23.0,0,0,,0,0,0,3.3
39,David Njoku,CLE,TE,4,DET,3,2,66.7,11,0,9,3.7,5.5,0,0,,0,0,0,3.1
40,Julian Hill,MIA,TE,4,NYJ,2,1,50.0,19,0,19,9.5,19.0,0,0,,0,0,0,2.9
41,Luke Schoonmaker,DAL,TE,4,GB,2,2,100.0,8,0,5,4.0,4.0,0,0,,0,0,0,2.8
42,Jonnu Smith,PIT,TE,4,MIN,3,2,66.7,6,0,6,2.0,3.0,0,0,,0,0,0,2.6
43,Grant Calcaterra,PHI,TE,4,TB,2,1,50.0,16,0,16,8.0,16.0,0,0,,0,0,0,2.6
44,Nate Adkins,DEN,TE,4,CIN,3,2,66.7,5,0,7,1.7,2.5,0,0,,0,0,0,2.5
45,Jackson Hawes,BUF,TE,4,NO,1,1,100.0,15,0,15,15.0,15.0,0,0,,0,0,0,2.5
46,Daniel Bellinger,NYG,TE,4,LAC,1,1,100.0,13,0,13,13.0,13.0,0,0,,0,0,0,2.3
47,Gunnar Helm,TEN,TE,4,HOU,1,1,100.0,12,0,12,12.0,12.0,0,0,,0,0,0,2.2
48,Luke Farrell,SF,TE,4,JAX,2,2,100.0,20,0,11,10.0,10.0,0,0,,0,1,1,2.0
49,Mike Gesicki,CIN,TE,4,DEN,1,1,100.0,8,0,8,8.0,8.0,0,0,,0,0,0,1.8
50,Jack Stoll,NO,TE,4,BUF,1,1,100.0,7,0,7,7.0,7.0,0,0,,0,0,0,1.7
51,Luke Musgrave,GB,TE,4,DAL,1,1,100.0,6,0,6,6.0,6.0,0,0,,0,0,0,1.6
52,Chig Okonkwo,TEN,TE,4,HOU,3,1,33.3,4,0,4,1.3,4.0,0,0,,0,0,0,1.4
53,Tyler Conklin,LAC,TE,4,NYG,1,1,100.0,3,0,3,3.0,3.0,0,0,,0,0,0,1.3
54,Noah Gray,KC,TE,4,BAL,1,1,100.0,1,0,1,1.0,1.0,0,0,,0,0,0,1.1
55,Davis Allen,LAR,TE,4,IND,1,1,100.0,0,0,0,0.0,0.0,0,0,,0,0,0,1.0
56,Connor Heyward,PIT,TE,4,MIN,0,0,,0,0,0,,,1,2,2.0,0,0,0,0.2
57,Tucker Fisk,LAC,TE,4,NYG,1,0,0.0,0,0,0,0.0,,0,0,,0,0,0,0.0
58,Kylen Granson,PHI,TE,4,TB,0,0,,0,0,0,,,0,0,,0,0,0,0.0
59,Cameron Latu,PHI,TE,4,TB,0,0,,0,0,0,,,0,0,,0,0,0,0.0
60,Payne Durham,TB,TE,4,PHI,0,0,,0,0,0,,,0,0,,0,0,0,0.0
61,Colson Yankoff,WAS,TE,4,ATL,0,0,,0,0,0,,,0,0,,0,0,0,0.0
62,Feleipe Franks,ATL,TE,4,WAS,0,0,,0,0,0,,,0,0,,0,0,0,0.0
63,Charlie Woerner,ATL,TE,4,WAS,0,0,,0,0,0,,,0,0,,0,0,0,0.0
64,Teagan Quitoriano,ATL,TE,4,WAS,0,0,,0,0,0,,,0,0,,0,0,0,0.0
65,Ben Sinnott,WAS,TE,4,ATL,0,0,,0,0,0,,,0,0,,0,0,0,0.0
66,Blake Whiteheart,CLE,TE,4,DET,1,0,0.0,0,0,0,0.0,,0,0,,0,0,0,0.0
67,Brock Wright,DET,TE,4,CLE,0,0,,0,0,0,,,0,0,,0,0,0,0.0
68,Ross Dwelley,DET,TE,4,CLE,0,0,,0,0,0,,,0,0,,0,0,0,0.0
69,Robert Tonyan,KC,TE,4,BAL,0,0,,0,0,0,,,0,0,,0,0,0,0.0
70,Charlie Kolar,BAL,TE,4,KC,0,0,,0,0,0,,,0,0,,0,0,0,0.0
71,Isaiah Likely,BAL,TE,4,KC,0,0,,0,0,0,,,0,0,,0,0,0,0.0
72,Zaire Mitchell-Paden,BAL,TE,4,KC,0,0,,0,0,0,,,0,0,,0,0,0,0.0
73,Ben Sims,GB,TE,4,DAL,0,0,,0,0,0,,,0,0,,0,0,0,0.0
74,John FitzPatrick,GB,TE,4,DAL,0,0,,0,0,0,,,0,0,,0,0,0,0.0
75,Brevyn Spann-Ford,DAL,TE,4,GB,0,0,,0,0,0,,,0,0,,0,0,0,0.0
76,Tanner Hudson,CIN,TE,4,DEN,0,0,,0,0,0,,,0,0,,0,0,0,0.0
77,Drew Sample,CIN,TE,4,DEN,0,0,,0,0,0,,,0,0,,0,0,0,0.0
78,Cam Grandy,CIN,TE,4,DEN,0,0,,0,0,0,,,0,0,,0,0,0,0.0
79,Tanner Conner,MIA,TE,4,NYJ,0,0,,0,0,0,,,0,0,,0,0,0,0.0
80,Stone Smartt,NYJ,TE,4,MIA,0,0,,0,0,0,,,0,0,,0,0,0,0.0
81,Elijah Higgins,ARI,TE,4,SEA,0,0,,0,0,0,,,0,0,,0,0,0,0.0
82,Tip Reiman,ARI,TE,4,SEA,0,0,,0,0,0,,,0,0,,0,0,0,0.0
83,Eric Saubert,SEA,TE,4,ARI,0,0,,0,0,0,,,0,0,,0,0,0,0.0
84,Stephen Carlson,CHI,TE,4,LV,0,0,,0,0,0,,,0,0,,0,0,0,0.0
85,Carter Runyon,LV,TE,4,CHI,0,0,,0,0,0,,,0,0,,0,0,0,0.0
86,Ian Thomas,LV,TE,4,CHI,0,0,,0,0,0,,,0,0,,0,0,0,0.0
87,Durham Smythe,CHI,TE,4,LV,0,0,,0,0,0,,,0,0,,0,0,0,0.0
88,Quintin Morris,JAX,TE,4,SF,0,0,,0,0,0,,,0,0,,0,0,0,0.0
89,Brayden Willis,SF,TE,4,JAX,0,0,,0,0,0,,,0,0,,0,0,0,0.0
90,Johnny Mundt,JAX,TE,4,SF,1,0,0.0,0,0,0,0.0,,0,0,,0,0,0,0.0
91,Drew Ogletree,IND,TE,4,LAR,0,0,,0,0,0,,,0,0,,0,0,0,0.0
92,Mo Alie-Cox,IND,TE,4,LAR,0,0,,0,0,0,,,0,0,,0,0,0,0.0
93,David Martin-Robinson,TEN,TE,4,HOU,0,0,,0,0,0,,,0,0,,0,0,0,0.0
94,Brenden Bates,HOU,TE,4,TEN,0,0,,0,0,0,,,0,0,,0,0,0,0.0
95,Harrison Bryant,HOU,TE,4,TEN,0,0,,0,0,0,,,0,0,,0,0,0,0.0
96,Dawson Knox,BUF,TE,4,NO,1,0,0.0,0,0,0,0.0,,0,0,,0,0,0,0.0
97,Moliki Matavao,NO,TE,4,BUF,0,0,,0,0,0,,,0,0,,0,0,0,0.0
98,Devin Culp,TB,TE,4,PHI,0,0,,0,0,0,,,0,0,,0,0,0,0.0
99,Chris Manhertz,NYG,TE,4,LAC,0,0,,0,0,0,,,0,0,,0,0,0,0.0
100,Nick Vannett,MIN,TE,4,PIT,0,0,,0,0,0,,,0,0,,0,0,0,0.0
1,AJ Barner,SEA,TE,5,TB,7,7,100.0,53,2,11,7.6,7.6,0,0,,0,0,0,24.3
2,Jake Ferguson,DAL,TE,5,NYJ,9,7,77.8,49,2,26,5.4,7.0,0,0,,0,0,0,23.9
3,Theo Johnson,NYG,TE,5,NO,7,6,85.7,33,2,15,4.7,5.5,0,0,,0,0,0,21.3
4,Sam LaPorta,DET,TE,5,CIN,6,5,83.3,92,1,39,15.3,18.4,0,0,,0,0,0,20.2
5,Travis Kelce,KC,TE,5,JAX,8,7,87.5,61,1,14,7.6,8.7,0,0,,0,0,0,19.1
6,Darren Waller,MIA,TE,5,CAR,5,5,100.0,78,1,34,15.6,15.6,0,0,,0,0,0,18.8
7,David Njoku,CLE,TE,5,MIN,9,6,66.7,67,1,17,7.4,11.2,0,0,,0,0,0,18.7
8,Mason Taylor,NYJ,TE,5,DAL,12,9,75.0,67,0,11,5.6,7.4,0,0,,0,0,0,17.7
9,Jake Tonges,SF,TE,5,LAR,11,7,63.6,41,1,11,3.7,5.9,0,0,,0,0,0,17.1
10,Dalton Kincaid,BUF,TE,5,NE,6,6,100.0,108,0,23,18.0,18.0,0,0,,0,0,0,16.8
11,Tyler Warren,IND,TE,5,LV,4,4,100.0,44,1,19,11.0,11.0,0,0,,0,0,0,14.4
12,Evan Engram,DEN,TE,5,PHI,6,4,66.7,33,1,18,5.5,8.2,0,0,,0,0,0,13.3
13,Cade Otton,TB,TE,5,SEA,5,4,80.0,81,0,27,16.2,20.2,0,0,,0,0,0,12.1
14,Josh Oliver,MIN,TE,5,CLE,3,2,66.7,35,1,32,11.7,17.5,0,0,,0,0,0,11.5
15,Harold Fannin Jr.,CLE,TE,5,MIN,4,4,100.0,13,1,5,3.2,3.2,0,0,,0,0,0,11.3
16,Dalton Schultz,HOU,TE,5,BAL,6,5,83.3,60,0,21,10.0,12.0,0,0,,0,0,0,11.0
17,Dallas Goedert,PHI,TE,5,DEN,9,3,33.3,19,1,11,2.1,6.3,0,0,,0,0,0,10.9
18,T.J. Hockenson,MIN,TE,5,CLE,6,6,100.0,38,0,14,6.3,6.3,0,0,,0,0,0,9.8
19,Daniel Bellinger,NYG,TE,5,NO,4,4,100.0,52,0,18,13.0,13.0,0,0,,0,0,0,9.2
20,Trey McBride,ARI,TE,5,TEN,7,5,71.4,41,0,12,5.9,8.2,0,0,,0,0,0,9.1
21,Brock Wright,DET,TE,5,CIN,3,2,66.7,9,1,6,3.0,4.5,0,0,,0,0,0,8.9
22,Chig Okonkwo,TEN,TE,5,ARI,5,4,80.0,48,0,16,9.6,12.0,0,0,,0,0,0,8.8
23,Albert Okwuegbunam,LV,TE,5,IND,6,5,83.3,36,0,16,6.0,7.2,0,0,,0,0,0,8.6
24,Gunnar Helm,TEN,TE,5,ARI,5,4,80.0,34,0,19,6.8,8.5,0,0,,0,0,0,7.4
25,Mitchell Evans,CAR,TE,5,MIA,1,1,100.0,4,1,4,4.0,4.0,0,0,,0,0,0,7.4
26,Jeremy Ruckert,NYJ,TE,5,DAL,4,4,100.0,28,0,9,7.0,7.0,0,0,,0,0,0,6.8
27,Hunter Henry,NE,TE,5,BUF,4,2,50.0,46,0,24,11.5,23.0,0,0,,0,0,0,6.6
28,Julian Hill,MIA,TE,5,CAR,5,4,80.0,22,0,8,4.4,5.5,0,0,,0,0,0,6.2
29,Tyler Conklin,LAC,TE,5,WAS,3,2,66.7,30,0,21,10.0,15.0,0,0,,0,0,0,5.0
30,Ian Thomas,LV,TE,5,IND,3,3,100.0,20,0,10,6.7,6.7,0,0,,0,0,0,5.0
31,Davis Allen,LAR,TE,5,SF,2,2,100.0,24,0,20,12.0,12.0,0,0,,0,0,0,4.4
32,Brenden Bates,HOU,TE,5,BAL,2,2,100.0,23,0,19,11.5,11.5,0,0,,0,0,0,4.3
33,Mark Andrews,BAL,TE,5,HOU,3,2,66.7,22,0,12,7.3,11.0,0,0,,0,0,0,4.2
34,Grant Calcaterra,PHI,TE,5,DEN,2,2,100.0,18,0,11,9.0,9.0,0,0,,0,0,0,3.8
35,Juwan Johnson,NO,TE,5,NYG,4,2,50.0,17,0,19,4.2,8.5,0,0,,0,0,0,3.7
36,Tanner Conner,MIA,TE,5,CAR,2,2,100.0,16,0,15,8.0,8.0,0,0,,0,0,0,3.6
37,Mike Gesicki,CIN,TE,5,DET,5,2,40.0,15,0,15,3.0,7.5,0,0,,0,0,0,3.5
38,Dawson Knox,BUF,TE,5,NE,2,2,100.0,15,0,8,7.5,7.5,0,0,,0,0,0,3.5
39,Brenton Strange,JAX,TE,5,KC,1,1,100.0,22,0,22,22.0,22.0,0,0,,0,0,0,3.2
40,Terrance Ferguson,LAR,TE,5,SF,1,1,100.0,21,0,21,21.0,21.0,0,0,,0,0,0,3.1
41,Elijah Higgins,ARI,TE,5,TEN,2,2,100.0,10,0,7,5.0,5.0,0,0,,0,0,0,3.0
42,Oronde Gadsden,LAC,TE,5,WAS,1,1,100.0,14,0,14,14.0,14.0,0,0,,0,0,0,2.4
43,Isaiah Likely,BAL,TE,5,HOU,1,1,100.0,12,0,12,12.0,12.0,0,0,,0,0,0,2.2
44,James Mitchell,CAR,TE,5,MIA,1,1,100.0,11,0,11,11.0,11.0,0,0,,0,0,0,2.1
45,Adam Trautman,DEN,TE,5,PHI,1,1,100.0,11,0,11,11.0,11.0,0,0,,0,0,0,2.1
46,Elijah Arroyo,SEA,TE,5,TB,1,1,100.0,10,0,10,10.0,10.0,0,0,,0,0,0,2.0
47,Charlie Kolar,BAL,TE,5,HOU,1,1,100.0,10,0,10,10.0,10.0,0,0,,0,0,0,2.0
48,John Bates,WAS,TE,5,LAC,1,1,100.0,9,0,9,9.0,9.0,0,0,,0,0,0,1.9
49,Luke Farrell,SF,TE,5,LAR,2,1,50.0,8,0,8,4.0,8.0,0,0,,0,0,0,1.8
50,Johnny Mundt,JAX,TE,5,KC,1,1,100.0,7,0,7,7.0,7.0,0,0,,0,0,0,1.7
51,Tommy Tremble,CAR,TE,5,MIA,2,1,50.0,7,0,7,3.5,7.0,0,0,,0,0,0,1.7
52,Harrison Bryant,HOU,TE,5,BAL,2,1,50.0,5,0,5,2.5,5.0,0,0,,0,0,0,1.5
53,Luke Schoonmaker,DAL,TE,5,NYJ,2,1,50.0,3,0,3,1.5,3.0,0,0,,0,0,0,1.3
54,Zaire Mitchell-Paden,BAL,TE,5,HOU,1,1,100.0,3,0,3,3.0,3.0,0,0,,0,0,0,1.3
55,Hunter Long,JAX,TE,5,KC,1,1,100.0,3,0,3,3.0,3.0,0,0,,0,0,0,1.3
56,Drew Sample,CIN,TE,5,DET,1,1,100.0,-1,0,0,-1.0,-1.0,0,0,,0,0,0,0.9
57,Quintin Morris,JAX,TE,5,KC,0,0,,0,0,0,,,0,0,,0,0,0,0.0
58,Colson Yankoff,WAS,TE,5,LAC,0,0,,0,0,0,,,0,0,,0,0,0,0.0
59,Noah Gray,KC,TE,5,JAX,0,0,,0,0,0,,,0,0,,0,0,0,0.0
60,Robert Tonyan,KC,TE,5,JAX,0,0,,0,0,0,,,0,0,,0,0,0,0.0
61,Ben Sinnott,WAS,TE,5,LAC,0,0,,0,0,0,,,0,0,,0,0,0,0.0
62,Eric Saubert,SEA,TE,5,TB,0,0,,0,0,0,,,0,0,,0,0,0,0.0
63,Devin Culp,TB,TE,5,SEA,0,0,,0,0,0,,,0,0,,0,0,0,0.0
64,Thomas Fidone II,NYG,TE,5,NO,0,0,,0,0,0,,,0,0,,0,0,0,0.0
65,Foster Moreau,NO,TE,5,NYG,0,0,,0,0,0,,,0,0,,0,0,0,0.0
66,Jack Stoll,NO,TE,5,NYG,0,0,,0,0,0,,,0,0,,0,0,0,0.0
67,Chris Manhertz,NYG,TE,5,NO,0,0,,0,0,0,,,0,0,,0,0,0,0.0
68,Payne Durham,TB,TE,5,SEA,0,0,,0,0,0,,,0,0,,0,0,0,0.0
69,Tip Reiman,ARI,TE,5,TEN,1,0,0.0,0,0,0,0.0,,0,0,,0,0,0,0.0
70,David Martin-Robinson,TEN,TE,5,ARI,0,0,,0,0,0,,,0,0,,0,0,0,0.0
71,Travis Vokolek,ARI,TE,5,TEN,0,0,,0,0,0,,,0,0,,0,0,0,0.0
72,Cameron Latu,PHI,TE,5,DEN,0,0,,0,0,0,,,0,0,,0,0,0,0.0
73,Nate Adkins,DEN,TE,5,PHI,1,0,0.0,0,0,0,0.0,,0,0,,0,0,0,0.0
74,Kylen Granson,PHI,TE,5,DEN,0,0,,0,0,0,,,0,0,,0,0,0,0.0
75,Brayden Willis,SF,TE,5,LAR,0,0,,0,0,0,,,0,0,,0,0,0,0.0
76,Colby Parkinson,LAR,TE,5,SF,1,0,0.0,0,0,0,0.0,,0,0,,0,0,0,0.0
77,Blake Whiteheart,CLE,TE,5,MIN,0,0,,0,0,0,,,0,0,,0,0,0,0.0
78,Nick Vannett,MIN,TE,5,CLE,0,0,,0,0,0,,,0,0,,0,0,0,0.0
79,Brevyn Spann-Ford,DAL,TE,5,NYJ,0,0,,0,0,0,,,0,0,,0,0,0,0.0
80,Carter Runyon,LV,TE,5,IND,0,0,,0,0,0,,,0,0,,0,0,0,0.0
81,Mo Alie-Cox,IND,TE,5,LV,0,0,,0,0,0,,,0,0,,0,0,0,0.0
82,Drew Ogletree,IND,TE,5,LV,0,0,,0,0,0,,,0,0,,0,0,0,0.0
83,Austin Hooper,NE,TE,5,BUF,0,0,,0,0,0,,,0,0,,0,0,0,0.0
84,Will Mallory,IND,TE,5,LV,1,0,0.0,0,0,0,0.0,,0,0,,0,0,0,0.0
85,Jackson Hawes,BUF,TE,5,NE,0,0,,0,0,0,,,0,0,,0,0,0,0.0
86,Tanner Hudson,CIN,TE,5,DET,0,0,,0,0,0,,,0,0,,0,0,0,0.0
87,Zach Ertz,WAS,TE,5,LAC,1,0,0.0,0,0,0,0.0,,0,0,,0,0,0,0.0
88,Ross Dwelley,DET,TE,5,CIN,0,0,,0,0,0,,,0,0,,0,0,0,0.0
89,Noah Fant,CIN,TE,5,DET,0,0,,0,0,0,,,0,0,,0,0,0,0.0
90,Tucker Fisk,LAC,TE,5,WAS,0,0,,0,0,0,,,0,0,,0,0,0,0.0
1,Dallas Goedert,PHI,TE,6,NYG,11,9,81.8,110,1,36,10.0,12.2,0,0,,0,0,0,26.0
2,Trey McBride,ARI,TE,6,IND,11,8,72.7,72,1,26,6.5,9.0,0,0,,0,0,0,21.2
3,Tyler Warren,IND,TE,6,ARI,9,6,66.7,63,1,23,7.0,10.5,0,0,,0,0,0,18.3
4,Sam LaPorta,DET,TE,6,KC,6,5,83.3,55,1,26,9.2,11.0,0,0,,0,0,0,16.5
5,Zach Ertz,WAS,TE,6,CHI,6,6,100.0,43,1,11,7.2,7.2,0,0,,0,0,0,16.3
6,Michael Mayer,LV,TE,6,TEN,7,5,71.4,50,1,22,7.1,10.0,0,0,,0,0,0,16.0
7,Harold Fannin Jr.,CLE,TE,6,PIT,10,7,70.0,81,0,24,8.1,11.6,0,0,,0,0,0,15.1
8,Tyler Higbee,LAR,TE,6,BAL,4,4,100.0,40,1,24,10.0,10.0,0,0,,0,0,0,14.0
9,Travis Kelce,KC,TE,6,DET,7,6,85.7,78,0,17,11.1,13.0,0,0,,0,0,0,13.8
10,Jake Ferguson,DAL,TE,6,CAR,3,3,100.0,33,1,19,11.0,11.0,0,0,,0,0,0,12.3
11,Tucker Kraft,GB,TE,6,CIN,2,2,100.0,43,1,24,21.5,21.5,0,0,,0,0,0,12.3
12,Oronde Gadsden,LAC,TE,6,MIA,8,7,87.5,68,0,21,8.5,9.7,0,0,,0,1,1,11.8
13,Jake Tonges,SF,TE,6,TB,7,6,85.7,58,0,16,8.3,9.7,0,0,,0,0,0,11.8
14,Tanner Hudson,CIN,TE,6,GB,5,4,80.0,10,1,8,2.0,2.5,0,0,,0,0,0,11.0
15,Chig Okonkwo,TEN,TE,6,LV,6,6,100.0,46,0,20,7.7,7.7,0,0,,0,0,0,10.6
16,Nate Adkins,DEN,TE,6,NYJ,2,2,100.0,23,1,16,11.5,11.5,0,0,,0,0,0,10.3
17,AJ Barner,SEA,TE,6,JAX,3,3,100.0,71,0,61,23.7,23.7,0,0,,0,0,0,10.1
18,Cade Otton,TB,TE,6,SF,6,5,83.3,51,0,23,8.5,10.2,0,0,,0,0,0,10.1
19,Evan Engram,DEN,TE,6,NYJ,6,5,83.3,42,0,16,7.0,8.4,1,7,7.0,0,0,0,9.9
20,Darnell Washington,PIT,TE,6,CLE,5,3,60.0,62,0,36,12.4,20.7,0,0,,0,1,0,9.2
21,Darren Waller,MIA,TE,6,LAC,3,2,66.7,12,1,7,4.0,6.0,0,0,,0,0,0,9.2
22,Dawson Knox,BUF,TE,6,ATL,2,1,50.0,19,1,19,9.5,19.0,0,0,,0,0,0,8.9
23,Connor Heyward,PIT,TE,6,CLE,1,1,100.0,12,1,12,12.0,12.0,0,0,,0,0,0,8.2
24,Tommy Tremble,CAR,TE,6,DAL,4,4,100.0,39,0,16,9.8,9.8,0,0,,0,0,0,7.9
25,David Martin-Robinson,TEN,TE,6,LV,1,1,100.0,1,1,1,1.0,1.0,0,0,,0,0,0,7.1
26,Noah Fant,CIN,TE,6,GB,4,4,100.0,27,0,9,6.8,6.8,0,0,,0,0,0,6.7
27,Mark Andrews,BAL,TE,6,LAR,6,4,66.7,24,0,9,4.0,6.0,3,2,0.7,0,0,0,6.6
28,Julian Hill,MIA,TE,6,LAC,3,3,100.0,31,0,14,10.3,10.3,0,0,,0,0,0,6.1
29,Jonnu Smith,PIT,TE,6,CLE,4,3,75.0,18,0,7,4.5,6.0,1,10,10.0,0,0,0,5.8
30,David Njoku,CLE,TE,6,PIT,6,3,50.0,28,0,14,4.7,9.3,0,0,,0,0,0,5.8
31,Hunter Henry,NE,TE,6,NO,3,3,100.0,27,0,12,9.0,9.0,0,0,,0,0,0,5.7
32,Elijah Higgins,ARI,TE,6,IND,2,2,100.0,34,0,24,17.0,17.0,0,0,,0,0,0,5.4
33,Kyle Pitts Sr.,ATL,TE,6,BUF,4,3,75.0,18,0,10,4.5,6.0,0,0,,0,0,0,4.8
34,Theo Johnson,NYG,TE,6,PHI,4,2,50.0,27,0,22,6.8,13.5,0,0,,0,0,0,4.7
35,Noah Gray,KC,TE,6,DET,2,2,100.0,25,0,19,12.5,12.5,0,0,,0,0,0,4.5
36,Hunter Long,JAX,TE,6,SEA,3,2,66.7,19,0,11,6.3,9.5,0,0,,0,0,0,3.9
37,Will Dissly,LAC,TE,6,MIA,2,2,100.0,18,0,14,9.0,9.0,0,0,,0,0,0,3.8
38,Gunnar Helm,TEN,TE,6,LV,3,2,66.7,15,0,9,5.0,7.5,0,0,,0,0,0,3.5
39,Colston Loveland,CHI,TE,6,WAS,3,2,66.7,11,0,6,3.7,5.5,0,0,,0,0,0,3.1
40,Mitchell Evans,CAR,TE,6,DAL,1,1,100.0,21,0,21,21.0,21.0,0,0,,0,0,0,3.1
41,Mo Alie-Cox,IND,TE,6,ARI,2,1,50.0,16,0,16,8.0,16.0,0,0,,0,0,0,2.6
42,Isaiah Likely,BAL,TE,6,LAR,2,2,100.0,6,0,5,3.0,3.0,0,0,,0,1,0,2.6
43,Johnny Mundt,JAX,TE,6,SEA,2,1,50.0,14,0,14,7.0,14.0,0,0,,0,0,0,2.4
44,Pat Freiermuth,PIT,TE,6,CLE,1,1,100.0,11,0,11,11.0,11.0,0,0,,0,0,0,2.1
45,Foster Moreau,NO,TE,6,NE,1,1,100.0,9,0,9,9.0,9.0,0,0,,0,0,0,1.9
46,Luke Schoonmaker,DAL,TE,6,CAR,2,1,50.0,8,0,8,4.0,8.0,0,0,,0,0,0,1.8
47,Tanner Conner,MIA,TE,6,LAC,1,1,100.0,8,0,8,8.0,8.0,0,0,,0,0,0,1.8
48,Davis Allen,LAR,TE,6,BAL,2,1,50.0,7,0,7,3.5,7.0,0,0,,0,0,0,1.7
49,Luke Musgrave,GB,TE,6,CIN,2,1,50.0,7,0,7,3.5,7.0,0,0,,0,0,0,1.7
50,Elijah Arroyo,SEA,TE,6,JAX,2,1,50.0,6,0,6,3.0,6.0,0,0,,0,0,0,1.6
51,Austin Hooper,NE,TE,6,NO,1,1,100.0,5,0,5,5.0,5.0,0,0,,0,0,0,1.5
52,Juwan Johnson,NO,TE,6,NE,2,2,100.0,15,0,13,7.5,7.5,0,0,,0,1,1,1.5
53,Ian Thomas,LV,TE,6,TEN,1,1,100.0,4,0,4,4.0,4.0,0,0,,0,0,0,1.4
54,Brevyn Spann-Ford,DAL,TE,6,CAR,1,1,100.0,2,0,2,2.0,2.0,0,0,,0,0,0,1.2
55,Mason Taylor,NYJ,TE,6,DEN,1,1,100.0,2,0,2,2.0,2.0,0,0,,0,0,0,1.2
56,Cole Kmet,CHI,TE,6,WAS,2,1,50.0,0,0,0,0.0,0.0,0,0,,0,0,0,1.0
57,Blake Whiteheart,CLE,TE,6,PIT,1,1,100.0,0,0,0,0.0,0.0,0,0,,0,0,0,1.0
58,Drew Sample,CIN,TE,6,GB,2,1,50.0,-2,0,0,-1.0,-2.0,0,0,,0,0,0,0.8
59,Feleipe Franks,ATL,TE,6,BUF,0,0,,0,0,0,,,1,2,2.0,0,0,0,0.2
60,Durham Smythe,CHI,TE,6,WAS,0,0,,0,0,0,,,0,0,,0,0,0,0.0
61,Ben Sinnott,WAS,TE,6,CHI,0,0,,0,0,0,,,0,0,,0,0,0,0.0
62,John Bates,WAS,TE,6,CHI,0,0,,0,0,0,,,0,0,,0,0,0,0.0
63,Kylen Granson,PHI,TE,6,NYG,0,0,,0,0,0,,,0,0,,0,0,0,0.0
64,Thomas Fidone II,NYG,TE,6,PHI,0,0,,0,0,0,,,0,0,,0,0,0,0.0
65,Chris Manhertz,NYG,TE,6,PHI,0,0,,0,0,0,,,0,0,,0,0,0,0.0
66,James Mitchell,CAR,TE,6,DAL,0,0,,0,0,0,,,0,0,,0,0,0,0.0
67,Daniel Bellinger,NYG,TE,6,PHI,0,0,,0,0,0,,,0,0,,0,0,0,0.0
68,Cameron Latu,PHI,TE,6,NYG,0,0,,0,0,0,,,0,0,,0,0,0,0.0
69,Devin Culp,TB,TE,6,SF,0,0,,0,0,0,,,0,0,,0,0,0,0.0
70,Payne Durham,TB,TE,6,SF,0,0,,0,0,0,,,0,0,,0,0,0,0.0
71,Luke Farrell,SF,TE,6,TB,0,0,,0,0,0,,,0,0,,0,0,0,0.0
72,Brayden Willis,SF,TE,6,TB,0,0,,0,0,0,,,0,0,,0,0,0,0.0
73,Stone Smartt,NYJ,TE,6,DEN,0,0,,0,0,0,,,0,0,,0,0,0,0.0
74,Tucker Fisk,LAC,TE,6,MIA,0,0,,0,0,0,,,0,0,,0,0,0,0.0
75,Tyler Conklin,LAC,TE,6,MIA,0,0,,0,0,0,,,0,0,,0,0,0,0.0
76,Adam Trautman,DEN,TE,6,NYJ,0,0,,0,0,0,,,0,0,,0,0,0,0.0
77,Jeremy Ruckert,NYJ,TE,6,DEN,0,0,,0,0,0,,,0,0,,0,0,0,0.0
78,Travis Vokolek,ARI,TE,6,IND,0,0,,0,0,0,,,0,0,,0,0,0,0.0
79,Brock Wright,DET,TE,6,KC,0,0,,0,0,0,,,0,0,,0,0,0,0.0
80,Robert Tonyan,KC,TE,6,DET,0,0,,0,0,0,,,0,0,,0,0,0,0.0
81,Ross Dwelley,DET,TE,6,KC,0,0,,0,0,0,,,0,0,,0,0,0,0.0
82,Drew Ogletree,IND,TE,6,ARI,0,0,,0,0,0,,,0,0,,0,0,0,0.0
83,Jack Stoll,NO,TE,6,NE,0,0,,0,0,0,,,0,0,,0,0,0,0.0
84,Zaire Mitchell-Paden,BAL,TE,6,LAR,0,0,,0,0,0,,,0,0,,0,0,0,0.0
85,Charlie Kolar,BAL,TE,6,LAR,1,0,0.0,0,0,0,0.0,,0,0,,0,0,0,0.0
86,Eric Saubert,SEA,TE,6,JAX,0,0,,0,0,0,,,0,0,,0,0,0,0.0
87,Quintin Morris,JAX,TE,6,SEA,0,0,,0,0,0,,,0,0,,0,0,0,0.0
88,Terrance Ferguson,LAR,TE,6,BAL,0,0,,0,0,0,,,1,0,0.0,0,0,0,0.0
89,Carter Runyon,LV,TE,6,TEN,0,0,,0,0,0,,,0,0,,0,0,0,0.0
90,Charlie Woerner,ATL,TE,6,BUF,0,0,,0,0,0,,,0,0,,0,0,0,0.0
91,Jackson Hawes,BUF,TE,6,ATL,0,0,,0,0,0,,,0,0,,0,0,0,0.0
92,Ben Sims,GB,TE,6,CIN,0,0,,0,0,0,,,0,0,,0,0,0,0.0
93,Teagan Quitoriano,ATL,TE,6,BUF,0,0,,0,0,0,,,0,0,,0,0,0,0.0
94,John FitzPatrick,GB,TE,6,CIN,0,0,,0,0,0,,,0,0,,0,0,0,0.0
95,Mike Gesicki,CIN,TE,6,GB,0,0,,0,0,0,,,0,0,,0,0,0,0.0
96,Colson Yankoff,WAS,TE,6,CHI,0,0,,0,0,0,,,0,0,,0,0,0,0.0
1,Oronde Gadsden,LAC,TE,7,IND,9,7,77.8,164,1,53,18.2,23.4,0,0,,0,0,0,29.4
2,Trey McBride,ARI,TE,7,GB,13,10,76.9,74,2,15,5.7,7.4,0,0,,0,0,0,29.4
3,Pat Freiermuth,PIT,TE,7,CIN,6,5,83.3,111,2,68,18.5,22.2,0,0,,0,0,0,28.1
4,Jake Ferguson,DAL,TE,7,WAS,7,7,100.0,29,2,15,4.1,4.1,0,0,,0,0,0,21.9
5,Dalton Schultz,HOU,TE,7,SEA,10,9,90.0,98,0,22,9.8,10.9,0,0,,0,0,0,18.8
6,Daniel Bellinger,NYG,TE,7,DEN,4,3,75.0,88,1,44,22.0,29.3,0,0,,0,0,0,17.8
7,Tyler Warren,IND,TE,7,LAC,5,4,80.0,69,1,29,13.8,17.2,0,0,,0,0,0,16.9
8,Tucker Kraft,GB,TE,7,ARI,10,5,50.0,58,1,22,5.8,11.6,0,0,,0,0,0,16.8
9,Theo Johnson,NYG,TE,7,DEN,7,3,42.9,66,1,41,9.4,22.0,0,0,,0,0,0,15.6
10,Noah Fant,CIN,TE,7,PIT,4,4,100.0,44,1,25,11.0,11.0,0,0,,0,0,0,14.4
11,Cade Otton,TB,TE,7,DET,9,7,77.8,65,0,20,7.2,9.3,0,0,,0,0,0,13.5
12,Kyle Pitts Sr.,ATL,TE,7,SF,10,7,70.0,62,0,19,6.2,8.9,0,0,,0,0,0,13.2
13,Juwan Johnson,NO,TE,7,CHI,7,5,71.4,79,0,29,11.3,15.8,0,0,,0,0,0,12.9
14,Zach Ertz,WAS,TE,7,DAL,7,3,42.9,37,1,27,5.3,12.3,0,0,,0,0,0,12.7
15,Jonnu Smith,PIT,TE,7,CIN,6,3,50.0,28,1,10,4.7,9.3,0,0,,0,0,0,11.8
16,T.J. Hockenson,MIN,TE,7,PHI,9,6,66.7,43,0,10,4.8,7.2,0,0,,0,0,0,10.3
17,Terrance Ferguson,LAR,TE,7,JAX,3,1,33.3,31,1,31,10.3,31.0,0,0,,0,0,0,10.1
18,Evan Engram,DEN,TE,7,NYG,8,5,62.5,42,0,20,5.2,8.4,0,0,,0,0,0,9.2
19,Darnell Washington,PIT,TE,7,CIN,5,3,60.0,2,1,8,0.4,0.7,0,0,,0,0,0,9.2
20,Austin Hooper,NE,TE,7,TEN,2,2,100.0,11,1,8,5.5,5.5,0,0,,0,0,0,9.1
21,Travis Kelce,KC,TE,7,LV,3,3,100.0,54,0,44,18.0,18.0,0,0,,0,0,0,8.4
22,Colby Parkinson,LAR,TE,7,JAX,3,3,100.0,47,0,23,15.7,15.7,0,0,,0,0,0,7.7
23,Harold Fannin Jr.,CLE,TE,7,MIA,5,4,80.0,36,0,19,7.2,9.0,0,0,,0,0,0,7.6
24,Gunnar Helm,TEN,TE,7,NE,5,4,80.0,36,0,13,7.2,9.0,0,0,,0,0,0,7.6
25,Hunter Henry,NE,TE,7,TEN,5,4,80.0,33,0,12,6.6,8.2,0,0,,0,0,0,7.3
26,Elijah Arroyo,SEA,TE,7,HOU,5,4,80.0,42,0,27,8.4,10.5,0,0,,0,1,1,6.2
27,Mason Taylor,NYJ,TE,7,CAR,5,3,60.0,31,0,13,6.2,10.3,0,0,,0,0,0,6.1
28,Colston Loveland,CHI,TE,7,NO,4,3,75.0,24,0,9,6.0,8.0,0,0,,0,0,0,5.4
29,Brock Wright,DET,TE,7,TB,3,3,100.0,23,0,14,7.7,7.7,0,0,,0,0,0,5.3
30,Tyler Higbee,LAR,TE,7,JAX,6,3,50.0,19,0,9,3.2,6.3,0,0,,0,0,0,4.9
31,Dallas Goedert,PHI,TE,7,MIN,3,3,100.0,18,0,11,6.0,6.0,0,0,,0,0,0,4.8
32,Sam LaPorta,DET,TE,7,TB,3,3,100.0,15,0,9,5.0,5.0,0,0,,0,0,0,4.5
33,Mitchell Evans,CAR,TE,7,NYJ,3,2,66.7,24,0,13,8.0,12.0,0,0,,0,0,0,4.4
34,Nate Adkins,DEN,TE,7,NYG,3,2,66.7,20,0,15,6.7,10.0,0,0,,0,0,0,4.0
35,Noah Gray,KC,TE,7,LV,1,1,100.0,28,0,28,28.0,28.0,0,0,,0,0,0,3.8
36,Tanner Conner,MIA,TE,7,CLE,3,1,33.3,28,0,28,9.3,28.0,0,0,,0,0,0,3.8
37,Hunter Long,JAX,TE,7,LAR,3,2,66.7,16,0,9,5.3,8.0,0,0,,0,1,0,3.6
38,Cole Kmet,CHI,TE,7,NO,1,1,100.0,16,0,16,16.0,16.0,0,0,,0,0,0,2.6
39,Luke Farrell,SF,TE,7,ATL,1,1,100.0,11,0,11,11.0,11.0,0,0,,0,0,0,2.1
40,Michael Mayer,LV,TE,7,KC,2,1,50.0,10,0,10,5.0,10.0,0,0,,0,0,0,2.0
41,Johnny Mundt,JAX,TE,7,LAR,4,1,25.0,9,0,9,2.2,9.0,0,0,,0,0,0,1.9
42,AJ Barner,SEA,TE,7,HOU,3,1,33.3,7,0,7,2.3,7.0,1,2,2.0,0,0,0,1.9
43,Josh Oliver,MIN,TE,7,PHI,1,1,100.0,9,0,9,9.0,9.0,0,0,,0,0,0,1.9
44,Mo Alie-Cox,IND,TE,7,LAC,2,1,50.0,6,0,6,3.0,6.0,0,0,,0,0,0,1.6
45,John FitzPatrick,GB,TE,7,ARI,1,1,100.0,6,0,6,6.0,6.0,0,0,,0,0,0,1.6
46,John Bates,WAS,TE,7,DAL,2,1,50.0,5,0,5,2.5,5.0,0,0,,0,0,0,1.5
47,Davis Allen,LAR,TE,7,JAX,1,1,100.0,4,0,4,4.0,4.0,0,0,,0,0,0,1.4
48,Blake Whiteheart,CLE,TE,7,MIA,1,1,100.0,4,0,4,4.0,4.0,0,0,,0,1,0,1.4
49,Carter Runyon,LV,TE,7,KC,1,1,100.0,3,0,3,3.0,3.0,0,0,,0,0,0,1.3
50,Elijah Higgins,ARI,TE,7,GB,1,1,100.0,3,0,3,3.0,3.0,0,0,,0,0,0,1.3
51,Julian Hill,MIA,TE,7,CLE,2,1,50.0,1,0,1,0.5,1.0,0,0,,0,0,0,1.1
52,Tommy Tremble,CAR,TE,7,NYJ,1,1,100.0,0,0,0,0.0,0.0,0,0,,0,0,0,1.0
53,Darren Waller,MIA,TE,7,CLE,0,0,,0,0,0,,,0,0,,0,0,0,0.0
54,Ben Yurosek,MIN,TE,7,PHI,0,0,,0,0,0,,,0,0,,0,0,0,0.0
55,E.J. Jenkins,PHI,TE,7,MIN,0,0,,0,0,0,,,0,0,,0,0,0,0.0
56,Kylen Granson,PHI,TE,7,MIN,0,0,,0,0,0,,,0,0,,0,0,0,0.0
57,Drew Ogletree,IND,TE,7,LAC,0,0,,0,0,0,,,0,0,,0,0,0,0.0
58,Will Dissly,LAC,TE,7,IND,1,0,0.0,0,0,0,0.0,,0,0,,0,0,0,0.0
59,Tyler Conklin,LAC,TE,7,IND,0,0,,0,0,0,,,0,0,,0,0,0,0.0
60,Tucker Fisk,LAC,TE,7,IND,0,0,,0,0,0,,,0,0,,0,0,0,0.0
61,Ja'Tavion Sanders,CAR,TE,7,NYJ,2,0,0.0,0,0,0,0.0,,0,0,,0,0,0,0.0
62,Stone Smartt,NYJ,TE,7,CAR,0,0,,0,0,0,,,0,0,,0,0,0,0.0
63,Jeremy Ruckert,NYJ,TE,7,CAR,1,0,0.0,0,0,0,0.0,,0,0,,0,0,0,0.0
64,Thomas Fidone II,NYG,TE,7,DEN,0,0,,0,0,0,,,0,0,,0,0,0,0.0
65,Chris Manhertz,NYG,TE,7,DEN,0,0,,0,0,0,,,0,0,,0,0,0,0.0
66,Adam Trautman,DEN,TE,7,NYG,0,0,,0,0,0,,,0,0,,0,0,0,0.0
67,Colson Yankoff,WAS,TE,7,DAL,0,0,,0,0,0,,,0,0,,0,0,0,0.0
68,Brevyn Spann-Ford,DAL,TE,7,WAS,0,0,,0,0,0,,,0,0,,0,0,0,0.0
69,Luke Schoonmaker,DAL,TE,7,WAS,0,0,,0,0,0,,,0,0,,0,0,0,0.0
70,Ben Sinnott,WAS,TE,7,DAL,0,0,,0,0,0,,,0,0,,0,0,0,0.0
71,Harrison Bryant,HOU,TE,7,SEA,0,0,,0,0,0,,,0,0,,0,0,0,0.0
72,Eric Saubert,SEA,TE,7,HOU,0,0,,0,0,0,,,0,0,,0,0,0,0.0
73,Brenden Bates,HOU,TE,7,SEA,0,0,,0,0,0,,,0,0,,0,0,0,0.0
74,Josiah Deguara,ARI,TE,7,GB,0,0,,0,0,0,,,0,0,,0,0,0,0.0
75,Luke Musgrave,GB,TE,7,ARI,0,0,,0,0,0,,,0,0,,0,0,0,0.0
76,Durham Smythe,CHI,TE,7,NO,0,0,,0,0,0,,,0,0,,0,0,0,0.0
77,Jack Stoll,NO,TE,7,CHI,1,0,0.0,0,0,0,0.0,,0,0,,0,0,0,0.0
78,Foster Moreau,NO,TE,7,CHI,0,0,,0,0,0,,,0,0,,0,0,0,0.0
79,Cam Grandy,CIN,TE,7,PIT,0,0,,0,0,0,,,0,0,,0,0,0,0.0
80,Drew Sample,CIN,TE,7,PIT,0,0,,0,0,0,,,0,0,,0,0,0,0.0
81,Connor Heyward,PIT,TE,7,CIN,1,0,0.0,0,0,0,0.0,,0,0,,0,0,0,0.0
82,Chig Okonkwo,TEN,TE,7,NE,2,0,0.0,0,0,0,0.0,,0,0,,0,0,0,0.0
83,David Martin-Robinson,TEN,TE,7,NE,0,0,,0,0,0,,,0,0,,0,0,0,0.0
84,Charlie Woerner,ATL,TE,7,SF,1,0,0.0,0,0,0,0.0,,0,0,,0,0,0,0.0
85,George Kittle,SF,TE,7,ATL,2,0,0.0,0,0,0,0.0,,0,0,,0,0,0,0.0
86,Feleipe Franks,ATL,TE,7,SF,0,0,,0,0,0,,,0,0,,0,0,0,0.0
87,Jake Tonges,SF,TE,7,ATL,0,0,,0,0,0,,,0,0,,0,0,0,0.0
88,Teagan Quitoriano,ATL,TE,7,SF,0,0,,0,0,0,,,0,0,,0,0,0,0.0
89,Robert Tonyan,KC,TE,7,LV,0,0,,0,0,0,,,0,0,,0,0,0,0.0
90,Ian Thomas,LV,TE,7,KC,0,0,,0,0,0,,,0,0,,0,0,0,0.0
91,Ross Dwelley,DET,TE,7,TB,0,0,,0,0,0,,,0,0,,0,0,0,0.0
92,Payne Durham,TB,TE,7,DET,0,0,,0,0,0,,,0,0,,0,0,0,0.0
93,Devin Culp,TB,TE,7,DET,0,0,,0,0,0,,,0,0,,0,0,0,0.0
94,Cameron Latu,PHI,TE,7,MIN,0,0,,0,0,0,,,0,0,,0,0,0,0.0
1,Tucker Kraft,GB,TE,8,PIT,9,7,77.8,143,2,59,15.9,20.4,0,0,,0,0,0,33.3
2,Travis Kelce,KC,TE,8,WAS,8,6,75.0,99,1,38,12.4,16.5,0,0,,0,0,0,21.9
3,Oronde Gadsden,LAC,TE,8,MIN,5,5,100.0,77,1,40,15.4,15.4,0,0,,0,0,0,18.7
4,Harold Fannin Jr.,CLE,TE,8,NE,8,6,75.0,62,1,19,7.8,10.3,1,2,2.0,0,0,0,18.4
5,Dallas Goedert,PHI,TE,8,NYG,3,3,100.0,28,2,17,9.3,9.3,0,0,,0,0,0,17.8
6,Kyle Pitts Sr.,ATL,TE,8,MIA,9,9,100.0,59,0,24,6.6,6.6,0,0,,0,0,0,14.9
7,Mason Taylor,NYJ,TE,8,CIN,8,5,62.5,34,1,15,4.2,6.8,0,0,,0,0,0,14.4
8,George Kittle,SF,TE,8,HOU,5,4,80.0,43,1,17,8.6,10.8,0,0,,0,0,0,14.3
9,David Njoku,CLE,TE,8,NE,5,4,80.0,37,1,20,7.4,9.2,0,0,,0,0,0,13.7
10,Gunnar Helm,TEN,TE,8,IND,3,2,66.7,23,1,22,7.7,11.5,0,0,,0,0,0,10.3
11,Juwan Johnson,NO,TE,8,TB,8,5,62.5,53,0,16,6.6,10.6,0,0,,0,0,0,10.3
12,Tyler Warren,IND,TE,8,TEN,5,4,80.0,53,0,20,10.6,13.2,0,0,,0,0,0,9.3
13,Chig Okonkwo,TEN,TE,8,IND,5,4,80.0,53,0,23,10.6,13.2,0,0,,0,0,0,9.3
14,Cade Otton,TB,TE,8,NO,5,4,80.0,40,0,21,8.0,10.0,0,0,,0,0,0,8.0
15,Charlie Kolar,BAL,TE,8,CHI,1,1,100.0,10,1,10,10.0,10.0,0,0,,0,0,0,8.0
16,Hunter Henry,NE,TE,8,CLE,1,1,100.0,7,1,7,7.0,7.0,0,0,,0,0,0,7.7
17,Evan Engram,DEN,TE,8,DAL,4,4,100.0,36,0,11,9.0,9.0,0,0,,0,0,0,7.6
18,Jake Tonges,SF,TE,8,HOU,1,1,100.0,2,1,2,2.0,2.0,0,0,,0,0,0,7.2
19,Noah Fant,CIN,TE,8,NYJ,3,3,100.0,41,0,16,13.7,13.7,0,0,,0,0,0,7.1
20,Colston Loveland,CHI,TE,8,BAL,5,3,60.0,38,0,18,7.6,12.7,0,0,,0,0,0,6.8
21,Mark Andrews,BAL,TE,8,CHI,3,3,100.0,34,0,24,11.3,11.3,0,0,,0,1,0,6.4
22,Austin Hooper,NE,TE,8,CLE,2,2,100.0,38,0,31,19.0,19.0,0,0,,0,0,0,5.8
23,Zach Ertz,WAS,TE,8,KC,6,4,66.7,16,0,5,2.7,4.0,0,0,,0,0,0,5.6
24,Theo Johnson,NYG,TE,8,PHI,4,3,75.0,20,0,12,5.0,6.7,0,0,,0,0,0,5.0
25,Ja'Tavion Sanders,CAR,TE,8,BUF,3,3,100.0,19,0,9,6.3,6.3,0,0,,0,0,0,4.9
26,T.J. Hockenson,MIN,TE,8,LAC,3,2,66.7,26,0,14,8.7,13.0,0,0,,0,0,0,4.6
27,Luke Schoonmaker,DAL,TE,8,DEN,3,2,66.7,25,0,14,8.3,12.5,0,0,,0,0,0,4.5
28,Dalton Schultz,HOU,TE,8,SF,3,2,66.7,24,0,17,8.0,12.0,0,0,,0,0,0,4.4
29,Noah Gray,KC,TE,8,WAS,4,2,50.0,23,0,15,5.8,11.5,0,0,,0,0,0,4.3
30,Pat Freiermuth,PIT,TE,8,GB,4,3,75.0,13,0,6,3.2,4.3,0,0,,0,0,0,4.3
31,Jonnu Smith,PIT,TE,8,GB,3,2,66.7,17,0,10,5.7,8.5,0,0,,0,0,0,3.7
32,Jackson Hawes,BUF,TE,8,CAR,3,2,66.7,15,0,12,5.0,7.5,0,0,,0,0,0,3.5
33,Jeremy Ruckert,NYJ,TE,8,CIN,1,1,100.0,24,0,24,24.0,24.0,0,0,,0,0,0,3.4
34,Dalton Kincaid,BUF,TE,8,CAR,3,1,33.3,23,0,23,7.7,23.0,0,0,,0,0,0,3.3
35,John Bates,WAS,TE,8,KC,1,1,100.0,22,0,22,22.0,22.0,0,0,,0,0,0,3.2
36,Ben Sinnott,WAS,TE,8,KC,1,1,100.0,22,0,22,22.0,22.0,0,0,,0,0,0,3.2
37,Daniel Bellinger,NYG,TE,8,PHI,1,1,100.0,21,0,21,21.0,21.0,0,0,,0,0,0,3.1
38,Isaiah Likely,BAL,TE,8,CHI,2,2,100.0,8,0,5,4.0,4.0,0,0,,0,0,0,2.8
39,Tanner Conner,MIA,TE,8,ATL,2,2,100.0,6,0,5,3.0,3.0,0,0,,0,0,0,2.6
40,Dawson Knox,BUF,TE,8,CAR,1,1,100.0,15,0,15,15.0,15.0,0,0,,0,0,0,2.5
41,Tanner Hudson,CIN,TE,8,NYJ,2,1,50.0,9,0,9,4.5,9.0,0,0,,0,0,0,1.9
42,Brevyn Spann-Ford,DAL,TE,8,DEN,1,1,100.0,9,0,9,9.0,9.0,0,0,,0,0,0,1.9
43,Ben Yurosek,MIN,TE,8,LAC,2,1,50.0,5,0,5,2.5,5.0,0,0,,0,0,0,1.5
44,Luke Musgrave,GB,TE,8,PIT,1,1,100.0,5,0,5,5.0,5.0,0,0,,0,0,0,1.5
45,John FitzPatrick,GB,TE,8,PIT,1,1,100.0,4,0,4,4.0,4.0,0,0,,0,0,0,1.4
46,Tommy Tremble,CAR,TE,8,BUF,1,1,100.0,4,0,4,4.0,4.0,0,0,,0,0,0,1.4
47,Durham Smythe,CHI,TE,8,BAL,0,0,,0,0,0,,,0,0,,0,0,0,0.0
48,Stephen Carlson,CHI,TE,8,BAL,0,0,,0,0,0,,,0,0,,0,0,0,0.0
49,Blake Whiteheart,CLE,TE,8,NE,0,0,,0,0,0,,,0,0,,0,0,0,0.0
50,Darnell Washington,PIT,TE,8,GB,0,0,,0,0,0,,,0,0,,0,0,0,0.0
51,Connor Heyward,PIT,TE,8,GB,0,0,,0,0,0,,,0,0,,0,0,0,0.0
52,Mitchell Evans,CAR,TE,8,BUF,0,0,,0,0,0,,,0,0,,0,0,0,0.0
53,Jelani Woods,NYJ,TE,8,CIN,0,0,,0,0,0,,,0,0,,0,0,0,0.0
54,Jake Ferguson,DAL,TE,8,DEN,1,0,0.0,0,0,0,0.0,,0,0,,0,0,0,0.0
55,Drew Sample,CIN,TE,8,NYJ,0,0,,0,0,0,,,0,0,,0,0,0,0.0
56,Greg Dulcich,MIA,TE,8,ATL,0,0,,0,0,0,,,0,0,,0,0,0,0.0
57,Hayden Rucci,MIA,TE,8,ATL,0,0,,0,0,0,,,0,0,,0,0,0,0.0
58,Adam Trautman,DEN,TE,8,DAL,0,0,,0,0,0,,,0,0,,0,0,0,0.0
59,Feleipe Franks,ATL,TE,8,MIA,0,0,,0,0,0,,,0,0,,0,0,0,0.0
60,Charlie Woerner,ATL,TE,8,MIA,0,0,,0,0,0,,,0,0,,0,0,0,0.0
61,Nate Adkins,DEN,TE,8,DAL,1,0,0.0,0,0,0,0.0,,0,0,,0,0,0,0.0
62,Teagan Quitoriano,ATL,TE,8,MIA,0,0,,0,0,0,,,0,0,,0,0,0,0.0
63,Tyler Conklin,LAC,TE,8,MIN,0,0,,0,0,0,,,0,0,,0,0,0,0.0
64,Jack Stoll,NO,TE,8,TB,1,0,0.0,0,0,0,0.0,,0,0,,0,0,0,0.0
65,Foster Moreau,NO,TE,8,TB,1,0,0.0,0,0,0,0.0,,0,0,,0,0,0,0.0
66,Payne Durham,TB,TE,8,NO,0,0,,0,0,0,,,0,0,,0,0,0,0.0
67,Devin Culp,TB,TE,8,NO,0,0,,0,0,0,,,0,0,,0,0,0,0.0
68,Cameron Latu,PHI,TE,8,NYG,0,0,,0,0,0,,,0,0,,0,0,0,0.0
69,Tucker Fisk,LAC,TE,8,MIN,0,0,,0,0,0,,,0,0,,0,0,0,0.0
70,Grant Calcaterra,PHI,TE,8,NYG,1,0,0.0,0,0,0,0.0,,0,0,,0,0,0,0.0
71,Thomas Fidone II,NYG,TE,8,PHI,0,0,,0,0,0,,,0,0,,0,0,0,0.0
72,Josh Oliver,MIN,TE,8,LAC,0,0,,0,0,0,,,0,0,,0,0,0,0.0
73,Chris Manhertz,NYG,TE,8,PHI,0,0,,0,0,0,,,0,0,,0,0,0,0.0
74,Harrison Bryant,HOU,TE,8,SF,1,0,0.0,0,0,0,0.0,,0,0,,0,0,0,0.0
75,Kylen Granson,PHI,TE,8,NYG,0,0,,0,0,0,,,0,0,,0,0,0,0.0
76,Luke Farrell,SF,TE,8,HOU,0,0,,0,0,0,,,0,0,,0,0,0,0.0
77,Mo Alie-Cox,IND,TE,8,TEN,0,0,,0,0,0,,,0,0,,0,0,0,0.0
78,Robert Tonyan,KC,TE,8,WAS,0,0,,0,0,0,,,0,0,,0,0,0,0.0
79,Drew Ogletree,IND,TE,8,TEN,1,0,0.0,0,0,0,0.0,,0,0,,0,0,0,0.0
80,David Martin-Robinson,TEN,TE,8,IND,0,0,,0,0,0,,,0,0,,0,0,0,0.0
1,Brock Bowers,LV,TE,9,JAX,13,12,92.3,127,3,27,9.8,10.6,1,6,6.0,0,0,0,43.3
2,Colston Loveland,CHI,TE,9,CIN,7,6,85.7,118,2,58,16.9,19.7,0,0,,0,0,0,29.8
3,Dalton Kincaid,BUF,TE,9,KC,6,6,100.0,101,1,47,16.8,16.8,0,0,,0,0,0,22.1
4,Sam LaPorta,DET,TE,9,MIN,8,6,75.0,97,1,40,12.1,16.2,0,0,,0,0,0,21.7
5,Mark Andrews,BAL,TE,9,MIA,3,2,66.7,22,2,20,7.3,11.0,2,4,2.0,0,0,0,16.6
6,Trey McBride,ARI,TE,9,DAL,9,5,55.6,55,1,19,6.1,11.0,0,0,,0,0,0,16.5
7,Dalton Schultz,HOU,TE,9,DEN,8,6,75.0,77,0,47,9.6,12.8,0,0,,0,0,0,13.7
8,Travis Kelce,KC,TE,9,BUF,5,4,80.0,66,0,28,13.2,16.5,0,0,,0,0,0,12.6
9,Juwan Johnson,NO,TE,9,LAR,4,3,75.0,31,1,12,7.8,10.3,0,0,,0,0,0,12.1
10,Oronde Gadsden,LAC,TE,9,TEN,5,5,100.0,68,0,34,13.6,13.6,0,0,,0,0,0,11.8
11,Pat Freiermuth,PIT,TE,9,IND,4,3,75.0,27,1,12,6.8,9.0,0,0,,0,0,0,11.7
12,Theo Johnson,NYG,TE,9,SF,6,3,50.0,27,1,15,4.5,9.0,0,0,,0,0,0,11.7
13,AJ Barner,SEA,TE,9,WAS,4,3,75.0,24,0,9,6.0,8.0,1,1,1.0,1,1,0,11.5
14,Elijah Arroyo,SEA,TE,9,WAS,2,2,100.0,29,1,26,14.5,14.5,0,0,,0,0,0,10.9
15,Noah Fant,CIN,TE,9,CHI,3,2,66.7,28,1,23,9.3,14.0,0,0,,0,0,0,10.8
16,Tyler Higbee,LAR,TE,9,NO,4,3,75.0,13,1,8,3.2,4.3,0,0,,0,0,0,10.3
17,Charlie Kolar,BAL,TE,9,MIA,2,2,100.0,23,1,20,11.5,11.5,0,0,,0,0,0,10.3
18,Greg Dulcich,MIA,TE,9,BAL,5,5,100.0,49,0,16,9.8,9.8,0,0,,0,0,0,9.9
19,Hunter Henry,NE,TE,9,ATL,6,4,66.7,51,0,17,8.5,12.8,0,0,,0,0,0,9.1
20,T.J. Hockenson,MIN,TE,9,DET,3,2,66.7,11,1,7,3.7,5.5,0,0,,0,0,0,9.1
21,Isaiah Likely,BAL,TE,9,MIA,4,3,75.0,60,0,35,15.0,20.0,0,0,,0,0,0,9.0
22,Zach Ertz,WAS,TE,9,SEA,4,4,100.0,46,0,25,11.5,11.5,0,0,,0,0,0,8.6
23,Darnell Washington,PIT,TE,9,IND,6,4,66.7,43,0,13,7.2,10.8,0,0,,0,0,0,8.3
24,Jake Ferguson,DAL,TE,9,ARI,7,5,71.4,50,0,23,7.1,10.0,0,0,,0,1,1,8.0
25,Kyle Pitts Sr.,ATL,TE,9,NE,7,4,57.1,38,0,22,5.4,9.5,0,0,,0,0,0,7.8
26,Tyler Warren,IND,TE,9,PIT,7,5,71.4,26,0,9,3.7,5.2,0,0,,0,0,0,7.6
27,Terrance Ferguson,LAR,TE,9,NO,3,2,66.7,54,0,36,18.0,27.0,0,0,,0,0,0,7.4
28,George Kittle,SF,TE,9,NYG,4,4,100.0,32,0,11,8.0,8.0,1,-3,-3.0,0,0,0,6.9
29,Davis Allen,LAR,TE,9,NO,4,3,75.0,37,0,16,9.2,12.3,0,0,,0,0,0,6.7
30,Luke Musgrave,GB,TE,9,CAR,3,3,100.0,34,0,21,11.3,11.3,0,0,,0,0,0,6.4
31,Tanner Hudson,CIN,TE,9,CHI,2,2,100.0,42,0,33,21.0,21.0,0,0,,0,0,0,6.2
32,Elijah Higgins,ARI,TE,9,DAL,3,3,100.0,30,0,16,10.0,10.0,0,0,,0,0,0,6.0
33,Michael Mayer,LV,TE,9,JAX,7,3,42.9,26,0,12,3.7,8.7,0,0,,0,0,0,5.6
34,Jonnu Smith,PIT,TE,9,IND,5,3,60.0,25,0,12,5.0,8.3,0,0,,0,0,0,5.5
35,Adam Trautman,DEN,TE,9,HOU,2,2,100.0,25,0,21,12.5,12.5,0,0,,0,0,0,4.5
36,Tucker Kraft,GB,TE,9,CAR,3,2,66.7,20,0,10,6.7,10.0,0,0,,0,0,0,4.0
37,Dawson Knox,BUF,TE,9,KC,1,1,100.0,30,0,30,30.0,30.0,0,0,,0,0,0,4.0
38,John Bates,WAS,TE,9,SEA,4,2,50.0,20,0,10,5.0,10.0,0,0,,0,0,0,4.0
39,Colby Parkinson,LAR,TE,9,NO,2,2,100.0,10,0,8,5.0,5.0,0,0,,0,0,0,3.0
40,Austin Hooper,NE,TE,9,ATL,1,1,100.0,20,0,20,20.0,20.0,0,0,,0,0,0,3.0
41,Chig Okonkwo,TEN,TE,9,LAC,2,2,100.0,10,0,6,5.0,5.0,0,0,,0,0,0,3.0
42,Jackson Hawes,BUF,TE,9,KC,2,1,50.0,18,0,18,9.0,18.0,0,0,,0,0,0,2.8
43,Gunnar Helm,TEN,TE,9,LAC,1,1,100.0,15,0,15,15.0,15.0,0,0,,0,0,0,2.5
44,Luke Schoonmaker,DAL,TE,9,ARI,2,1,50.0,14,0,14,7.0,14.0,0,0,,0,0,0,2.4
45,Tucker Fisk,LAC,TE,9,TEN,1,1,100.0,12,0,12,12.0,12.0,0,0,,0,0,0,2.2
46,Brock Wright,DET,TE,9,MIN,1,1,100.0,11,0,11,11.0,11.0,0,0,,0,0,0,2.1
47,Cole Kmet,CHI,TE,9,CIN,2,1,50.0,10,0,10,5.0,10.0,0,0,,0,0,0,2.0
48,Ian Thomas,LV,TE,9,JAX,1,1,100.0,9,0,9,9.0,9.0,0,0,,0,0,0,1.9
49,Luke Farrell,SF,TE,9,NYG,1,1,100.0,9,0,9,9.0,9.0,0,0,,0,0,0,1.9
50,Hunter Long,JAX,TE,9,LV,3,1,33.3,6,0,6,2.0,6.0,0,0,,0,0,0,1.6
51,Ja'Tavion Sanders,CAR,TE,9,GB,1,1,100.0,5,0,5,5.0,5.0,0,0,,0,0,0,1.5
52,Harrison Bryant,HOU,TE,9,DEN,2,1,50.0,2,0,2,1.0,2.0,0,0,,0,0,0,1.2
53,Connor Heyward,PIT,TE,9,IND,0,0,,0,0,0,,,1,4,4.0,0,0,0,0.4
54,Marcedes Lewis,DEN,TE,9,HOU,0,0,,0,0,0,,,0,0,,0,0,0,0.0
55,Princeton Fant,DAL,TE,9,ARI,0,0,,0,0,0,,,0,0,,0,0,0,0.0
56,Nick Kallerup,SEA,TE,9,WAS,0,0,,0,0,0,,,0,0,,0,0,0,0.0
57,Brevyn Spann-Ford,DAL,TE,9,ARI,0,0,,0,0,0,,,0,0,,0,0,0,0.0
58,Josiah Deguara,ARI,TE,9,DAL,0,0,,0,0,0,,,0,0,,0,0,0,0.0
59,Nick Vannett,MIN,TE,9,DET,0,0,,0,0,0,,,0,0,,0,0,0,0.0
60,Jack Stoll,NO,TE,9,LAR,0,0,,0,0,0,,,0,0,,0,0,0,0.0
61,Mitchell Evans,CAR,TE,9,GB,0,0,,0,0,0,,,0,0,,0,0,0,0.0
62,Ben Yurosek,MIN,TE,9,DET,0,0,,0,0,0,,,0,0,,0,0,0,0.0
63,Thomas Fidone II,NYG,TE,9,SF,0,0,,0,0,0,,,0,0,,0,0,0,0.0
64,Jake Tonges,SF,TE,9,NYG,0,0,,0,0,0,,,0,0,,0,0,0,0.0
65,Foster Moreau,NO,TE,9,LAR,0,0,,0,0,0,,,0,0,,0,0,0,0.0
66,Ross Dwelley,DET,TE,9,MIN,0,0,,0,0,0,,,0,0,,0,0,0,0.0
67,Feleipe Franks,ATL,TE,9,NE,0,0,,0,0,0,,,0,0,,0,0,0,0.0
68,Teagan Quitoriano,ATL,TE,9,NE,0,0,,0,0,0,,,0,0,,0,0,0,0.0
69,Charlie Woerner,ATL,TE,9,NE,0,0,,0,0,0,,,0,0,,0,0,0,0.0
70,Hayden Rucci,MIA,TE,9,BAL,0,0,,0,0,0,,,0,0,,0,0,0,0.0
71,Carter Runyon,LV,TE,9,JAX,0,0,,0,0,0,,,0,0,,0,0,0,0.0
72,Noah Gray,KC,TE,9,BUF,1,0,0.0,0,0,0,0.0,,0,0,,0,0,0,0.0
73,Tanner Conner,MIA,TE,9,BAL,1,0,0.0,0,0,0,0.0,,0,0,,0,0,0,0.0
74,Robert Tonyan,KC,TE,9,BUF,0,0,,0,0,0,,,0,0,,0,0,0,0.0
75,Johnny Mundt,JAX,TE,9,LV,0,0,,0,0,0,,,0,0,,0,0,0,0.0
76,Tommy Tremble,CAR,TE,9,GB,1,0,0.0,0,0,0,0.0,,0,0,,0,0,0,0.0
77,Drew Ogletree,IND,TE,9,PIT,0,0,,0,0,0,,,0,0,,0,0,0,0.0
78,Mo Alie-Cox,IND,TE,9,PIT,1,0,0.0,0,0,0,0.0,,0,0,,0,0,0,0.0
79,David Martin-Robinson,TEN,TE,9,LAC,0,0,,0,0,0,,,0,0,,0,0,0,0.0
80,John FitzPatrick,GB,TE,9,CAR,0,0,,0,0,0,,,0,0,,0,0,0,0.0
81,Evan Engram,DEN,TE,9,HOU,3,0,0.0,0,0,0,0.0,,0,0,,0,0,0,0.0
82,Tyler Conklin,LAC,TE,9,TEN,0,0,,0,0,0,,,0,0,,0,0,0,0.0
83,Durham Smythe,CHI,TE,9,CIN,0,0,,0,0,0,,,0,0,,0,0,0,0.0
84,Drew Sample,CIN,TE,9,CHI,0,0,,0,0,0,,,0,0,,0,0,0,0.0
85,Chris Manhertz,NYG,TE,9,SF,0,0,,0,0,0,,,0,0,,0,0,0,0.0
86,Ben Sinnott,WAS,TE,9,SEA,0,0,,0,0,0,,,0,0,,0,0,0,0.0
1,Trey McBride,ARI,TE,10,SEA,13,9,69.2,127,1,24,9.8,14.1,0,0,,0,0,0,27.7
2,George Kittle,SF,TE,10,LAR,9,9,100.0,84,1,20,9.3,9.3,0,0,,0,0,0,23.4
3,Juwan Johnson,NO,TE,10,CAR,4,4,100.0,92,1,52,23.0,23.0,0,0,,0,0,0,19.2
4,Dalton Schultz,HOU,TE,10,JAX,11,7,63.6,53,1,20,4.8,7.6,0,0,,0,0,0,18.3
5,Tyler Warren,IND,TE,10,ATL,10,8,80.0,99,0,24,9.9,12.4,0,0,,0,0,0,17.9
6,Cade Otton,TB,TE,10,NE,12,9,75.0,82,0,16,6.8,9.1,0,0,,0,0,0,17.2
7,Theo Johnson,NYG,TE,10,CHI,8,7,87.5,75,0,25,9.4,10.7,0,0,,0,0,0,14.5
8,Colby Parkinson,LAR,TE,10,SF,5,4,80.0,41,1,16,8.2,10.2,0,0,,0,0,0,14.1
9,Mark Andrews,BAL,TE,10,MIN,5,3,60.0,14,1,6,2.8,4.7,0,0,,0,0,0,10.4
10,Sam LaPorta,DET,TE,10,WAS,5,5,100.0,53,0,14,10.6,10.6,0,0,,0,0,0,10.3
11,David Njoku,CLE,TE,10,NYJ,2,2,100.0,21,1,12,10.5,10.5,0,0,,0,0,0,10.1
12,Jackson Hawes,BUF,TE,10,MIA,2,1,50.0,26,1,26,13.0,26.0,0,0,,0,0,0,9.6
13,Luke Farrell,SF,TE,10,LAR,2,2,100.0,15,1,9,7.5,7.5,0,0,,0,0,0,9.5
14,Colston Loveland,CHI,TE,10,NYG,4,4,100.0,55,0,20,13.8,13.8,0,0,,0,0,0,9.5
15,Zach Ertz,WAS,TE,10,DET,5,4,80.0,54,0,30,10.8,13.5,0,0,,0,0,0,9.4
16,Davis Allen,LAR,TE,10,SF,2,2,100.0,8,1,4,4.0,4.0,0,0,,0,0,0,8.8
17,Harold Fannin Jr.,CLE,TE,10,NYJ,7,4,57.1,44,0,24,6.3,11.0,0,0,,0,0,0,8.4
18,Dallas Goedert,PHI,TE,10,GB,6,4,66.7,43,0,22,7.2,10.8,0,0,,0,0,0,8.3
19,Ja'Tavion Sanders,CAR,TE,10,NO,5,5,100.0,32,0,13,6.4,6.4,0,0,,0,0,0,8.2
20,Ben Sinnott,WAS,TE,10,DET,1,1,100.0,4,1,4,4.0,4.0,0,0,,0,0,0,7.4
21,Dawson Knox,BUF,TE,10,MIA,4,3,75.0,37,0,20,9.2,12.3,0,0,,0,0,0,6.7
22,Pat Freiermuth,PIT,TE,10,LAC,3,3,100.0,33,0,15,11.0,11.0,0,0,,0,0,0,6.3
23,Tyler Higbee,LAR,TE,10,SF,3,3,100.0,33,0,15,11.0,11.0,0,0,,0,0,0,6.3
24,Kyle Pitts Sr.,ATL,TE,10,IND,5,2,40.0,38,0,25,7.6,19.0,0,0,,0,0,0,5.8
25,Dalton Kincaid,BUF,TE,10,MIA,3,2,66.7,37,0,20,12.3,18.5,0,0,,0,0,0,5.7
26,Luke Musgrave,GB,TE,10,PHI,3,3,100.0,23,0,9,7.7,7.7,0,0,,0,0,0,5.3
27,Michael Mayer,LV,TE,10,DEN,4,3,75.0,22,0,11,5.5,7.3,0,0,,0,0,0,5.2
28,Oronde Gadsden,LAC,TE,10,PIT,6,3,50.0,13,0,6,2.2,4.3,0,0,,0,0,0,4.3
29,Terrance Ferguson,LAR,TE,10,SF,4,1,25.0,32,0,32,8.0,32.0,0,0,,0,0,0,4.2
30,Elijah Higgins,ARI,TE,10,SEA,3,2,66.7,19,0,12,6.3,9.5,0,0,,0,0,0,3.9
31,Isaiah Likely,BAL,TE,10,MIN,5,2,40.0,17,0,11,3.4,8.5,0,0,,0,0,0,3.7
32,Brock Bowers,LV,TE,10,DEN,3,1,33.3,31,0,31,10.3,31.0,1,-4,-4.0,0,0,0,3.7
33,Foster Moreau,NO,TE,10,CAR,3,2,66.7,16,0,10,5.3,8.0,0,0,,0,0,0,3.6
34,Charlie Kolar,BAL,TE,10,MIN,2,1,50.0,23,0,23,11.5,23.0,0,0,,0,0,0,3.3
35,Greg Dulcich,MIA,TE,10,BUF,4,1,25.0,22,0,22,5.5,22.0,0,0,,0,0,0,3.2
36,Evan Engram,DEN,TE,10,LV,5,2,40.0,12,0,7,2.4,6.0,0,0,,0,0,0,3.2
37,Johnny Mundt,JAX,TE,10,HOU,2,1,50.0,21,0,21,10.5,21.0,0,0,,0,0,0,3.1
38,T.J. Hockenson,MIN,TE,10,BAL,2,2,100.0,8,0,4,4.0,4.0,0,0,,0,0,0,2.8
39,Darnell Washington,PIT,TE,10,LAC,1,1,100.0,15,0,15,15.0,15.0,0,0,,0,0,0,2.5
40,Zaire Mitchell-Paden,NO,TE,10,CAR,1,1,100.0,14,0,14,14.0,14.0,0,0,,0,0,0,2.4
41,Charlie Woerner,ATL,TE,10,IND,1,1,100.0,14,0,14,14.0,14.0,0,0,,0,0,0,2.4
42,Tyler Conklin,LAC,TE,10,PIT,1,1,100.0,12,0,12,12.0,12.0,0,0,,0,0,0,2.2
43,Hunter Henry,NE,TE,10,TB,4,1,25.0,9,0,9,2.2,9.0,0,0,,0,0,0,1.9
44,Daniel Bellinger,NYG,TE,10,CHI,2,1,50.0,8,0,8,4.0,8.0,0,0,,0,0,0,1.8
45,Tucker Fisk,LAC,TE,10,PIT,1,1,100.0,7,0,7,7.0,7.0,0,0,,0,0,0,1.7
46,John Bates,WAS,TE,10,DET,2,1,50.0,6,0,6,3.0,6.0,0,0,,0,0,0,1.6
47,Cole Kmet,CHI,TE,10,NYG,2,1,50.0,5,0,5,2.5,5.0,0,0,,0,0,0,1.5
48,Elijah Arroyo,SEA,TE,10,ARI,1,1,100.0,5,0,5,5.0,5.0,0,0,,0,0,0,1.5
49,Mason Taylor,NYJ,TE,10,CLE,2,1,50.0,4,0,4,2.0,4.0,0,0,,0,0,0,1.4
50,Jonnu Smith,PIT,TE,10,LAC,2,1,50.0,4,0,4,2.0,4.0,0,0,,0,0,0,1.4
51,Adam Trautman,DEN,TE,10,LV,1,1,100.0,2,0,2,2.0,2.0,0,0,,0,0,0,1.2
52,Jeremy Ruckert,NYJ,TE,10,CLE,1,1,100.0,0,0,0,0.0,0.0,0,0,,0,0,0,1.0
53,AJ Barner,SEA,TE,10,ARI,0,0,,0,0,0,,,2,3,1.5,0,0,0,0.3
54,Quintin Morris,JAX,TE,10,HOU,0,0,,0,0,0,,,0,0,,0,0,0,0.0
55,Harrison Bryant,HOU,TE,10,JAX,0,0,,0,0,0,,,0,0,,0,0,0,0.0
56,Thomas Fidone II,NYG,TE,10,CHI,0,0,,0,0,0,,,0,0,,0,0,0,0.0
57,Chris Manhertz,NYG,TE,10,CHI,0,0,,0,0,0,,,0,0,,0,0,0,0.0
58,Durham Smythe,CHI,TE,10,NYG,0,0,,0,0,0,,,0,0,,0,0,0,0.0
59,Connor Heyward,PIT,TE,10,LAC,0,0,,0,0,0,,,0,0,,0,0,0,0.0
60,Grant Calcaterra,PHI,TE,10,GB,1,0,0.0,0,0,0,0.0,,0,0,,0,0,0,0.0
61,Devin Culp,TB,TE,10,NE,0,0,,0,0,0,,,0,0,,0,0,0,0.0
62,Austin Hooper,NE,TE,10,TB,1,0,0.0,0,0,0,0.0,,0,0,,0,0,0,0.0
63,John FitzPatrick,GB,TE,10,PHI,0,0,,0,0,0,,,0,0,,0,0,0,0.0
64,Josh Whyle,GB,TE,10,PHI,0,0,,0,0,0,,,0,0,,0,0,0,0.0
65,Kylen Granson,PHI,TE,10,GB,0,0,,0,0,0,,,0,0,,0,0,0,0.0
66,Cameron Latu,PHI,TE,10,GB,0,0,,0,0,0,,,0,0,,0,0,0,0.0
67,Payne Durham,TB,TE,10,NE,1,0,0.0,0,0,0,0.0,,0,0,,0,0,0,0.0
68,Mitchell Evans,CAR,TE,10,NO,1,0,0.0,0,0,0,0.0,,0,0,,0,0,0,0.0
69,Tommy Tremble,CAR,TE,10,NO,0,0,,0,0,0,,,0,0,,0,0,0,0.0
70,Ben Yurosek,MIN,TE,10,BAL,0,0,,0,0,0,,,0,0,,0,0,0,0.0
71,Hayden Rucci,MIA,TE,10,BUF,0,0,,0,0,0,,,0,0,,0,0,0,0.0
72,Ben Sims,MIN,TE,10,BAL,0,0,,0,0,0,,,0,0,,0,0,0,0.0
73,Mo Alie-Cox,IND,TE,10,ATL,1,0,0.0,0,0,0,0.0,,0,0,,0,0,0,0.0
74,Teagan Quitoriano,ATL,TE,10,IND,0,0,,0,0,0,,,0,0,,0,0,0,0.0
75,Feleipe Franks,ATL,TE,10,IND,0,0,,0,0,0,,,0,0,,0,0,0,0.0
76,Jake Tonges,SF,TE,10,LAR,0,0,,0,0,0,,,0,0,,0,0,0,0.0
77,Drew Ogletree,IND,TE,10,ATL,0,0,,0,0,0,,,0,0,,0,0,0,0.0
78,Marcedes Lewis,DEN,TE,10,LV,0,0,,0,0,0,,,0,0,,0,0,0,0.0
79,Stone Smartt,NYJ,TE,10,CLE,0,0,,0,0,0,,,0,0,,0,0,0,0.0
80,Blake Whiteheart,CLE,TE,10,NYJ,0,0,,0,0,0,,,0,0,,0,0,0,0.0
81,Ian Thomas,LV,TE,10,DEN,0,0,,0,0,0,,,0,0,,0,0,0,0.0
82,Brock Wright,DET,TE,10,WAS,1,0,0.0,0,0,0,0.0,,0,0,,0,0,0,0.0
83,Colson Yankoff,WAS,TE,10,DET,0,0,,0,0,0,,,0,0,,0,0,0,0.0
84,Nick Kallerup,SEA,TE,10,ARI,1,0,0.0,0,0,0,0.0,,0,0,,0,0,0,0.0
85,Josiah Deguara,ARI,TE,10,SEA,0,0,,0,0,0,,,0,0,,0,0,0,0.0
86,Ross Dwelley,DET,TE,10,WAS,1,0,0.0,0,0,0,0.0,,0,0,,0,0,0,0.0
1,Trey McBride,ARI,TE,11,SF,11,10,90.9,115,1,28,10.5,11.5,0,0,,0,0,0,27.5
2,George Kittle,SF,TE,11,ARI,6,6,100.0,67,2,30,11.2,11.2,0,0,,0,0,0,24.7
3,Travis Kelce,KC,TE,11,DEN,13,9,69.2,91,1,21,7.0,10.1,0,0,,0,0,0,24.1
4,AJ Barner,SEA,TE,11,LAR,11,10,90.9,70,0,13,6.4,7.0,2,1,0.5,0,1,0,17.1
5,Mark Andrews,BAL,TE,11,CLE,5,3,60.0,32,0,11,6.4,10.7,1,35,35.0,1,0,0,15.7
6,Brock Bowers,LV,TE,11,DAL,12,7,58.3,72,0,18,6.0,10.3,0,0,,0,0,0,14.2
7,Jake Ferguson,DAL,TE,11,LV,5,4,80.0,16,1,7,3.2,4.0,0,0,,0,0,0,11.6
8,Dalton Schultz,HOU,TE,11,TEN,9,6,66.7,51,0,13,5.7,8.5,0,0,,0,0,0,11.1
9,Darnell Washington,PIT,TE,11,CIN,5,4,80.0,67,0,31,13.4,16.8,0,0,,0,0,0,10.7
10,Cole Kmet,CHI,TE,11,MIN,5,5,100.0,45,0,14,9.0,9.0,0,0,,0,0,0,9.5
11,Colby Parkinson,LAR,TE,11,SEA,2,2,100.0,14,1,8,7.0,7.0,0,0,,0,0,0,9.4
12,Chig Okonkwo,TEN,TE,11,HOU,3,3,100.0,56,0,39,18.7,18.7,0,0,,0,0,0,8.6
13,Hunter Henry,NE,TE,11,NYJ,6,4,66.7,45,0,23,7.5,11.2,0,0,,0,0,0,8.5
14,Zach Ertz,WAS,TE,11,MIA,8,4,50.0,42,0,15,5.2,10.5,0,0,,0,0,0,8.2
15,Evan Engram,DEN,TE,11,KC,5,4,80.0,33,0,9,6.6,8.2,0,0,,0,0,0,7.3
16,Josh Whyle,GB,TE,11,NYG,1,1,100.0,2,1,2,2.0,2.0,0,0,,0,0,0,7.2
17,Mason Taylor,NYJ,TE,11,NE,4,4,100.0,30,0,11,7.5,7.5,0,0,,0,0,0,7.0
18,Colston Loveland,CHI,TE,11,MIN,4,3,75.0,40,0,24,10.0,13.3,0,0,,0,0,0,7.0
19,T.J. Hockenson,MIN,TE,11,CHI,6,3,50.0,39,0,21,6.5,13.0,0,0,,0,0,0,6.9
20,Gunnar Helm,TEN,TE,11,HOU,5,4,80.0,29,0,11,5.8,7.2,0,0,,0,0,0,6.9
21,Theo Johnson,NYG,TE,11,GB,4,3,75.0,36,0,14,9.0,12.0,0,0,,0,0,0,6.6
22,Noah Fant,CIN,TE,11,PIT,6,5,83.3,36,0,15,6.0,7.2,0,0,,0,1,1,6.6
23,Tommy Tremble,CAR,TE,11,ATL,2,1,50.0,54,0,54,27.0,54.0,0,0,,0,0,0,6.4
24,Jeremy Ruckert,NYJ,TE,11,NE,5,4,80.0,23,0,10,4.6,5.8,0,0,,0,0,0,6.3
25,Ja'Tavion Sanders,CAR,TE,11,ATL,4,4,100.0,22,0,10,5.5,5.5,0,0,,0,0,0,6.2
26,Oronde Gadsden,LAC,TE,11,JAX,5,2,40.0,41,0,28,8.2,20.5,0,0,,0,0,0,6.1
27,Tanner Hudson,CIN,TE,11,PIT,3,3,100.0,22,0,9,7.3,7.3,0,0,,0,0,0,5.2
28,Cade Otton,TB,TE,11,BUF,5,2,40.0,28,0,19,5.6,14.0,0,0,,0,0,0,4.8
29,Mitchell Evans,CAR,TE,11,ATL,2,2,100.0,28,0,25,14.0,14.0,0,0,,0,0,0,4.8
30,Harold Fannin Jr.,CLE,TE,11,BAL,5,2,40.0,26,0,25,5.2,13.0,0,0,,0,0,0,4.6
31,Johnny Mundt,JAX,TE,11,LAC,3,2,66.7,25,0,16,8.3,12.5,0,0,,0,0,0,4.5
32,Dallas Goedert,PHI,TE,11,DET,5,2,40.0,24,0,17,4.8,12.0,0,0,,0,0,0,4.4
33,Michael Mayer,LV,TE,11,DAL,4,3,75.0,13,0,8,3.2,4.3,0,0,,0,0,0,4.3
34,Greg Dulcich,MIA,TE,11,WAS,4,2,50.0,18,0,14,4.5,9.0,0,0,,0,0,0,3.8
35,Isaiah Likely,BAL,TE,11,CLE,3,2,66.7,15,0,10,5.0,7.5,0,0,,0,0,0,3.5
36,Kyle Pitts Sr.,ATL,TE,11,CAR,3,2,66.7,14,0,7,4.7,7.0,0,0,,0,0,0,3.4
37,Tyler Higbee,LAR,TE,11,SEA,2,1,50.0,23,0,23,11.5,23.0,0,0,,0,0,0,3.3
38,Dawson Knox,BUF,TE,11,TB,3,1,33.3,23,0,23,7.7,23.0,0,0,,0,0,0,3.3
39,Ian Thomas,LV,TE,11,DAL,1,1,100.0,20,0,20,20.0,20.0,0,0,,0,0,0,3.0
40,Pat Freiermuth,PIT,TE,11,CIN,1,1,100.0,19,0,19,19.0,19.0,0,0,,0,0,0,2.9
41,Noah Gray,KC,TE,11,DEN,3,2,66.7,9,0,5,3.0,4.5,0,0,,0,0,0,2.9
42,Brock Wright,DET,TE,11,PHI,7,2,28.6,8,0,4,1.1,4.0,0,0,,0,0,0,2.8
43,Julian Hill,MIA,TE,11,WAS,1,1,100.0,14,0,14,14.0,14.0,0,0,,0,0,0,2.4
44,Quintin Morris,JAX,TE,11,LAC,3,1,33.3,11,0,11,3.7,11.0,0,0,,0,0,0,2.1
45,Durham Smythe,CHI,TE,11,MIN,3,1,33.3,8,0,8,2.7,8.0,0,0,,0,0,0,1.8
46,Adam Trautman,DEN,TE,11,KC,1,1,100.0,8,0,8,8.0,8.0,0,0,,0,0,0,1.8
47,David Njoku,CLE,TE,11,BAL,2,1,50.0,7,0,7,3.5,7.0,0,0,,0,0,0,1.7
48,John FitzPatrick,GB,TE,11,NYG,1,1,100.0,5,0,5,5.0,5.0,0,0,,0,0,0,1.5
49,Brevyn Spann-Ford,DAL,TE,11,LV,1,1,100.0,4,0,4,4.0,4.0,0,0,,0,0,0,1.4
50,Colson Yankoff,WAS,TE,11,MIA,1,1,100.0,4,0,4,4.0,4.0,0,0,,0,0,0,1.4
51,Kylen Granson,PHI,TE,11,DET,2,1,50.0,4,0,4,2.0,4.0,0,0,,0,0,0,1.4
52,Keleki Latu,BUF,TE,11,TB,1,1,100.0,4,0,4,4.0,4.0,0,0,,0,0,0,1.4
53,Robert Tonyan,KC,TE,11,DEN,1,1,100.0,1,0,1,1.0,1.0,0,0,,0,0,0,1.1
54,Elijah Higgins,ARI,TE,11,SF,3,2,66.7,11,0,6,3.7,5.5,0,0,,0,1,1,1.1
55,Luke Musgrave,GB,TE,11,NYG,2,1,50.0,-1,0,0,-0.5,-1.0,0,0,,0,1,0,0.9
56,Josh Oliver,MIN,TE,11,CHI,1,1,100.0,-3,0,-3,-3.0,-3.0,0,0,,0,0,0,0.7
57,Connor Heyward,PIT,TE,11,CIN,0,0,,0,0,0,,,2,3,1.5,0,0,0,0.3
58,Charlie Kolar,BAL,TE,11,CLE,1,0,0.0,0,0,0,0.0,,0,0,,0,0,0,0.0
59,Pharaoh Brown,ARI,TE,11,SF,0,0,,0,0,0,,,0,0,,0,0,0,0.0
60,Tucker Fisk,LAC,TE,11,JAX,0,0,,0,0,0,,,0,0,,0,0,0,0.0
61,Brenden Bates,CLE,TE,11,BAL,0,0,,0,0,0,,,0,0,,0,0,0,0.0
62,Teagan Quitoriano,ATL,TE,11,CAR,0,0,,0,0,0,,,0,0,,0,0,0,0.0
63,Marcedes Lewis,DEN,TE,11,KC,0,0,,0,0,0,,,0,0,,0,0,0,0.0
64,Daniel Bellinger,NYG,TE,11,GB,1,0,0.0,0,0,0,0.0,,0,0,,0,0,0,0.0
65,Blake Whiteheart,CLE,TE,11,BAL,0,0,,0,0,0,,,0,0,,0,0,0,0.0
66,Josiah Deguara,ARI,TE,11,SF,0,0,,0,0,0,,,0,0,,0,0,0,0.0
67,Jake Tonges,SF,TE,11,ARI,0,0,,0,0,0,,,0,0,,0,0,0,0.0
68,Drew Sample,CIN,TE,11,PIT,0,0,,0,0,0,,,0,0,,0,0,0,0.0
69,Thomas Fidone II,NYG,TE,11,GB,0,0,,0,0,0,,,0,0,,0,0,0,0.0
70,Chris Manhertz,NYG,TE,11,GB,0,0,,0,0,0,,,0,0,,0,0,0,0.0
71,Grant Calcaterra,PHI,TE,11,DET,0,0,,0,0,0,,,0,0,,0,0,0,0.0
72,Cameron Latu,PHI,TE,11,DET,0,0,,0,0,0,,,0,0,,0,0,0,0.0
73,Luke Farrell,SF,TE,11,ARI,0,0,,0,0,0,,,0,0,,0,0,0,0.0
74,Cade Stover,HOU,TE,11,TEN,0,0,,0,0,0,,,0,0,,0,0,0,0.0
75,Jonnu Smith,PIT,TE,11,CIN,2,0,0.0,0,0,0,0.0,,0,0,,0,0,0,0.0
76,Ross Dwelley,DET,TE,11,PHI,0,0,,0,0,0,,,0,0,,0,0,0,0.0
77,Stone Smartt,NYJ,TE,11,NE,0,0,,0,0,0,,,0,0,,0,0,0,0.0
78,David Martin-Robinson,TEN,TE,11,HOU,0,0,,0,0,0,,,0,0,,0,0,0,0.0
79,Davis Allen,LAR,TE,11,SEA,0,0,,0,0,0,,,0,0,,0,0,0,0.0
80,Terrance Ferguson,LAR,TE,11,SEA,0,0,,0,0,0,,,0,0,,0,0,0,0.0
81,Nick Kallerup,SEA,TE,11,LAR,0,0,,0,0,0,,,0,0,,0,0,0,0.0
82,Elijah Arroyo,SEA,TE,11,LAR,2,0,0.0,0,0,0,0.0,,0,0,,0,0,0,0.0
83,Payne Durham,TB,TE,11,BUF,0,0,,0,0,0,,,0,0,,0,0,0,0.0
84,Ben Yurosek,MIN,TE,11,CHI,0,0,,0,0,0,,,0,0,,0,0,0,0.0
85,John Bates,WAS,TE,11,MIA,0,0,,0,0,0,,,0,0,,0,0,0,0.0
86,Hayden Rucci,MIA,TE,11,WAS,0,0,,0,0,0,,,0,0,,0,0,0,0.0
87,Feleipe Franks,ATL,TE,11,CAR,0,0,,0,0,0,,,0,0,,0,0,0,0.0
88,Luke Schoonmaker,DAL,TE,11,LV,0,0,,0,0,0,,,0,0,,0,0,0,0.0
89,Carter Runyon,LV,TE,11,DAL,0,0,,0,0,0,,,0,0,,0,0,0,0.0
90,Jackson Hawes,BUF,TE,11,TB,0,0,,0,0,0,,,0,0,,0,0,0,0.0
91,Charlie Woerner,ATL,TE,11,CAR,0,0,,0,0,0,,,0,0,,0,0,0,0.0
92,Tyler Conklin,LAC,TE,11,JAX,0,0,,0,0,0,,,0,0,,0,0,0,0.0
93,Devin Culp,TB,TE,11,BUF,0,0,,0,0,0,,,0,0,,0,0,0,0.0
1,Hunter Henry,NE,TE,12,CIN,10,7,70.0,115,1,28,11.5,16.4,0,0,,0,0,0,24.5
2,Trey McBride,ARI,TE,12,JAX,10,9,90.0,79,0,14,7.9,8.8,0,0,,0,0,0,16.9
3,Colston Loveland,CHI,TE,12,PIT,5,4,80.0,49,1,17,9.8,12.2,0,0,,0,0,0,14.9
4,Brenton Strange,JAX,TE,12,ARI,5,5,100.0,93,0,30,18.6,18.6,0,0,,0,0,0,14.3
5,Colby Parkinson,LAR,TE,12,TB,4,4,100.0,41,1,15,10.2,10.2,0,0,,0,0,0,14.1
6,George Kittle,SF,TE,12,CAR,10,6,60.0,78,0,25,7.8,13.0,0,0,,0,0,0,13.8
7,Brock Bowers,LV,TE,12,CLE,9,6,66.7,55,0,15,6.1,9.2,0,0,,0,0,0,11.5
8,Gunnar Helm,TEN,TE,12,SEA,7,6,85.7,51,0,15,7.3,8.5,0,0,,0,0,0,11.1
9,Jake Ferguson,DAL,TE,12,PHI,6,5,83.3,60,0,19,10.0,12.0,1,1,1.0,0,1,0,11.1
10,Pat Freiermuth,PIT,TE,12,CHI,3,3,100.0,19,1,14,6.3,6.3,0,0,,0,0,0,10.9
11,Theo Johnson,NYG,TE,12,DET,5,3,60.0,77,0,39,15.4,25.7,0,0,,0,0,0,10.7
12,Juwan Johnson,NO,TE,12,ATL,7,6,85.7,46,0,16,6.6,7.7,0,0,,0,0,0,10.6
13,Tyler Warren,IND,TE,12,KC,7,5,71.4,45,0,16,6.4,9.0,0,0,,0,0,0,9.5
14,Drew Ogletree,IND,TE,12,KC,2,2,100.0,8,1,4,4.0,4.0,0,0,,0,0,0,8.8
15,Harold Fannin Jr.,CLE,TE,12,LV,6,4,66.7,40,0,17,6.7,10.0,1,4,4.0,0,0,0,8.4
16,Travis Kelce,KC,TE,12,IND,6,4,66.7,43,0,17,7.2,10.8,1,1,1.0,0,0,0,8.4
17,Ian Thomas,LV,TE,12,CLE,4,4,100.0,36,0,14,9.0,9.0,0,0,,0,0,0,7.6
18,Mike Gesicki,CIN,TE,12,NE,6,4,66.7,35,0,13,5.8,8.8,0,0,,0,0,0,7.5
19,Brevyn Spann-Ford,DAL,TE,12,PHI,1,1,100.0,4,1,4,4.0,4.0,0,0,,0,0,0,7.4
20,Chig Okonkwo,TEN,TE,12,SEA,4,3,75.0,40,0,26,10.0,13.3,0,0,,0,0,0,7.0
21,Austin Hooper,NE,TE,12,CIN,4,3,75.0,39,0,21,9.8,13.0,0,0,,0,0,0,6.9
22,Cade Otton,TB,TE,12,LAR,7,4,57.1,21,0,13,3.0,5.2,0,0,,0,0,0,6.1
23,T.J. Hockenson,MIN,TE,12,GB,4,4,100.0,19,0,5,4.8,4.8,1,0,0.0,0,0,0,5.9
24,Brock Wright,DET,TE,12,NYG,4,3,75.0,29,0,20,7.2,9.7,0,0,,0,0,0,5.9
25,Davis Allen,LAR,TE,12,TB,4,3,75.0,29,0,15,7.2,9.7,0,0,,0,0,0,5.9
26,Jonnu Smith,PIT,TE,12,CHI,3,3,100.0,21,0,8,7.0,7.0,2,7,3.5,0,0,0,5.8
27,Noah Gray,KC,TE,12,IND,4,3,75.0,25,0,17,6.2,8.3,0,0,,0,0,0,5.5
28,Charlie Woerner,ATL,TE,12,NO,3,3,100.0,24,0,18,8.0,8.0,0,0,,0,0,0,5.4
29,Mason Taylor,NYJ,TE,12,BAL,5,3,60.0,21,0,9,4.2,7.0,0,0,,0,0,0,5.1
30,Dawson Knox,BUF,TE,12,HOU,4,3,75.0,17,0,9,4.2,5.7,0,0,,0,0,0,4.7
31,Jackson Hawes,BUF,TE,12,HOU,2,2,100.0,26,0,18,13.0,13.0,0,0,,0,0,0,4.6
32,Kyle Pitts Sr.,ATL,TE,12,NO,5,2,40.0,25,0,23,5.0,12.5,0,0,,0,0,0,4.5
33,Darnell Washington,PIT,TE,12,CHI,2,2,100.0,22,0,13,11.0,11.0,0,0,,0,0,0,4.2
34,Dallas Goedert,PHI,TE,12,DAL,2,2,100.0,20,0,13,10.0,10.0,0,0,,0,0,0,4.0
35,AJ Barner,SEA,TE,12,TEN,4,2,50.0,18,0,13,4.5,9.0,0,0,,0,0,0,3.8
36,Michael Mayer,LV,TE,12,CLE,1,1,100.0,14,0,14,14.0,14.0,0,0,,0,0,0,2.4
37,Johnny Mundt,JAX,TE,12,ARI,2,1,50.0,12,0,12,6.0,12.0,0,0,,0,0,0,2.2
38,John FitzPatrick,GB,TE,12,MIN,1,1,100.0,11,0,11,11.0,11.0,0,0,,0,0,0,2.1
39,Mark Andrews,BAL,TE,12,NYJ,3,1,33.3,9,0,9,3.0,9.0,2,2,1.0,0,0,0,2.1
40,Isaiah Likely,BAL,TE,12,NYJ,3,1,33.3,10,0,10,3.3,10.0,0,0,,0,0,0,2.0
41,Noah Fant,CIN,TE,12,NE,1,1,100.0,9,0,9,9.0,9.0,0,0,,0,0,0,1.9
42,Mo Alie-Cox,IND,TE,12,KC,1,1,100.0,9,0,9,9.0,9.0,0,0,,0,0,0,1.9
43,Tanner Hudson,CIN,TE,12,NE,1,1,100.0,9,0,9,9.0,9.0,0,0,,0,0,0,1.9
44,Dalton Schultz,HOU,TE,12,BUF,4,1,25.0,8,0,8,2.0,8.0,0,0,,0,0,0,1.8
45,Grant Calcaterra,PHI,TE,12,DAL,1,1,100.0,8,0,8,8.0,8.0,0,0,,0,0,0,1.8
46,Jack Stoll,NO,TE,12,ATL,1,1,100.0,7,0,7,7.0,7.0,0,0,,0,0,0,1.7
47,Luke Musgrave,GB,TE,12,MIN,2,1,50.0,7,0,7,3.5,7.0,0,0,,0,0,0,1.7
48,Ja'Tavion Sanders,CAR,TE,12,SF,1,1,100.0,6,0,6,6.0,6.0,0,0,,0,0,0,1.6
49,Josiah Deguara,ARI,TE,12,JAX,1,1,100.0,6,0,6,6.0,6.0,0,0,,0,0,0,1.6
50,Elijah Arroyo,SEA,TE,12,TEN,1,1,100.0,5,0,5,5.0,5.0,0,0,,0,0,0,1.5
51,Durham Smythe,CHI,TE,12,PIT,1,1,100.0,4,0,4,4.0,4.0,0,0,,0,0,0,1.4
52,Josh Oliver,MIN,TE,12,GB,1,1,100.0,4,0,4,4.0,4.0,0,0,,0,0,0,1.4
53,Cole Kmet,CHI,TE,12,PIT,1,1,100.0,3,0,3,3.0,3.0,0,0,,0,0,0,1.3
54,Luke Farrell,SF,TE,12,CAR,1,1,100.0,3,0,3,3.0,3.0,0,0,,0,0,0,1.3
55,Josh Whyle,GB,TE,12,MIN,1,1,100.0,1,0,1,1.0,1.0,0,0,,0,0,0,1.1
56,Drew Sample,CIN,TE,12,NE,1,1,100.0,0,0,0,0.0,0.0,0,0,,0,0,0,1.0
57,Feleipe Franks,ATL,TE,12,NO,0,0,,0,0,0,,,1,2,2.0,0,0,0,0.2
58,Tommy Tremble,CAR,TE,12,SF,0,0,,0,0,0,,,0,0,,0,0,0,0.0
59,Cade Stover,HOU,TE,12,BUF,2,0,0.0,0,0,0,0.0,,0,0,,0,0,0,0.0
60,Keleki Latu,BUF,TE,12,HOU,0,0,,0,0,0,,,0,0,,0,0,0,0.0
61,Brenden Bates,CLE,TE,12,LV,0,0,,0,0,0,,,0,0,,0,0,0,0.0
62,Terrance Ferguson,LAR,TE,12,TB,1,0,0.0,0,0,0,0.0,,0,0,,0,0,0,0.0
63,Ben Sims,MIN,TE,12,GB,0,0,,0,0,0,,,0,0,,0,0,0,0.0
64,David Njoku,CLE,TE,12,LV,0,0,,0,0,0,,,0,0,,0,0,0,0.0
65,Luke Schoonmaker,DAL,TE,12,PHI,1,0,0.0,0,0,0,0.0,,0,0,,0,0,0,0.0
66,Elijah Higgins,ARI,TE,12,JAX,0,0,,0,0,0,,,0,0,,0,0,0,0.0
67,Devin Culp,TB,TE,12,LAR,0,0,,0,0,0,,,0,0,,0,0,0,0.0
68,Payne Durham,TB,TE,12,LAR,0,0,,0,0,0,,,0,0,,0,0,0,0.0
69,Kylen Granson,PHI,TE,12,DAL,0,0,,0,0,0,,,0,0,,0,0,0,0.0
70,Cameron Latu,PHI,TE,12,DAL,0,0,,0,0,0,,,0,0,,0,0,0,0.0
71,Teagan Quitoriano,ATL,TE,12,NO,0,0,,0,0,0,,,0,0,,0,0,0,0.0
72,Connor Heyward,PIT,TE,12,CHI,0,0,,0,0,0,,,1,0,0.0,0,0,0,0.0
73,Daniel Bellinger,NYG,TE,12,DET,2,0,0.0,0,0,0,0.0,,0,0,,0,0,0,0.0
74,Nikola Kalinic,CHI,TE,12,PIT,0,0,,0,0,0,,,0,0,,0,0,0,0.0
75,Carter Runyon,LV,TE,12,CLE,0,0,,0,0,0,,,0,0,,0,0,0,0.0
76,Foster Moreau,NO,TE,12,ATL,1,0,0.0,0,0,0,0.0,,0,0,,0,0,0,0.0
77,Zaire Mitchell-Paden,NO,TE,12,ATL,0,0,,0,0,0,,,0,0,,0,0,0,0.0
78,Charlie Kolar,BAL,TE,12,NYJ,0,0,,0,0,0,,,0,0,,0,0,0,0.0
79,Robert Tonyan,KC,TE,12,IND,0,0,,0,0,0,,,0,0,,0,0,0,0.0
80,Chris Manhertz,NYG,TE,12,DET,0,0,,0,0,0,,,0,0,,0,0,0,0.0
81,Jeremy Ruckert,NYJ,TE,12,BAL,0,0,,0,0,0,,,0,0,,0,0,0,0.0
82,Stone Smartt,NYJ,TE,12,BAL,0,0,,0,0,0,,,0,0,,0,0,0,0.0
83,Anthony Firkser,DET,TE,12,NYG,0,0,,0,0,0,,,0,0,,0,0,0,0.0
84,Nick Kallerup,SEA,TE,12,TEN,0,0,,0,0,0,,,0,0,,0,0,0,0.0
85,Pharaoh Brown,ARI,TE,12,JAX,0,0,,0,0,0,,,0,0,,0,0,0,0.0
86,Quintin Morris,JAX,TE,12,ARI,0,0,,0,0,0,,,0,0,,0,0,0,0.0
87,Ross Dwelley,DET,TE,12,NYG,0,0,,0,0,0,,,0,0,,0,0,0,0.0
88,David Martin-Robinson,TEN,TE,12,SEA,0,0,,0,0,0,,,0,0,,0,0,0,0.0
89,Jake Tonges,SF,TE,12,CAR,0,0,,0,0,0,,,0,0,,0,0,0,0.0
90,Mitchell Evans,CAR,TE,12,SF,1,0,0.0,0,0,0,0.0,,0,0,,0,0,0,0.0
91,Blake Whiteheart,CLE,TE,12,LV,0,0,,0,0,0,,,0,0,,0,0,0,0.0
