Name,Position,Roster Position,TeamAbbrev,Week1_Salary,Week1_%Drafted,Week1_FPTS,Week2_Salary
Justin Jefferson,WR,WR/FLEX,MIN,8800.0,25.71%,27.0,9200
Christian McCaffrey,RB,RB/FLEX,SF,8700.0,7.35%,28.9,8900
Tyreek Hill,WR,WR/FLEX,MIA,8200.0,25.17%,47.5,8800
Austin Ekeler,RB,RB/FLEX,LAC,8400.0,17.03%,29.4,8700
Patrick Mahomes,QB,QB,KC,8100,,20.54,8300
Nick Chubb,RB,RB/FLEX,CLE,8200.0,5.63%,19.7,8100
Stefon Diggs,WR,WR/FLEX,BUF,7100,,29.2,8000
Saquon Barkley,RB,RB/FLEX,NYG,8100,,9.3,8000
Bijan Robinson,RB,RB/FLEX,ATL,8000.0,7.35%,20.3,7900
Josh Allen,QB,QB,BUF,7300,,13.04,7900
Ja'Marr Chase,WR,WR/FLEX,CIN,8100.0,13.20%,9.1,7900
Jalen Hurts,QB,QB,PHI,7800.0,8.59%,13.5,7800
Amon-Ra St. Brown,WR,WR/FLEX,DET,7500,,19.1,7800
A.J. Brown,WR,WR/FLEX,PHI,7600.0,6.85%,14.9,7700
Lamar Jackson,QB,QB,BAL,8000.0,6.82%,8.56,7700
CeeDee Lamb,WR,WR/FLEX,DAL,7800,,11.7,7700
Davante Adams,WR,WR/FLEX,LV,7900.0,4.70%,12.6,7600
Travis Kelce,TE,TE/FLEX,KC,0,,0.0,7600
Justin Fields,QB,QB,CHI,7700.0,4.09%,16.54,7600
Tony Pollard,RB,RB/FLEX,DAL,7500,,22.2,7500
Garrett Wilson,WR,WR/FLEX,NYJ,6900,,14.4,7500
Derrick Henry,RB,RB/FLEX,TEN,7800.0,7.22%,13.9,7400
Jaylen Waddle,WR,WR/FLEX,MIA,7100.0,8.45%,11.8,7400
DeVonta Smith,WR,WR/FLEX,PHI,7200.0,4.30%,17.7,7300
Calvin Ridley,WR,WR/FLEX,JAX,6500.0,15.09%,27.1,7200
Josh Jacobs,RB,RB/FLEX,LV,7700.0,8.05%,9.1,7100
Keenan Allen,WR,WR/FLEX,LAC,7300.0,11.95%,14.2,7100
Tua Tagovailoa,QB,QB,MIA,6700.0,5.83%,32.14,7100
DK Metcalf,WR,WR/FLEX,SEA,7000.0,7.67%,13.7,7000
Justin Herbert,QB,QB,LAC,6900.0,13.64%,20.92,7000
Joe Burrow,QB,QB,CIN,7100.0,4.30%,3.18,6900
Travis Etienne Jr.,RB,RB/FLEX,JAX,6900.0,9.69%,21.4,6900
Chris Olave,WR,WR/FLEX,NO,6500.0,15.03%,22.2,6900
Trevor Lawrence,QB,QB,JAX,6500.0,9.86%,18.74,6700
DeAndre Hopkins,WR,WR/FLEX,TEN,6900.0,2.35%,13.5,6700
Rhamondre Stevenson,RB,RB/FLEX,NE,7000.0,1.47%,14.9,6700
Aaron Jones,RB,RB/FLEX,GB,6300.0,16.21%,26.7,6600
Dak Prescott,QB,QB,DAL,6600,,6.32,6600
Jerry Jeudy,WR,WR/FLEX,DEN,6600.0,0.08%,0.0,6600
Kirk Cousins,QB,QB,MIN,6300.0,6.87%,22.46,6500
Joe Mixon,RB,RB/FLEX,CIN,6800.0,10.49%,10.3,6500
Tee Higgins,WR,WR/FLEX,CIN,6800.0,3.51%,0.0,6400
Aaron Rodgers,QB,QB,NYJ,6000,,0.0,6400
Mark Andrews,TE,TE/FLEX,BAL,6200.0,0.29%,0.0,6300
Jahmyr Gibbs,RB,RB/FLEX,DET,6100,,8.0,6300
Anthony Richardson,QB,QB,IND,5600.0,4.27%,21.92,6300
Michael Pittman Jr.,WR,WR/FLEX,IND,6200.0,2.71%,23.7,6300
Jared Goff,QB,QB,DET,6000,,14.02,6200
Mike Evans,WR,WR/FLEX,TB,6300.0,4.67%,18.6,6200
James Conner,RB,RB/FLEX,ARI,6400.0,2.28%,12.0,6200
Deshaun Watson,QB,QB,CLE,6000.0,4.07%,21.66,6200
Alexander Mattison,RB,RB/FLEX,MIN,6500.0,4.98%,13.4,6100
T.J. Hockenson,TE,TE/FLEX,MIN,5900.0,8.08%,11.5,6100
James Cook,RB,RB/FLEX,BUF,5700,,10.3,6100
Tyler Lockett,WR,WR/FLEX,SEA,6700.0,5.46%,3.0,6100
Chris Godwin,WR,WR/FLEX,TB,5900.0,13.24%,10.1,6000
Daniel Jones,QB,QB,NYG,5800,,6.46,6000
Dalvin Cook,RB,RB/FLEX,NYJ,6000,,8.9,6000
AJ Dillon,RB,RB/FLEX,GB,5200.0,1.70%,5.6,5900
Christian Watson,WR,WR/FLEX,GB,6000.0,0.16%,0.0,5900
Geno Smith,QB,QB,SEA,6100.0,5.67%,9.08,5900
Breece Hall,RB,RB/FLEX,NYJ,5500,,18.7,5900
Gabe Davis,WR,WR/FLEX,BUF,5100,,5.2,5800
Kenneth Walker III,RB,RB/FLEX,SEA,6000.0,10.23%,10.7,5800
David Montgomery,RB,RB/FLEX,DET,5700,,13.4,5800
Brandon Aiyuk,WR,WR/FLEX,SF,4900.0,5.60%,35.9,5800
Russell Wilson,QB,QB,DEN,5900.0,3.18%,15.18,5800
Raheem Mostert,RB,RB/FLEX,MIA,5400.0,17.08%,13.0,5800
Najee Harris,RB,RB/FLEX,PIT,6100.0,2.05%,5.3,5800
Isiah Pacheco,RB,RB/FLEX,KC,5900,,9.4,5700
Mike Williams,WR,WR/FLEX,LAC,5700.0,15.94%,8.5,5700
Brock Purdy,QB,QB,SF,5400.0,1.51%,17.8,5700
Cam Akers,RB,RB/FLEX,LAR,6200.0,6.89%,8.9,5700
Terry McLaurin,WR,WR/FLEX,WAS,6400.0,2.53%,5.1,5700
Amari Cooper,WR,WR/FLEX,CLE,5800.0,8.62%,6.7,5700
Dameon Pierce,RB,RB/FLEX,HOU,5800.0,3.33%,6.7,5600
Matthew Stafford,QB,QB,LAR,5700.0,0.61%,17.46,5600
Deebo Samuel,WR,WR/FLEX,SF,5500.0,9.85%,11.3,5600
Javonte Williams,RB,RB/FLEX,DEN,5700.0,5.85%,9.7,5600
Jordan Love,QB,QB,GB,5000.0,1.53%,23.0,5500
Tyler Allgeier,RB,RB/FLEX,ATL,5400.0,0.71%,24.4,5500
Rachaad White,RB,RB/FLEX,TB,5500.0,9.02%,6.9,5500
DJ Moore,WR,WR/FLEX,CHI,6100.0,6.18%,4.5,5500
Darren Waller,TE,TE/FLEX,NYG,5100,,6.6,5500
Miles Sanders,RB,RB/FLEX,CAR,5600.0,5.34%,12.8,5500
Damien Harris,RB,RB/FLEX,BUF,5000,,3.9,5400
Khalil Herbert,RB,RB/FLEX,CHI,5300.0,4.73%,11.4,5400
Allen Lazard,WR,WR/FLEX,NYJ,4600,,6.6,5400
Sam Howell,QB,QB,WAS,4900.0,5.81%,17.18,5400
Courtland Sutton,WR,WR/FLEX,DEN,5200.0,9.62%,13.2,5400
Derek Carr,QB,QB,NO,5300.0,5.58%,18.6,5400
Jamaal Williams,RB,RB/FLEX,NO,5100.0,16.80%,7.2,5400
Kenneth Gainwell,RB,RB/FLEX,PHI,4200.0,0.53%,11.4,5300
Jordan Addison,WR,WR/FLEX,MIN,5100.0,3.32%,16.1,5300
Jimmy Garoppolo,QB,QB,LV,5300.0,0.72%,16.1,5300
Jakobi Meyers,WR,WR/FLEX,LV,4800.0,1.27%,29.1,5300
Gus Edwards,RB,RB/FLEX,BAL,4500.0,0.43%,5.2,5300
George Kittle,TE,TE/FLEX,SF,5700.0,1.09%,4.9,5300
Michael Thomas,WR,WR/FLEX,NO,5100.0,10.34%,11.1,5300
C.J. Stroud,QB,QB,HOU,5400.0,0.29%,11.68,5200
Brandin Cooks,WR,WR/FLEX,DAL,5000,,4.2,5200
Brian Robinson Jr.,RB,RB/FLEX,WAS,5100.0,8.24%,13.6,5200
Mac Jones,QB,QB,NE,5100.0,0.25%,28.14,5200
Ezekiel Elliott,RB,RB/FLEX,NE,5200.0,1.55%,8.3,5200
Bryce Young,QB,QB,CAR,5500.0,0.74%,9.54,5200
Rashod Bateman,WR,WR/FLEX,BAL,5300.0,1.63%,6.5,5100
Gardner Minshew II,QB,QB,IND,4900.0,0.01%,0.0,5100
Christian Kirk,WR,WR/FLEX,JAX,5600.0,9.15%,1.9,5100
Baker Mayfield,QB,QB,TB,4900.0,3.08%,16.02,5100
Samaje Perine,RB,RB/FLEX,DEN,5100.0,1.93%,11.8,5100
Kenny Pickett,QB,QB,PIT,5200.0,1.04%,11.68,5100
George Pickens,WR,WR/FLEX,PIT,5000.0,5.71%,8.6,5100
Desmond Ridder,QB,QB,ATL,4900.0,0.80%,8.9,5000
Drake London,WR,WR/FLEX,ATL,5400.0,7.76%,0.0,5000
Zay Flowers,WR,WR/FLEX,BAL,4000.0,7.09%,17.7,5000
Ryan Tannehill,QB,QB,TEN,5200.0,0.32%,5.42,5000
Joshua Kelley,RB,RB/FLEX,LAC,4900.0,0.13%,15.1,5000
Joshua Dobbs,QB,QB,ARI,4600.0,0.24%,2.98,5000
Matt Breida,RB,RB/FLEX,NYG,4800,,1.6,5000
Isaiah Hodgins,WR,WR/FLEX,NYG,4800,,2.4,5000
Kyren Williams,RB,RB/FLEX,LAR,4100.0,0.05%,17.4,5000
Diontae Johnson,WR,WR/FLEX,PIT,5300.0,4.08%,7.8,5000
Kyle Allen,QB,QB,BUF,0,,0.0,4900
Justice Hill,RB,RB/FLEX,BAL,4000.0,0.03%,12.9,4900
Deon Jackson,RB,RB/FLEX,IND,4100.0,10.16%,5.8,4900
Roschon Johnson,RB,RB/FLEX,CHI,4500.0,0.08%,17.5,4900
Tyrod Taylor,QB,QB,NYG,4800,,0.24,4900
Marquise Brown,WR,WR/FLEX,ARI,5200.0,0.54%,8.7,4900
Puka Nacua,WR,WR/FLEX,LAR,3000.0,0.80%,24.9,4900
Zach Wilson,QB,QB,NYJ,4600,,9.2,4900
Jahan Dotson,WR,WR/FLEX,WAS,5000.0,7.77%,9.0,4900
D'Andre Swift,RB,RB/FLEX,PHI,5400.0,3.79%,1.3,4800
Patrick Taylor,RB,RB/FLEX,GB,4000.0,0.01%,2.2,4800
Romeo Doubs,WR,WR/FLEX,GB,4400.0,0.74%,18.6,4800
Nico Collins,WR,WR/FLEX,HOU,4700.0,2.25%,14.0,4800
Evan Engram,TE,TE/FLEX,JAX,4700.0,5.91%,9.9,4800
Trey Lance,QB,QB,DAL,4700.0,0.00%,0.0,4800
Michael Carter,RB,RB/FLEX,NYJ,4500,,3.8,4800
Rico Dowdle,RB,RB/FLEX,DAL,4700,,2.4,4800
Antonio Gibson,RB,RB/FLEX,WAS,5200.0,4.51%,1.9,4800
De'Von Achane,RB,RB/FLEX,MIA,4900.0,0.12%,0.0,4800
Jameis Winston,QB,QB,NO,4800.0,0.01%,0.0,4800
Chuba Hubbard,RB,RB/FLEX,CAR,5000.0,0.22%,8.9,4800
Marcus Mariota,QB,QB,PHI,4700.0,0.00%,0.0,4700
Dallas Goedert,TE,TE/FLEX,PHI,5000.0,5.18%,0.0,4700
Taylor Heinicke,QB,QB,ATL,4700.0,0.00%,0.0,4700
Odell Beckham Jr.,WR,WR/FLEX,BAL,5000.0,3.64%,5.7,4700
Zack Moss,RB,RB/FLEX,IND,4200.0,0.01%,0.0,4700
Devin Singletary,RB,RB/FLEX,HOU,4700.0,0.51%,1.5,4700
Tank Bigsby,RB,RB/FLEX,JAX,5000.0,0.46%,6.3,4700
Zay Jones,WR,WR/FLEX,JAX,4500.0,3.47%,16.5,4700
Easton Stick,QB,QB,LAC,4600.0,0.00%,0.0,4700
Will Levis,QB,QB,TEN,4700.0,0.00%,0.0,4700
Tutu Atwell,WR,WR/FLEX,LAR,3000.0,2.85%,20.9,4700
Cooper Rush,QB,QB,DAL,4500,,0.0,4700
Deuce Vaughn,RB,RB/FLEX,DAL,4600,,0.8,4700
Jacoby Brissett,QB,QB,WAS,4800.0,0.00%,0.0,4700
JuJu Smith-Schuster,WR,WR/FLEX,NE,4800.0,2.87%,7.3,4700
Tony Jones Jr.,RB,RB/FLEX,NO,4500.0,0.02%,0.5,4700
Ty Chandler,RB,RB/FLEX,MIN,4600.0,0.08%,2.8,4600
Josh Johnson,QB,QB,BAL,4000.0,,0.0,4600
Tyler Huntley,QB,QB,BAL,4800.0,0.00%,0.0,4600
Teddy Bridgewater,QB,QB,DET,4600,,0.0,4600
Davis Mills,QB,QB,HOU,4600.0,0.00%,0.0,4600
Robert Woods,WR,WR/FLEX,HOU,5000.0,0.47%,11.7,4600
Jerick McKinnon,RB,RB/FLEX,KC,5100,,2.0,4600
Kadarius Toney,WR,WR/FLEX,KC,5100,,1.0,4600
D'Onta Foreman,RB,RB/FLEX,CHI,5500.0,0.51%,4.4,4600
Tyjae Spears,RB,RB/FLEX,TEN,4900.0,0.10%,3.8,4600
Clayton Tune,QB,QB,ARI,4000.0,0.00%,0.0,4600
Sam Darnold,QB,QB,SF,4600.0,0.00%,-0.2,4600
Elijah Mitchell,RB,RB/FLEX,SF,5000.0,0.14%,1.0,4600
Tyler Higbee,TE,TE/FLEX,LAR,4800.0,8.99%,7.9,4600
Mike White,QB,QB,MIA,4600.0,0.00%,0.0,4600
Andy Dalton,QB,QB,CAR,4600.0,0.00%,0.0,4600
Mitch Trubisky,QB,QB,PIT,4600.0,0.00%,0.0,4600
Jaylen Warren,RB,RB/FLEX,PIT,4600.0,0.40%,6.8,4600
Cordarrelle Patterson,RB,RB/FLEX,ATL,5000.0,0.05%,0.0,4500
Brian Hoyer,QB,QB,LV,4000.0,,0.0,4500
Latavius Murray,RB,RB/FLEX,BUF,4300,,2.7,4500
Zach Charbonnet,RB,RB/FLEX,SEA,4800.0,0.64%,1.1,4500
Jaxon Smith-Njigba,WR,WR/FLEX,SEA,4900.0,1.30%,4.3,4500
Marquez Valdes-Scantling,WR,WR/FLEX,KC,4500,,6.8,4500
Kyle Trask,QB,QB,TB,4600.0,0.00%,0.0,4500
Treylon Burks,WR,WR/FLEX,TEN,5000.0,0.68%,4.7,4500
Gary Brightwell,RB,RB/FLEX,NYG,4000,,3.1,4500
Bailey Zappe,QB,QB,NE,4500.0,0.00%,0.0,4500
Salvon Ahmed,RB,RB/FLEX,MIA,4000.0,0.09%,1.1,4500
Dorian Thompson-Robinson,QB,QB,CLE,4000.0,0.00%,0.0,4500
Nick Mullens,QB,QB,MIN,4400.0,,0.0,4400
Boston Scott,RB,RB/FLEX,PHI,4400.0,0.07%,2.0,4400
Sean Clifford,QB,QB,GB,4000.0,,0.0,4400
Zamir White,RB,RB/FLEX,LV,4800.0,0.12%,1.7,4400
Jake Browning,QB,QB,CIN,4000.0,0.00%,-0.1,4400
Melvin Gordon III,RB,RB/FLEX,BAL,4600.0,0.23%,0.0,4400
Drew Lock,QB,QB,SEA,4200.0,0.00%,0.0,4400
Evan Hull,RB,RB/FLEX,IND,4000.0,0.30%,1.7,4400
Blaine Gabbert,QB,QB,KC,4400,,0.0,4400
Nathan Peterman,QB,QB,CHI,4000.0,,0.0,4400
Darnell Mooney,WR,WR/FLEX,CHI,4500.0,1.25%,15.3,4400
Cole Kmet,TE,TE/FLEX,CHI,4400.0,1.99%,9.4,4400
Darius Slayton,WR,WR/FLEX,NYG,4200,,4.5,4400
Stetson Bennett,QB,QB,LAR,4000.0,0.00%,0.0,4400
Brett Rypien,QB,QB,LAR,4000.0,,0.0,4400
Jarrett Stidham,QB,QB,DEN,4700.0,,0.0,4400
Kendre Miller,RB,RB/FLEX,NO,4300.0,0.01%,0.0,4400
Myles Gaskin,RB,RB/FLEX,MIN,4000.0,0.01%,0.0,4300
Trayveon Williams,RB,RB/FLEX,CIN,4000.0,0.00%,0.7,4300
Jake Funk,RB,RB/FLEX,IND,4000.0,0.00%,3.2,4300
C.J. Beathard,QB,QB,JAX,4200.0,,0.0,4300
Clyde Edwards-Helaire,RB,RB/FLEX,KC,4400,,3.9,4300
Sean Tucker,RB,RB/FLEX,TB,4300.0,0.07%,4.4,4300
Keaontay Ingram,RB,RB/FLEX,ARI,4600.0,0.02%,-0.4,4300
Van Jefferson,WR,WR/FLEX,LAR,4700.0,3.31%,6.4,4300
Israel Abanikanda,RB,RB/FLEX,NYJ,4000,,0.0,4300
Kendrick Bourne,WR,WR/FLEX,NE,3300.0,2.40%,24.4,4300
Kyle Pitts,TE,TE/FLEX,ATL,4500.0,3.55%,6.4,4200
Mike Boone,RB,RB/FLEX,HOU,4000.0,0.00%,4.8,4200
Jordan Mason,RB,RB/FLEX,SF,4700.0,0.01%,0.0,4200
Michael Gallup,WR,WR/FLEX,DAL,4100,,2.0,4200
Jerome Ford,RB,RB/FLEX,CLE,4200.0,0.04%,2.6,4200
K.J. Osborn,WR,WR/FLEX,MIN,4300.0,2.35%,6.1,4100
Chris Evans,RB,RB/FLEX,CIN,4300.0,0.04%,2.1,4100
DeeJay Dallas,RB,RB/FLEX,SEA,4100.0,0.03%,2.8,4100
Skyy Moore,WR,WR/FLEX,KC,4300,,0.4,4100
Chase Edmonds,RB,RB/FLEX,TB,4200.0,0.07%,0.8,4100
Gerald Everett,TE,TE/FLEX,LAC,4300.0,5.40%,4.3,4100
49ers ,DST,DST,SF,3800.0,2.22%,13.0,4100
DeVante Parker,WR,WR/FLEX,NE,4100.0,0.03%,0.0,4100
Rashid Shaheed,WR,WR/FLEX,NO,3700.0,1.01%,20.0,4100
David Njoku,TE,TE/FLEX,CLE,4200.0,9.57%,4.4,4100
Tanner McKee,QB,QB,PHI,4000.0,,0.0,4000
Jaren Hall,QB,QB,MIN,4000.0,0.00%,0.0,4000
Rashaad Penny,RB,RB/FLEX,PHI,5000.0,0.21%,0.0,4000
C.J. Ham,RB,RB/FLEX,MIN,4000.0,0.00%,2.7,4000
Trey Sermon,RB,RB/FLEX,PHI,4000.0,,0.0,4000
Kene Nwangwu,RB,RB/FLEX,MIN,4000.0,,0.0,4000
DeWayne McBride,RB,RB/FLEX,MIN,4000.0,0.00%,0.0,4000
Alex McGough,QB,QB,GB,4000.0,,0.0,4000
Logan Woodside,QB,QB,ATL,4000.0,,0.0,4000
Emanuel Wilson,RB,RB/FLEX,GB,4000.0,0.01%,0.0,4000
Henry Pearson,RB,RB/FLEX,GB,4000.0,,0.0,4000
Godwin Igwebuike,RB,RB/FLEX,ATL,4000.0,0.00%,0.0,4000
Avery Williams,RB,RB/FLEX,ATL,4000.0,,0.0,4000
B.J. Baylor,RB,RB/FLEX,ATL,4000.0,0.00%,0.0,4000
Keith Smith,RB,RB/FLEX,ATL,4000.0,0.00%,0.0,4000
Aidan O'Connell,QB,QB,LV,4000.0,0.00%,0.0,4000
Shane Buechele,QB,QB,BUF,4000,,0.0,4000
Ameer Abdullah,RB,RB/FLEX,LV,4100.0,0.03%,0.0,4000
Brandon Bolden,RB,RB/FLEX,LV,4000.0,0.00%,0.0,4000
Brittain Brown,RB,RB/FLEX,LV,4000.0,,0.0,4000
Austin Walter,RB,RB/FLEX,LV,4000.0,,0.0,4000
Jakob Johnson,RB,RB/FLEX,LV,4000.0,0.00%,0.0,4000
Sincere McCormick,RB,RB/FLEX,LV,4000.0,,0.0,4000
Nyheim Hines,RB,RB/FLEX,BUF,4000,,0.0,4000
Reggie Gilliam,RB,RB/FLEX,BUF,4000,,0.0,4000
Ty Johnson,RB,RB/FLEX,BUF,4000,,0.0,4000
Will Grier,QB,QB,CIN,4000.0,,0.0,4000
Keaton Mitchell,RB,RB/FLEX,BAL,4000.0,0.00%,0.0,4000
J.K. Dobbins,RB,RB/FLEX,BAL,6600.0,11.05%,11.7,4000
Owen Wright,RB,RB/FLEX,BAL,4000.0,,0.0,4000
Patrick Ricard,RB,RB/FLEX,BAL,4000.0,0.01%,0.0,4000
Ben Mason,RB,RB/FLEX,BAL,4000.0,,0.0,4000
Chase Brown,RB,RB/FLEX,CIN,4700.0,0.02%,0.0,4000
Demetric Felton,RB,RB/FLEX,CIN,4000.0,0.00%,0.0,4000
Holton Ahlers,QB,QB,SEA,4000.0,,0.0,4000
Hendon Hooker,QB,QB,DET,4000,,0.0,4000
Nate Sudfeld,QB,QB,DET,4000,,0.0,4000
David Blough,QB,QB,DET,4000.0,,0.0,4000
Kenny McIntosh,RB,RB/FLEX,SEA,4000.0,,0.0,4000
SaRodorick Thompson Jr.,RB,RB/FLEX,SEA,4000.0,0.00%,0.0,4000
Craig Reynolds,RB,RB/FLEX,DET,4000,,0.0,4000
Zonovan Knight,RB,RB/FLEX,DET,4000,,0.0,4000
Jason Cabinda,RB,RB/FLEX,DET,4000,,0.0,4000
Sam Ehlinger,QB,QB,IND,4000.0,,0.0,4000
Case Keenum,QB,QB,HOU,4000.0,,0.0,4000
Jonathan Taylor,RB,RB/FLEX,IND,7900.0,0.00%,0.0,4000
Jason Huntley,RB,RB/FLEX,IND,4000.0,0.01%,0.0,4000
Dare Ogunbowale,RB,RB/FLEX,HOU,4000.0,0.00%,0.0,4000
Andrew Beck,RB,RB/FLEX,HOU,4000.0,0.00%,0.0,4000
Troy Hairston,RB,RB/FLEX,HOU,4000.0,0.00%,0.0,4000
Larry Rountree III,RB,RB/FLEX,HOU,4000.0,,0.0,4000
Dalton Schultz,TE,TE/FLEX,HOU,4600.0,1.74%,2.4,4000
Nathan Rourke,QB,QB,JAX,4000.0,,0.0,4000
Chris Oladokun,QB,QB,KC,4000,,0.0,4000
D'Ernest Johnson,RB,RB/FLEX,JAX,4000.0,0.01%,-0.4,4000
JaMycal Hasty,RB,RB/FLEX,JAX,4200.0,0.02%,0.0,4000
Derek Parish,RB,RB/FLEX,JAX,4000.0,,0.0,4000
Snoop Conner,RB,RB/FLEX,JAX,4000.0,0.00%,0.0,4000
La'Mical Perine,RB,RB/FLEX,KC,4000,,0.0,4000
Deneric Prince,RB,RB/FLEX,KC,4000,,0.0,4000
John Wolford,QB,QB,TB,4000.0,,0.0,4000
Tyson Bagent,QB,QB,CHI,4000.0,,0.0,4000
Ke'Shawn Vaughn,RB,RB/FLEX,TB,4200.0,0.01%,0.0,4000
Patrick Laird,RB,RB/FLEX,TB,4000.0,,0.0,4000
Travis Homer,RB,RB/FLEX,CHI,4000.0,0.01%,0.0,4000
Khari Blasingame,RB,RB/FLEX,CHI,4000.0,0.00%,0.0,4000
Robert Burns,RB,RB/FLEX,CHI,4000.0,0.00%,0.0,4000
Max Duggan,QB,QB,LAC,4000.0,0.00%,0.0,4000
Malik Willis,QB,QB,TEN,4000.0,,0.0,4000
Isaiah Spiller,RB,RB/FLEX,LAC,4600.0,0.01%,0.0,4000
Elijah Dotson,RB,RB/FLEX,LAC,4000.0,0.00%,0.0,4000
Julius Chestnut,RB,RB/FLEX,TEN,4000.0,0.00%,0.0,4000
Hassan Haskins,RB,RB/FLEX,TEN,4400.0,0.00%,0.0,4000
Kyler Murray,QB,QB,ARI,5800.0,0.00%,0.0,4000
Jeff Driskel,QB,QB,ARI,4000.0,,0.0,4000
Tommy DeVito,QB,QB,NYG,4000,,0.0,4000
Emari Demercado,RB,RB/FLEX,ARI,4000.0,0.00%,0.0,4000
Marlon Mack,RB,RB/FLEX,ARI,4000.0,,0.0,4000
Corey Clement,RB,RB/FLEX,ARI,4500.0,0.00%,0.0,4000
Eric Gray,RB,RB/FLEX,NYG,4000,,0.0,4000
Taiwan Jones,RB,RB/FLEX,NYG,4000,,0.0,4000
Chris Myarick,RB,RB/FLEX,NYG,4000,,0.0,4000
Rondale Moore,WR,WR/FLEX,ARI,4200.0,0.97%,7.5,4000
Brandon Allen,QB,QB,SF,4000.0,,0.0,4000
Tyrion Davis-Price,RB,RB/FLEX,SF,4000.0,0.00%,0.0,4000
Jack Colletto,RB,RB/FLEX,SF,4000.0,0.00%,0.0,4000
Kyle Juszczyk,RB,RB/FLEX,SF,4000.0,0.01%,0.0,4000
Ronnie Rivers,RB,RB/FLEX,LAR,4000.0,0.00%,0.0,4000
Zach Evans,RB,RB/FLEX,LAR,4000.0,0.00%,0.0,4000
Royce Freeman,RB,RB/FLEX,LAR,4000.0,0.01%,0.0,4000
Tim Boyle,QB,QB,NYJ,4000,,0.0,4000
Nick Bawden,RB,RB/FLEX,NYJ,4000,,0.0,4000
Xazavian Valladay,RB,RB/FLEX,NYJ,4000.0,,0.0,4000
Ronald Jones II,RB,RB/FLEX,DAL,4000,,0.0,4000
Hunter Luepke,RB,RB/FLEX,DAL,4000,,0.0,4000
Malik Davis,RB,RB/FLEX,DAL,4000,,0.0,4000
Mecole Hardman Jr.,WR,WR/FLEX,NYJ,3500,,0.0,4000
Cowboys ,DST,DST,DAL,3600,,37.0,4000
Jake Fromm,QB,QB,WAS,4000.0,0.00%,0.0,4000
Ben DiNucci,QB,QB,DEN,4000.0,,0.0,4000
Chris Rodriguez Jr.,RB,RB/FLEX,WAS,4000.0,0.00%,0.7,4000
Derrick Gore,RB,RB/FLEX,WAS,4000.0,0.00%,0.0,4000
Alex Armah,RB,RB/FLEX,WAS,4000.0,0.00%,0.0,4000
Jaleel McLaughlin,RB,RB/FLEX,DEN,4000.0,0.06%,0.3,4000
Dwayne Washington,RB,RB/FLEX,DEN,4000.0,,0.0,4000
Michael Burton,RB,RB/FLEX,DEN,4000.0,0.00%,1.3,4000
Tyler Badie,RB,RB/FLEX,DEN,4000.0,0.02%,0.0,4000
Curtis Samuel,WR,WR/FLEX,WAS,4200.0,1.06%,11.0,4000
Matt Corral,QB,QB,NE,4000.0,,0.0,4000
Malik Cunningham,QB,QB,NE,4000.0,,0.0,4000
Skylar Thompson,QB,QB,MIA,4000.0,,0.0,4000
Jeff Wilson Jr.,RB,RB/FLEX,MIA,5300.0,0.00%,0.0,4000
Kevin Harris,RB,RB/FLEX,NE,4000.0,0.00%,0.0,4000
Chris Brooks,RB,RB/FLEX,MIA,4000.0,0.00%,0.0,4000
Alec Ingold,RB,RB/FLEX,MIA,4000.0,0.00%,5.4,4000
Darrynton Evans,RB,RB/FLEX,MIA,4000.0,,0.0,4000
Jake Haener,QB,QB,NO,4000.0,0.00%,0.0,4000
Raheem Blackshear,RB,RB/FLEX,CAR,4000.0,0.03%,0.0,4000
Spencer Brown,RB,RB/FLEX,CAR,4000.0,0.01%,0.0,4000
Jashaun Corbin,RB,RB/FLEX,CAR,4000.0,0.00%,0.0,4000
Alvin Kamara,RB,RB/FLEX,NO,6700.0,0.01%,0.0,4000
Eno Benjamin,RB,RB/FLEX,NO,4000.0,0.00%,0.0,4000
Adam Prentice,RB,RB/FLEX,NO,4000.0,0.00%,0.0,4000
Jordan Mims,RB,RB/FLEX,NO,4000.0,0.01%,0.0,4000
Adam Thielen,WR,WR/FLEX,CAR,4600.0,2.01%,3.2,4000
P.J. Walker,QB,QB,CLE,4800.0,0.00%,0.0,4000
Mason Rudolph,QB,QB,PIT,4000.0,,0.0,4000
Anthony McFarland Jr.,RB,RB/FLEX,PIT,4000.0,0.02%,3.1,4000
Alfonzo Graham,RB,RB/FLEX,PIT,4000.0,,0.0,4000
Zander Horvath,RB,RB/FLEX,PIT,4000.0,0.01%,0.0,4000
Qadree Ollison,RB,RB/FLEX,PIT,4000.0,0.00%,0.0,4000
Greg Bell,RB,RB/FLEX,PIT,4000.0,0.00%,0.0,4000
Pierre Strong Jr.,RB,RB/FLEX,CLE,4200.0,0.02%,0.0,4000
Hassan Hall,RB,RB/FLEX,CLE,4000.0,0.01%,0.0,4000
Elijah Moore,WR,WR/FLEX,CLE,3800.0,3.90%,9.2,4000
Hunter Renfrow,WR,WR/FLEX,LV,4600.0,0.64%,0.0,3900
Sam LaPorta,TE,TE/FLEX,DET,3800,,8.9,3900
Quentin Johnston,WR,WR/FLEX,LAC,4400.0,1.13%,2.9,3900
Jalin Hyatt,WR,WR/FLEX,NYG,3700,,0.0,3900
Broncos ,DST,DST,DEN,3600.0,1.11%,3.0,3900
DJ Chark Jr.,WR,WR/FLEX,CAR,3900.0,0.03%,0.0,3900
Tyler Boyd,WR,WR/FLEX,CIN,4100.0,2.26%,3.0,3800
Rashee Rice,WR,WR/FLEX,KC,3800,,11.6,3800
Giants ,DST,DST,NYG,2900,,-1.0,3800
Hunter Henry,TE,TE/FLEX,NE,3500.0,1.60%,16.6,3800
Mack Hollins,WR,WR/FLEX,ATL,3900.0,0.73%,6.1,3700
Khalil Shakir,WR,WR/FLEX,BUF,3200,,0.0,3700
Bills ,DST,DST,BUF,,,5.0,3700
Josh Reynolds,WR,WR/FLEX,DET,3300,,12.0,3700
Juwan Johnson,TE,TE/FLEX,NO,3900.0,5.74%,6.6,3700
Donovan Peoples-Jones,WR,WR/FLEX,CLE,4300.0,1.53%,2.2,3700
Pat Freiermuth,TE,TE/FLEX,PIT,4100.0,3.01%,7.3,3700
Marvin Jones Jr.,WR,WR/FLEX,DET,4200,,1.8,3600
John Metchie III,WR,WR/FLEX,HOU,3600.0,0.03%,0.0,3600
Texans ,DST,DST,HOU,2100.0,2.99%,8.0,3600
Greg Dulcich,TE,TE/FLEX,DEN,4000.0,2.12%,4.2,3600
Allen Robinson II,WR,WR/FLEX,PIT,3700.0,0.70%,11.4,3600
Alec Pierce,WR,WR/FLEX,IND,3800.0,0.92%,1.5,3500
Chargers ,DST,DST,LAC,3100.0,0.57%,0.0,3500
Parris Campbell,WR,WR/FLEX,NYG,3400,,1.2,3500
Zach Ertz,TE,TE/FLEX,ARI,3400.0,0.41%,8.1,3500
Marvin Mims Jr.,WR,WR/FLEX,DEN,3000.0,10.03%,2.9,3500
Ty Montgomery II,WR,WR/FLEX,NE,4400.0,0.09%,3.6,3500
Jonathan Mingo,WR,WR/FLEX,CAR,3200.0,2.98%,3.7,3500
Taysom Hill,TE,TE/FLEX,NO,3700.0,2.49%,0.4,3500
Jayden Reed,WR,WR/FLEX,GB,3000.0,7.54%,6.6,3400
DeAndre Carter,WR,WR/FLEX,LV,3300.0,0.01%,1.5,3400
Josh Downs,WR,WR/FLEX,IND,3100.0,0.40%,6.0,3400
Colts ,DST,DST,IND,2400.0,0.96%,11.0,3400
Richie James Jr.,WR,WR/FLEX,KC,4000,,1.6,3400
Noah Gray,TE,TE/FLEX,KC,2800,,6.1,3400
Trey Palmer,WR,WR/FLEX,TB,3000.0,0.36%,8.8,3400
Joshua Palmer,WR,WR/FLEX,LAC,4000.0,1.13%,1.4,3400
Randall Cobb,WR,WR/FLEX,NYJ,3400,,0.0,3400
Tyler Conklin,TE,TE/FLEX,NYJ,3300,,1.2,3400
Hayden Hurst,TE,TE/FLEX,CAR,3000.0,4.42%,15.1,3400
Steelers ,DST,DST,PIT,3000.0,1.79%,4.0,3400
Quez Watkins,WR,WR/FLEX,PHI,3400.0,0.19%,3.7,3300
Deonte Harty,WR,WR/FLEX,BUF,3000,,4.3,3300
Dalton Kincaid,TE,TE/FLEX,BUF,3100,,6.6,3300
Bengals ,DST,DST,CIN,2900.0,1.32%,7.0,3300
Justin Watson,WR,WR/FLEX,KC,3000,,6.5,3300
Nick Westbrook-Ikhine,WR,WR/FLEX,TEN,3200.0,0.09%,9.8,3300
Chig Okonkwo,TE,TE/FLEX,TEN,3800.0,1.68%,0.0,3300
Michael Wilson,WR,WR/FLEX,ARI,3000.0,0.11%,3.9,3300
Jake Ferguson,TE,TE/FLEX,DAL,3200,,3.1,3300
Terrace Marshall Jr.,WR,WR/FLEX,CAR,3400.0,0.45%,4.3,3300
Saints ,DST,DST,NO,3400.0,1.80%,10.0,3300
Calvin Austin III,WR,WR/FLEX,PIT,3000.0,0.05%,9.7,3300
Luke Musgrave,TE,TE/FLEX,GB,2900.0,5.94%,8.0,3200
Isaiah Likely,TE,TE/FLEX,BAL,3000.0,17.56%,1.4,3200
Irv Smith Jr.,TE,TE/FLEX,CIN,3600.0,1.92%,4.7,3200
Kalif Raymond,WR,WR/FLEX,DET,3000,,3.0,3200
Tank Dell,WR,WR/FLEX,HOU,3000.0,0.36%,6.4,3200
Chase Claypool,WR,WR/FLEX,CHI,3400.0,0.81%,0.0,3200
Buccaneers ,DST,DST,TB,2200.0,3.51%,9.0,3200
Jauan Jennings,WR,WR/FLEX,SF,3300.0,0.15%,0.0,3200
Braxton Berrios,WR,WR/FLEX,MIA,3000.0,0.16%,7.2,3200
Browns ,DST,DST,CLE,2600.0,2.03%,9.0,3200
Dawson Knox,TE,TE/FLEX,BUF,2900,,5.5,3100
Devin Duvernay,WR,WR/FLEX,BAL,3100.0,0.35%,0.0,3100
Chiefs ,DST,DST,KC,3300,,4.0,3100
Cade Otton,TE,TE/FLEX,TB,3300.0,1.36%,3.9,3100
Greg Dortch,WR,WR/FLEX,ARI,3500.0,0.40%,0.0,3100
Lil'Jordan Humphrey,WR,WR/FLEX,DEN,3000.0,0.00%,9.1,3100
Logan Thomas,TE,TE/FLEX,WAS,3200.0,1.81%,8.3,3100
Commanders ,DST,DST,WAS,2800.0,35.52%,11.0,3100
Demario Douglas,WR,WR/FLEX,NE,3000.0,0.07%,8.0,3100
River Cracraft,WR,WR/FLEX,MIA,3000.0,0.01%,13.0,3100
Dolphins ,DST,DST,MIA,2500.0,1.10%,2.0,3100
Laviska Shenault Jr.,WR,WR/FLEX,CAR,3100.0,0.25%,4.1,3100
Olamide Zaccheaus,WR,WR/FLEX,PHI,3000.0,0.04%,0.0,3000
Britain Covey,WR,WR/FLEX,PHI,3000.0,,0.0,3000
Charleston Rambo,WR,WR/FLEX,PHI,3000.0,,0.0,3000
Joseph Ngata,WR,WR/FLEX,PHI,3000.0,,0.0,3000
Greg Ward,WR,WR/FLEX,PHI,3000.0,,0.0,3000
Devon Allen,WR,WR/FLEX,PHI,3000.0,0.00%,0.0,3000
Jalen Nailor,WR,WR/FLEX,MIN,3000.0,0.03%,0.0,3000
Brandon Powell,WR,WR/FLEX,MIN,3000.0,0.00%,0.0,3000
Malik Knowles,WR,WR/FLEX,MIN,3000.0,,0.0,3000
Thayer Thomas,WR,WR/FLEX,MIN,3000.0,,0.0,3000
N'Keal Harry,WR,WR/FLEX,MIN,3000.0,0.00%,0.0,3000
Trishton Jackson,WR,WR/FLEX,MIN,3000.0,,0.0,3000
Eagles ,DST,DST,PHI,3700.0,4.28%,13.0,3000
Malik Heath,WR,WR/FLEX,GB,3000.0,0.06%,0.0,3000
Dontayvion Wicks,WR,WR/FLEX,GB,3000.0,0.03%,0.0,3000
Samori Toure,WR,WR/FLEX,GB,3000.0,0.04%,3.8,3000
Grant DuBose,WR,WR/FLEX,GB,3000.0,0.00%,0.0,3000
Bo Melton,WR,WR/FLEX,GB,3000.0,,0.0,3000
Scotty Miller,WR,WR/FLEX,ATL,3100.0,0.06%,0.0,3000
KhaDarel Hodge,WR,WR/FLEX,ATL,3000.0,0.00%,0.0,3000
Josh Ali,WR,WR/FLEX,ATL,3000.0,0.00%,0.0,3000
Penny Hart,WR,WR/FLEX,ATL,3000.0,0.00%,0.0,3000
C.J. Saunders,WR,WR/FLEX,ATL,3000.0,0.00%,0.0,3000
Zay Malone,WR,WR/FLEX,ATL,3000.0,0.00%,0.0,3000
Mathew Sexton,WR,WR/FLEX,ATL,3000.0,,0.0,3000
Packers ,DST,DST,GB,2800.0,3.52%,15.0,3000
Kristian Wilkerson,WR,WR/FLEX,LV,3000.0,0.00%,0.0,3000
Tre Tucker,WR,WR/FLEX,LV,3000.0,0.01%,0.0,3000
Keelan Cole Sr.,WR,WR/FLEX,LV,3000.0,0.00%,0.0,3000
Marquez Callaway,WR,WR/FLEX,LV,3100.0,0.02%,0.0,3000
Trent Sherfield,WR,WR/FLEX,BUF,3000,,0.0,3000
Justin Shorter,WR,WR/FLEX,BUF,3000,,0.0,3000
Marcell Ateman,WR,WR/FLEX,BUF,3000,,0.0,3000
Bryan Thompson,WR,WR/FLEX,BUF,3000,,0.0,3000
Andy Isabella,WR,WR/FLEX,BUF,3000,,0.0,3000
Tyrell Shavers,WR,WR/FLEX,BUF,3000,,0.0,3000
Nelson Agholor,WR,WR/FLEX,BAL,3000.0,0.06%,0.0,3000
Tylan Wallace,WR,WR/FLEX,BAL,3000.0,0.00%,0.0,3000
Sean Ryan,WR,WR/FLEX,BAL,3000.0,,0.0,3000
Laquon Treadwell,WR,WR/FLEX,BAL,3000.0,0.00%,0.0,3000
Trenton Irwin,WR,WR/FLEX,CIN,3000.0,0.04%,0.0,3000
Andrei Iosivas,WR,WR/FLEX,CIN,3000.0,0.01%,0.0,3000
Charlie Jones,WR,WR/FLEX,CIN,3000.0,0.00%,0.0,3000
Kwamie Lassiter II,WR,WR/FLEX,CIN,3000.0,0.00%,0.0,3000
Stanley Morgan,WR,WR/FLEX,CIN,3000.0,0.00%,0.0,3000
Shedrick Jackson,WR,WR/FLEX,CIN,3000.0,0.00%,0.0,3000
Jake Bobo,WR,WR/FLEX,SEA,3000.0,0.03%,0.0,3000
Cody Thompson,WR,WR/FLEX,SEA,3000.0,,0.0,3000
Dee Eskridge,WR,WR/FLEX,SEA,3000.0,,0.0,3000
Dareke Young,WR,WR/FLEX,SEA,3000.0,,0.0,3000
Ra'Shaun Henry,WR,WR/FLEX,SEA,3000.0,0.00%,0.0,3000
Matt Landers,WR,WR/FLEX,SEA,3000.0,,0.0,3000
Cade Johnson,WR,WR/FLEX,SEA,3000.0,,0.0,3000
Easop Winston Jr.,WR,WR/FLEX,SEA,3000.0,0.00%,0.0,3000
Antoine Green,WR,WR/FLEX,DET,3000,,0.0,3000
Jameson Williams,WR,WR/FLEX,DET,3000,,0.0,3000
Daurice Fountain,WR,WR/FLEX,DET,3000.0,,0.0,3000
Maurice Alexander,WR,WR/FLEX,DET,3000,,0.0,3000
Dylan Drummond,WR,WR/FLEX,DET,3000,,0.0,3000
Lions ,DST,DST,DET,2200,,9.0,3000
Isaiah McKenzie,WR,WR/FLEX,IND,3200.0,0.20%,0.0,3000
Juwann Winfree,WR,WR/FLEX,IND,3000.0,0.00%,0.0,3000
Ashton Dulin,WR,WR/FLEX,IND,3000.0,0.00%,0.0,3000
D.J. Montgomery,WR,WR/FLEX,IND,3000.0,0.00%,0.0,3000
Racey McMath,WR,WR/FLEX,IND,3000.0,0.00%,0.0,3000
Mike Strachan,WR,WR/FLEX,IND,3000.0,,0.0,3000
Amari Rodgers,WR,WR/FLEX,IND,3000.0,0.01%,0.0,3000
Noah Brown,WR,WR/FLEX,HOU,3000.0,0.06%,4.9,3000
Xavier Hutchinson,WR,WR/FLEX,HOU,3000.0,0.01%,1.9,3000
Jesse Matthews,WR,WR/FLEX,HOU,3000.0,,0.0,3000
Steven Sims Jr.,WR,WR/FLEX,HOU,3000.0,0.00%,0.0,3000
Johnny Johnson III,WR,WR/FLEX,HOU,3000.0,0.00%,0.0,3000
Lance McCutcheon,WR,WR/FLEX,HOU,3000.0,0.02%,0.0,3000
Kylen Granson,TE,TE/FLEX,IND,2900.0,0.65%,7.9,3000
Jamal Agnew,WR,WR/FLEX,JAX,3000.0,0.02%,-0.2,3000
Tim Jones,WR,WR/FLEX,JAX,3000.0,0.00%,0.0,3000
Elijah Cooks,WR,WR/FLEX,JAX,3000.0,,0.0,3000
Parker Washington,WR,WR/FLEX,JAX,3000.0,,0.0,3000
Jaylon Moore,WR,WR/FLEX,JAX,3000.0,,0.0,3000
Seth Williams,WR,WR/FLEX,JAX,3000.0,0.00%,0.0,3000
Jacob Harris,WR,WR/FLEX,JAX,3000.0,,0.0,3000
Justyn Ross,WR,WR/FLEX,KC,3000,,1.6,3000
Nikko Remigio,WR,WR/FLEX,KC,3000,,0.0,3000
Cornell Powell,WR,WR/FLEX,KC,3000,,0.0,3000
Montrell Washington,WR,WR/FLEX,KC,3000,,0.0,3000
Deven Thompkins,WR,WR/FLEX,TB,3000,0.00%,3.0,3000
Rakim Jarrett,WR,WR/FLEX,TB,3000,0.00%,0.0,3000
Russell Gage,WR,WR/FLEX,TB,3600,0.00%,0.0,3000
David Moore,WR,WR/FLEX,TB,3000,0.00%,0.0,3000
Cephus Johnson III,WR,WR/FLEX,TB,3000,0.00%,0.0,3000
Ryan Miller,WR,WR/FLEX,TB,3000,,0.0,3000
Equanimeous St. Brown,WR,WR/FLEX,CHI,3000.0,0.01%,0.0,3000
Tyler Scott,WR,WR/FLEX,CHI,3000.0,0.00%,3.4,3000
Velus Jones Jr.,WR,WR/FLEX,CHI,3000.0,0.00%,0.0,3000
Trent Taylor,WR,WR/FLEX,CHI,3000.0,0.01%,0.0,3000
Joe Reed,WR,WR/FLEX,CHI,3000.0,0.00%,0.0,3000
Nsimba Webster,WR,WR/FLEX,CHI,3000.0,0.01%,0.0,3000
Derius Davis,WR,WR/FLEX,LAC,3000.0,0.00%,1.5,3000
Jalen Guyton,WR,WR/FLEX,LAC,3000.0,,0.0,3000
Keelan Doss,WR,WR/FLEX,LAC,3000.0,,0.0,3000
Alex Erickson,WR,WR/FLEX,LAC,3000.0,0.00%,0.0,3000
Terrell Bynum,WR,WR/FLEX,LAC,3000.0,,0.0,3000
Chris Moore,WR,WR/FLEX,TEN,3000.0,0.02%,0.0,3000
Kearis Jackson,WR,WR/FLEX,TEN,3000.0,,0.0,3000
Colton Dowell,WR,WR/FLEX,TEN,3000.0,,0.0,3000
Kyle Philips,WR,WR/FLEX,TEN,3000.0,,0.0,3000
Tre'Shaun Harrison,WR,WR/FLEX,TEN,3000.0,0.00%,0.0,3000
Mason Kinsey,WR,WR/FLEX,TEN,3000.0,0.00%,0.0,3000
Zach Pascal,WR,WR/FLEX,ARI,3000.0,0.00%,0.0,3000
Andre Baccellia,WR,WR/FLEX,ARI,3000.0,,0.0,3000
Daniel Arias,WR,WR/FLEX,ARI,3000.0,,0.0,3000
Kaden Davis,WR,WR/FLEX,ARI,3000.0,,0.0,3000
Wan'Dale Robinson,WR,WR/FLEX,NYG,3000,,0.0,3000
Sterling Shepard,WR,WR/FLEX,NYG,3000,,0.0,3000
Bryce Ford-Wheaton,WR,WR/FLEX,NYG,3000,,0.0,3000
Cam Sims,WR,WR/FLEX,NYG,3000.0,,0.0,3000
Dennis Houston,WR,WR/FLEX,NYG,3000,,0.0,3000
Ray-Ray McCloud III,WR,WR/FLEX,SF,3000.0,0.00%,0.0,3000
Ronnie Bell,WR,WR/FLEX,SF,3000.0,0.02%,0.0,3000
Danny Gray,WR,WR/FLEX,SF,3000.0,0.00%,0.0,3000
Chris Conley,WR,WR/FLEX,SF,3000.0,0.00%,0.0,3000
Tay Martin,WR,WR/FLEX,SF,3000.0,0.00%,0.0,3000
Willie Snead IV,WR,WR/FLEX,SF,3000.0,0.00%,0.0,3000
Isaiah Winstead,WR,WR/FLEX,SF,3000.0,,0.0,3000
Ben Skowronek,WR,WR/FLEX,LAR,3200.0,0.44%,0.0,3000
Demarcus Robinson,WR,WR/FLEX,LAR,3000.0,0.04%,0.0,3000
Cooper Kupp,WR,WR/FLEX,LAR,8400.0,0.03%,0.0,3000
Xavier Smith,WR,WR/FLEX,LAR,3000.0,0.00%,0.0,3000
Austin Trammell,WR,WR/FLEX,LAR,3000.0,,0.0,3000
Tyler Johnson,WR,WR/FLEX,LAR,3000.0,0.00%,0.0,3000
Irvin Charles,WR,WR/FLEX,NYJ,3000,,0.0,3000
Jason Brownlee,WR,WR/FLEX,NYJ,3000,,0.0,3000
Xavier Gipson,WR,WR/FLEX,NYJ,3000,,6.0,3000
Jalen Tolbert,WR,WR/FLEX,DAL,3000,,0.0,3000
John Stephens Jr.,WR,WR/FLEX,DAL,3000,,0.0,3000
KaVontae Turpin,WR,WR/FLEX,DAL,3000,,10.5,3000
Jalen Brooks,WR,WR/FLEX,DAL,3000,,0.0,3000
David Durden,WR,WR/FLEX,DAL,3000,,0.0,3000
Jalen Cropper,WR,WR/FLEX,DAL,3000,,0.0,3000
Tyron Billy-Johnson,WR,WR/FLEX,DAL,3000,,0.0,3000
Dyami Brown,WR,WR/FLEX,WAS,3000.0,0.05%,0.0,3000
Byron Pringle,WR,WR/FLEX,WAS,3000.0,0.02%,0.0,3000
Jamison Crowder,WR,WR/FLEX,WAS,,,0.0,3000
Mitchell Tinsley,WR,WR/FLEX,WAS,3000.0,0.00%,0.0,3000
Dax Milne,WR,WR/FLEX,WAS,3000.0,,0.0,3000
Kazmeir Allen,WR,WR/FLEX,WAS,3000.0,0.00%,0.0,3000
Brycen Tremayne,WR,WR/FLEX,WAS,3000.0,,0.0,3000
Brandon Johnson,WR,WR/FLEX,DEN,3000.0,0.01%,5.1,3000
Phillip Dorsett II,WR,WR/FLEX,DEN,3000.0,0.05%,0.0,3000
Tim Patrick,WR,WR/FLEX,DEN,3400.0,0.00%,0.0,3000
Jalen Virgil,WR,WR/FLEX,DEN,3000.0,,0.0,3000
David Sills V,WR,WR/FLEX,DEN,3000.0,0.00%,0.0,3000
Adam Trautman,TE,TE/FLEX,DEN,2500.0,0.41%,8.4,3000
Robbie Chosen,WR,WR/FLEX,MIA,3300.0,0.00%,0.0,3000
Kayshon Boutte,WR,WR/FLEX,NE,3000.0,0.02%,0.0,3000
Matthew Slater,WR,WR/FLEX,NE,3000.0,0.00%,0.0,3000
Tyquan Thornton,WR,WR/FLEX,NE,3000.0,0.00%,0.0,3000
Tre Nixon,WR,WR/FLEX,NE,3000.0,,0.0,3000
Jalen Reagor,WR,WR/FLEX,NE,3000.0,0.01%,0.0,3000
T.J. Luther,WR,WR/FLEX,NE,3000.0,,0.0,3000
Cedrick Wilson Jr.,WR,WR/FLEX,MIA,3000.0,0.02%,0.0,3000
Erik Ezukanma,WR,WR/FLEX,MIA,3000.0,0.00%,1.7,3000
Raleigh Webb,WR,WR/FLEX,MIA,3000.0,0.01%,0.0,3000
Braylon Sanders,WR,WR/FLEX,MIA,3000.0,,0.0,3000
Mike Gesicki,TE,TE/FLEX,NE,3200.0,0.68%,6.6,3000
Ihmir Smith-Marsette,WR,WR/FLEX,CAR,3000.0,0.01%,0.0,3000
Derek Wright,WR,WR/FLEX,CAR,3000.0,0.00%,0.0,3000
Dezmon Patmon,WR,WR/FLEX,CAR,,,0.0,3000
Tre'Quan Smith,WR,WR/FLEX,NO,3200.0,0.00%,0.0,3000
Kirk Merritt,WR,WR/FLEX,NO,3000.0,0.02%,0.0,3000
Keith Kirkwood,WR,WR/FLEX,NO,3000.0,0.00%,0.0,3000
A.T. Perry,WR,WR/FLEX,NO,3000.0,0.01%,0.0,3000
Lynn Bowden Jr.,WR,WR/FLEX,NO,3000.0,,0.0,3000
Jontre Kirklin,WR,WR/FLEX,NO,3000.0,,0.0,3000
Shaq Davis,WR,WR/FLEX,NO,3000.0,,0.0,3000
Cedric Tillman,WR,WR/FLEX,CLE,3200.0,0.08%,0.0,3000
Miles Boykin,WR,WR/FLEX,PIT,3000.0,,0.0,3000
Gunner Olszewski,WR,WR/FLEX,PIT,3000.0,0.00%,0.0,3000
Simi Fehoko,WR,WR/FLEX,PIT,3000.0,,0.0,3000
Dez Fitzpatrick,WR,WR/FLEX,PIT,3000.0,0.00%,0.0,3000
Marquise Goodwin,WR,WR/FLEX,CLE,3000.0,0.04%,0.0,3000
David Bell,WR,WR/FLEX,CLE,3000.0,0.00%,0.0,3000
Michael Woods II,WR,WR/FLEX,CLE,3000.0,,0.0,3000
Jakeem Grant Sr.,WR,WR/FLEX,CLE,3000.0,,0.0,3000
Anthony Schwartz,WR,WR/FLEX,CLE,3000.0,,0.0,3000
Jaelon Darden,WR,WR/FLEX,CLE,3000.0,0.00%,0.0,3000
Austin Watkins Jr.,WR,WR/FLEX,CLE,3000.0,0.00%,0.0,3000
Falcons ,DST,DST,ATL,3200.0,2.95%,12.0,2900
Noah Fant,TE,TE/FLEX,SEA,3100.0,1.43%,0.0,2900
Seahawks ,DST,DST,SEA,3300.0,4.05%,1.0,2900
Donald Parham Jr.,TE,TE/FLEX,LAC,2600.0,0.16%,11.1,2900
Durham Smythe,TE,TE/FLEX,MIA,2800.0,0.73%,7.4,2900
Panthers ,DST,DST,CAR,2600.0,1.70%,4.0,2900
Austin Hooper,TE,TE/FLEX,LV,3000.0,0.54%,3.0,2800
Ravens ,DST,DST,BAL,4000.0,6.61%,11.0,2800
Will Dissly,TE,TE/FLEX,SEA,2600.0,0.24%,3.7,2800
Bears ,DST,DST,CHI,2900.0,2.14%,0.0,2800
Trey McBride,TE,TE/FLEX,ARI,3100.0,0.29%,4.3,2800
Daniel Bellinger,TE,TE/FLEX,NYG,2600,,1.1,2800
C.J. Uzomah,TE,TE/FLEX,NYJ,2600,,0.0,2800
Patriots ,DST,DST,NE,2700.0,1.64%,6.0,2800
Josh Oliver,TE,TE/FLEX,MIN,2500.0,0.03%,6.2,2700
Michael Mayer,TE,TE/FLEX,LV,2800.0,0.60%,0.0,2700
Brock Wright,TE,TE/FLEX,DET,2800,,3.7,2700
Blake Bell,TE,TE/FLEX,KC,2500,,9.2,2700
Robert Tonyan,TE,TE/FLEX,CHI,3100.0,0.11%,0.0,2700
Jets ,DST,DST,NYJ,2500,,20.0,2700
Darnell Washington,TE,TE/FLEX,PIT,2500.0,0.04%,0.0,2700
Connor Heyward,TE,TE/FLEX,PIT,2500.0,0.02%,3.9,2700
Vikings ,DST,DST,MIN,3900.0,1.09%,2.0,2600
Cardinals ,DST,DST,ARI,2500.0,2.30%,19.0,2600
Brycen Hopkins,TE,TE/FLEX,LAR,2800.0,0.03%,3.1,2600
Peyton Hendershot,TE,TE/FLEX,DAL,2500,,0.0,2600
Luke Schoonmaker,TE,TE/FLEX,DAL,2700,,0.0,2600
Jordan Akins,TE,TE/FLEX,CLE,2600.0,0.34%,2.2,2600
Harrison Bryant,TE,TE/FLEX,CLE,2500.0,0.02%,8.5,2600
Jack Stoll,TE,TE/FLEX,PHI,2500.0,0.00%,0.0,2500
Albert Okwuegbunam,TE,TE/FLEX,PHI,2700.0,0.04%,0.0,2500
Grant Calcaterra,TE,TE/FLEX,PHI,2500.0,,0.0,2500
Brady Russell,TE,TE/FLEX,PHI,2500.0,,0.0,2500
Johnny Mundt,TE,TE/FLEX,MIN,2500.0,0.00%,0.0,2500
Nick Muse,TE,TE/FLEX,MIN,2500.0,0.00%,0.0,2500
Andrew DePaola,TE,TE/FLEX,MIN,2500.0,,0.0,2500
Josiah Deguara,TE,TE/FLEX,GB,2500.0,0.01%,0.0,2500
Tucker Kraft,TE,TE/FLEX,GB,2500.0,0.01%,0.0,2500
Ben Sims,TE,TE/FLEX,GB,2500.0,,0.0,2500
Tyler Davis,TE,TE/FLEX,GB,2500.0,,0.0,2500
Austin Allen,TE,TE/FLEX,GB,2500.0,,0.0,2500
Jonnu Smith,TE,TE/FLEX,ATL,2700.0,0.05%,0.0,2500
MyCole Pruitt,TE,TE/FLEX,ATL,2500.0,0.02%,0.0,2500
Parker Hesse,TE,TE/FLEX,ATL,2500.0,0.00%,0.0,2500
John FitzPatrick,TE,TE/FLEX,ATL,2500.0,0.00%,0.0,2500
Feleipe Franks,TE,TE/FLEX,ATL,2500.0,,0.0,2500
Tucker Fisk,TE,TE/FLEX,ATL,2500.0,0.00%,0.0,2500
Jesper Horsted,TE,TE/FLEX,LV,2500.0,0.00%,0.0,2500
Cole Fotheringham,TE,TE/FLEX,LV,2500.0,0.01%,0.0,2500
John Samuel Shenker,TE,TE/FLEX,LV,2500.0,,0.0,2500
Quintin Morris,TE,TE/FLEX,BUF,2500,,0.0,2500
Zach Davidson,TE,TE/FLEX,BUF,2500,,0.0,2500
Joel Wilson,TE,TE/FLEX,BUF,2500,,0.0,2500
Charlie Kolar,TE,TE/FLEX,BAL,2500.0,0.08%,0.0,2500
Tyler Ott,TE,TE/FLEX,BAL,2500.0,0.00%,0.0,2500
Travis Vokolek,TE,TE/FLEX,BAL,2500.0,0.00%,0.0,2500
Drew Sample,TE,TE/FLEX,CIN,2500.0,0.01%,0.0,2500
Mitchell Wilcox,TE,TE/FLEX,CIN,2500.0,0.01%,0.0,2500
Cal Adomitis,TE,TE/FLEX,CIN,2500.0,,0.0,2500
Tanner Hudson,TE,TE/FLEX,CIN,2500.0,0.00%,0.0,2500
Zach Gentry,TE,TE/FLEX,CIN,2500.0,0.00%,0.0,2500
Colby Parkinson,TE,TE/FLEX,SEA,2500.0,0.02%,1.8,2500
Tyler Mabry,TE,TE/FLEX,SEA,2500.0,0.00%,0.0,2500
James Mitchell,TE,TE/FLEX,DET,2500,,0.0,2500
Shane Zylstra,TE,TE/FLEX,DET,2500,,0.0,2500
Darrell Daniels,TE,TE/FLEX,DET,2500,,0.0,2500
Mo Alie-Cox,TE,TE/FLEX,IND,2500.0,0.11%,0.0,2500
Drew Ogletree,TE,TE/FLEX,IND,2500.0,0.00%,3.0,2500
Will Mallory,TE,TE/FLEX,IND,2500.0,0.01%,0.0,2500
Jelani Woods,TE,TE/FLEX,IND,3200.0,0.00%,0.0,2500
Teagan Quitoriano,TE,TE/FLEX,HOU,2500.0,0.01%,2.1,2500
Brevin Jordan,TE,TE/FLEX,HOU,2500.0,0.00%,0.0,2500
Dalton Keene,TE,TE/FLEX,HOU,2500.0,,0.0,2500
Luke Farrell,TE,TE/FLEX,JAX,2500.0,0.00%,0.0,2500
Brenton Strange,TE,TE/FLEX,JAX,2500.0,0.01%,0.0,2500
Leonard Taylor,TE,TE/FLEX,JAX,2500.0,,0.0,2500
Josh Pederson,TE,TE/FLEX,JAX,2500.0,,0.0,2500
Jody Fortson,TE,TE/FLEX,KC,2500,,0.0,2500
Gerrit Prince,TE,TE/FLEX,KC,2500.0,,0.0,2500
James Winchester,TE,TE/FLEX,KC,2500,,0.0,2500
Matt Bushman,TE,TE/FLEX,KC,2500,,0.0,2500
Jaguars ,DST,DST,JAX,3500.0,6.18%,11.0,2500
Ko Kieft,TE,TE/FLEX,TB,2500.0,0.01%,0.0,2500
Payne Durham,TE,TE/FLEX,TB,2500.0,0.00%,0.0,2500
David Wells,TE,TE/FLEX,TB,2500.0,,0.0,2500
Tanner Taula,TE,TE/FLEX,TB,2500.0,,0.0,2500
Marcedes Lewis,TE,TE/FLEX,CHI,2500.0,0.01%,0.0,2500
Stephen Carlson,TE,TE/FLEX,CHI,2500.0,0.00%,0.0,2500
Patrick Scales,TE,TE/FLEX,CHI,2500.0,,0.0,2500
Tre' McKitty,TE,TE/FLEX,LAC,2500.0,0.00%,0.0,2500
Stone Smartt,TE,TE/FLEX,LAC,2500.0,0.00%,0.0,2500
Hunter Kampmoyer,TE,TE/FLEX,LAC,2500.0,,0.0,2500
Nick Vannett,TE,TE/FLEX,LAC,2500.0,0.01%,0.0,2500
Trevon Wesco,TE,TE/FLEX,TEN,2500.0,0.00%,0.0,2500
Josh Whyle,TE,TE/FLEX,TEN,2500.0,,0.0,2500
Thomas Odukoya,TE,TE/FLEX,TEN,2500.0,,0.0,2500
Kevin Rader,TE,TE/FLEX,TEN,2500.0,,0.0,2500
Geoff Swaim,TE,TE/FLEX,ARI,2500.0,,0.0,2500
Bernhard Seikovits,TE,TE/FLEX,ARI,2500.0,0.00%,0.0,2500
Blake Whiteheart,TE,TE/FLEX,ARI,2500.0,0.00%,0.0,2500
Lawrence Cager,TE,TE/FLEX,NYG,2500,,3.7,2500
Tommy Sweeney,TE,TE/FLEX,NYG,2500,,0.0,2500
Tyree Jackson,TE,TE/FLEX,NYG,2500.0,,0.0,2500
Ryan Jones,TE,TE/FLEX,NYG,2500,,0.0,2500
Charlie Woerner,TE,TE/FLEX,SF,2500.0,0.01%,0.0,2500
Ross Dwelley,TE,TE/FLEX,SF,2500.0,0.01%,0.0,2500
Brayden Willis,TE,TE/FLEX,SF,2500.0,0.00%,0.0,2500
Cameron Latu,TE,TE/FLEX,SF,2500.0,,0.0,2500
Troy Fumagalli,TE,TE/FLEX,SF,2500.0,0.00%,0.0,2500
Davis Allen,TE,TE/FLEX,LAR,2500.0,0.01%,0.0,2500
Hunter Long,TE,TE/FLEX,LAR,2500.0,,0.0,2500
Nikola Kalinic,TE,TE/FLEX,LAR,2500.0,0.00%,0.0,2500
Jeremy Ruckert,TE,TE/FLEX,NYJ,2500,,0.0,2500
Kenny Yeboah,TE,TE/FLEX,NYJ,2500,,0.0,2500
Zack Kuntz,TE,TE/FLEX,NYJ,2500,,0.0,2500
Princeton Fant,TE,TE/FLEX,DAL,2500,,0.0,2500
Sean McKeon,TE,TE/FLEX,DAL,2500,,0.0,2500
John Bates,TE,TE/FLEX,WAS,2500.0,0.01%,0.0,2500
Cole Turner,TE,TE/FLEX,WAS,2500.0,0.16%,2.7,2500
Curtis Hodges,TE,TE/FLEX,WAS,2500.0,,0.0,2500
Kaden Smith,TE,TE/FLEX,WAS,2500.0,,0.0,2500
Armani Rogers,TE,TE/FLEX,WAS,2500.0,,0.0,2500
Brandon Dillon,TE,TE/FLEX,WAS,2500.0,,0.0,2500
Chris Manhertz,TE,TE/FLEX,DEN,2500.0,,0.0,2500
Nate Adkins,TE,TE/FLEX,DEN,2500.0,0.00%,0.0,2500
Lucas Krull,TE,TE/FLEX,DEN,2500.0,0.01%,0.0,2500
Mitchell Fraboni,TE,TE/FLEX,DEN,2500.0,,0.0,2500
Pharaoh Brown,TE,TE/FLEX,NE,2500.0,0.01%,0.0,2500
Matt Sokol,TE,TE/FLEX,NE,2500.0,0.00%,0.0,2500
Tyler Kroft,TE,TE/FLEX,MIA,2500.0,0.01%,0.0,2500
Julian Hill,TE,TE/FLEX,MIA,2500.0,0.00%,0.0,2500
Tanner Conner,TE,TE/FLEX,MIA,2500.0,,0.0,2500
Nick Bowers,TE,TE/FLEX,MIA,2500.0,0.00%,0.0,2500
Ian Thomas,TE,TE/FLEX,CAR,2500.0,0.03%,0.0,2500
Tommy Tremble,TE,TE/FLEX,CAR,2500.0,0.02%,0.0,2500
Giovanni Ricci,TE,TE/FLEX,CAR,2500.0,0.00%,1.2,2500
Stephen Sullivan,TE,TE/FLEX,CAR,2500.0,0.00%,0.0,2500
Foster Moreau,TE,TE/FLEX,NO,2700.0,0.16%,0.0,2500
Jimmy Graham,TE,TE/FLEX,NO,2500.0,0.07%,0.0,2500
Tommy Hudson,TE,TE/FLEX,NO,2500.0,,0.0,2500
Zach Wood,TE,TE/FLEX,NO,2500.0,,0.0,2500
Rodney Williams II,TE,TE/FLEX,PIT,2500.0,0.00%,0.0,2500
Zaire Mitchell-Paden,TE,TE/FLEX,CLE,2500.0,0.00%,0.0,2500
Titans ,DST,DST,TEN,2600.0,1.33%,9.0,2400
Rams ,DST,DST,LAR,2700.0,0.54%,6.0,2300
Raiders ,DST,DST,LV,2300.0,6.53%,3.0,2200
