Player,Team,Pos,Injury,Status,Est. Return
Israel Abanikanda,NYJ,RB,Coach's Decision,Inactive,9/24/2023
Andrew Adams,FA,S,Knee,Questionable,9/24/2023
Davante Adams,LV,WR,Concussion,Questionable,9/24/2023
Jamal Adams,SEA,S,Knee,Inactive,9/24/2023
Tony Adams,NYJ,S,Hamstring,Questionable,9/24/2023
Adetomiwa Adebawore,IND,DT,Coach's Decision,Inactive,9/24/2023
Salvon Ahmed,MIA,RB,Groin,Questionable,9/24/2023
Cam Akers,LAR,RB,Coach's Decision,Inactive,9/25/2023
Otaro Alaka,FA,LB,Undisclosed,Questionable,9/24/2023
Christian Albright,FA,LB,Undisclosed,Questionable,9/24/2023
Mackensie Alexander,FA,CB,Undisclosed,Questionable,9/24/2023
Josh Ali,ATL,WR,Coach's Decision,Inactive,9/24/2023
Brandon Allen,SF,QB,Coach's Decision,Inactive,9/21/2023
Chase Allen,FA,TE,Undisclosed,Questionable,9/24/2023
Christopher Allen,FA,LB,Groin,Questionable,9/24/2023
Josh Allen,JAX,LB,Shoulder,Questionable,9/24/2023
Torrence Allen,FA,WR,Undisclosed,Questionable,10/8/2023
Jaquan Amos,FA,S,Undisclosed,Questionable,9/24/2023
Bradlee Anae,NYJ,DE,Undisclosed,IR,2/12/2024
Troy Andersen,ATL,LB,Concussion,Inactive,9/24/2023
Alec Anderson,BUF,OT,Coach's Decision,Inactive,9/24/2023
Darius Anderson,FA,RB,Knee,Questionable,9/24/2023
Henry Anderson,CAR,DE,Foot,IR,2/12/2024
Jack Anderson,FA,OG,Undisclosed,Out,10/15/2023
Zayne Anderson,GB,S,Coach's Decision,Inactive,9/24/2023
Ezekiel Ansah,FA,DE,Biceps,Questionable,9/24/2023
Troy Apke,WAS,CB,Shoulder,IR,2/12/2024
Terron Armstead,MIA,OT,Leg,Inactive,9/24/2023
Cornell Armstrong,FA,CB,Hamstring,Questionable,9/24/2023
Damon Arnette,FA,CB,Suspension,Reserve-Sus,9/28/2023
Jaytlin Askew,FA,CB,Quadriceps,Questionable,9/24/2023
Alex Austin,HOU,CB,Coach's Decision,Inactive,9/24/2023
Anthony Averett,FA,CB,Undisclosed,Questionable,9/24/2023
C. J. Avery,FA,LB,Undisclosed,Questionable,9/24/2023
Genard Avery,IND,DE,Knee - Meniscus,IR,2/12/2024
Alex Bachman,FA,WR,Oblique,Questionable,9/24/2023
David Bada,WAS,DT,Triceps,IR,2/12/2024
Tyson Bagent,CHI,QB,Coach's Decision,Inactive,9/24/2023
Budda Baker,ARI,S,Hamstring,Inactive,9/24/2023
David Bakhtiari,GB,OT,Knee,Inactive,9/24/2023
Daylen Baldwin,FA,WR,Hamstring,Questionable,9/24/2023
Josh Ball,DAL,OT,Hip,IR,2/12/2024
Matt Barkley,FA,QB,Elbow,Questionable,9/24/2023
Saquon Barkley,NYG,RB,Ankle,Questionable,9/21/2023
Zaire Barnes,NYJ,LB,Coach's Decision,Inactive,9/24/2023
Evan Baylis,FA,TE,Ankle,Questionable,9/24/2023
Robert Beal,SF,DE,Hamstring,IR,10/8/2023
Cole Beasley,FA,WR,Leg,Out,10/8/2023
Abraham Beauplan,FA,LB,Undisclosed,Questionable,9/24/2023
Willie Beavers,FA,OG,Undisclosed,Questionable,9/24/2023
Nate Becker,FA,TE,Undisclosed,Questionable,9/24/2023
Odell Beckham,BAL,WR,Ankle,Questionable,9/24/2023
B.J. Bello,FA,LB,Ankle,Questionable,9/24/2023
Eno Benjamin,NO,RB,Achilles,IR,2/12/2024
Stetson Bennett,LAR,QB,Illness,NFI-R,10/15/2023
Jarrick Bernard-Converse,NYJ,CB,Foot,PUP-R,10/8/2023
Jared Bernhardt,ATL,WR,Groin,Reserve-Ret,2/12/2024
Rashod Berry,FA,DE,Suspension,Reserve-Sus,2/12/2024
Stanley Berryhill,FA,WR,Suspension,Reserve-Sus,10/22/2023
Josh Blackwell,CHI,CB,Hamstring,Inactive,9/24/2023
Chris Blair,FA,WR,Undisclosed,Questionable,9/24/2023
Marquise Blair,FA,S,Undisclosed,Questionable,9/24/2023
Reed Blankenship,PHI,S,Ribs,Inactive,9/25/2023
Amani Bledsoe,FA,DE,Suspension,Reserve-Sus,1/7/2024
Joey Blount,FA,S,Shoulder,Questionable,9/24/2023
C.J. Board,FA,WR,Ribs,Questionable,9/24/2023
Isaiah Bolden,NE,CB,Concussion,IR,2/12/2024
Devante Bond,FA,LB,Knee,Questionable,9/24/2023
Mike Boone,HOU,RB,Coach's Decision,Inactive,9/24/2023
Breon Borders,FA,CB,Suspension,Reserve-Sus,9/24/2023
Jon Bostic,FA,LB,Pectoral,Questionable,9/24/2023
Kayshon Boutte,NE,WR,Coach's Decision,Inactive,9/24/2023
Tyus Bowser,BAL,LB,Knee,NFI-R,10/8/2023
James Bradberry,PHI,CB,Concussion,Inactive,9/25/2023
Garrett Bradbury,MIN,C,Back,Inactive,9/24/2023
Ben Braden,FA,OG,Undisclosed,Questionable,9/24/2023
Ja'Marcus Bradley,FA,WR,Undisclosed,Questionable,9/24/2023
Shaun Bradley,PHI,LB,Achilles,IR,2/12/2024
Ben Bredeson,NYG,OG,Concussion,Questionable,9/21/2023
Julius Brents,IND,CB,Coach's Decision,Inactive,9/24/2023
Shemar Bridges,FA,WR,Knee,Questionable,9/24/2023
Beau Brinkley,FA,C,Undisclosed,Questionable,9/24/2023
Curtis Brooks,WAS,DT,Undisclosed,IR,2/12/2024
Ben Brown,SEA,OG,Coach's Decision,Inactive,9/24/2023
Brittain Brown,LV,RB,Undisclosed,IR,2/12/2024
Daniel Brown,FA,TE,Hip,Questionable,9/24/2023
Jayon Brown,FA,LB,Hand,Questionable,9/24/2023
Mike Brown,FA,OG,Undisclosed,Questionable,9/24/2023
Noah Brown,HOU,WR,Groin,IR,10/15/2023
Shakel Brown,TEN,DT,Ankle,IR,2/12/2024
Shakur Brown,FA,CB,Undisclosed,Questionable,9/24/2023
Trent Brown,NE,OT,Concussion,Inactive,9/24/2023
Troy Brown,FA,LB,Undisclosed,Questionable,9/24/2023
Baron Browning,DEN,LB,Knee,PUP-R,10/8/2023
Jason Brownlee,NYJ,WR,Coach's Decision,Inactive,9/24/2023
Hunter Bryant,FA,TE,Undisclosed,Questionable,9/24/2023
Isaiah Buggs,DET,DT,Coach's Decision,Inactive,9/24/2023
Bryan Bulaga,FA,OT,Back,Questionable,9/24/2023
LaTrell Bumphus,SEA,DT,Undisclosed,IR,2/12/2024
Ian Bunting,FA,TE,Neck,Questionable,9/24/2023
Amari Burney,LV,LB,Coach's Decision,Inactive,9/24/2023
Joe Burrow,CIN,QB,Calf,Questionable,9/25/2023
Devin Bush,SEA,LB,Shoulder,Inactive,9/24/2023
Darien Butler,LV,LB,Undisclosed,IR,2/12/2024
Hakeem Butler,FA,WR,Undisclosed,Questionable,9/24/2023
Vernon Butler,FA,DT,Undisclosed,Questionable,9/24/2023
Akial Byers,FA,DT,Undisclosed,Questionable,9/24/2023
Damiere Byrd,FA,WR,Hamstring,Questionable,9/24/2023
Lawrence Cager,NYG,TE,Coach's Decision,Inactive,9/21/2023
Yodny Cajuste,FA,OT,Undisclosed,Questionable,9/24/2023
Elijah Campbell,MIA,S,Knee,Inactive,9/24/2023
Ibraheim Campbell,FA,S,Ankle,Questionable,9/24/2023
Marcus Cannon,FA,OT,Concussion,Questionable,9/24/2023
Trenton Cannon,FA,RB,Knee,Questionable,9/24/2023
Dylan Cantrell,FA,TE,Undisclosed,Questionable,9/24/2023
Jackson Carman,CIN,OT,Coach's Decision,Inactive,9/25/2023
Patrick Carr,FA,RB,Undisclosed,Questionable,9/24/2023
Andre Carter,MIN,LB,Coach's Decision,Inactive,9/24/2023
Jamal Carter,FA,S,Undisclosed,Questionable,9/24/2023
Michael Carter,NYJ,CB,Elbow,Questionable,9/24/2023
Jerome Carvin,FA,C,Undisclosed,Questionable,9/24/2023
Quintez Cephus,FA,WR,Suspension,Reserve-Sus,2/12/2024
Sean Chandler,FA,S,Suspension,Reserve-Sus,9/24/2023
DJ Chark,CAR,WR,Hamstring,Questionable,9/18/2023
Taco Charlton,FA,DE,Undisclosed,Questionable,9/24/2023
Brady Christensen,CAR,OG,Biceps,IR,2/12/2024
DeMarcus Christmas,FA,DT,Undisclosed,Questionable,9/24/2023
Chuck Clark,NYJ,S,Knee - ACL,IR,2/12/2024
Darius Clark,FA,RB,Knee,Questionable,9/24/2023
Frank Clark,DEN,LB,Hip,Inactive,9/24/2023
Chris Claybrooks,JAX,CB,Undisclosed,Reserve-CEL,2/12/2024
Tyrie Cleveland,FA,WR,Concussion,Questionable,9/24/2023
Keondre Coburn,KC,DT,Coach's Decision,Inactive,9/24/2023
Devin Cochran,CIN,OT,Knee,IR,2/12/2024
Adrian Colbert,FA,S,Undisclosed,Questionable,9/24/2023
L.J. Collier,ARI,DE,Biceps,IR,10/15/2023
La'el Collins,FA,OT,Knee - ACL + MCL,Questionable,9/24/2023
Tom Compton,FA,OT,Back,Questionable,9/24/2023
Jack Conklin,CLE,OT,Knee - ACL + MCL,IR,2/12/2024
Gareon Conley,FA,CB,Ankle,Questionable,9/24/2023
Ryan Connelly,FA,LB,Knee,Out,10/15/2023
Cody Conway,FA,OT,Knee - ACL,Questionable,9/24/2023
Brandin Cooks,DAL,WR,Knee - MCL,Inactive,9/24/2023
Elijah Cooks,JAX,WR,Coach's Decision,Inactive,9/24/2023
Amari Cooper,CLE,WR,Groin,Questionable,9/18/2023
Austin Corbett,CAR,OG,Knee - ACL,PUP-R,10/8/2023
Cody Core,FA,WR,Undisclosed,Questionable,9/24/2023
Matt Corral,NE,QB,Personal,Reserve-Ex,9/24/2023
Chase Cota,FA,WR,Undisclosed,Questionable,9/24/2023
Jeff Cotton,FA,WR,Undisclosed,Questionable,9/24/2023
Nathan Cottrell,FA,RB,Undisclosed,Questionable,9/24/2023
Brenton Cox,GB,LB,Coach's Decision,Inactive,9/24/2023
Kekoa Crawford,FA,WR,Undisclosed,Questionable,9/24/2023
Xavier Crawford,FA,CB,Hamstring,Questionable,9/24/2023
Tyrell Crosby,FA,OT,Back,Questionable,9/24/2023
Charles Cross,SEA,OT,Toe,Inactive,9/24/2023
Keion Crossen,MIA,CB,Undisclosed,IR,2/12/2024
Isaiah Crowell,FA,RB,Achilles,Questionable,9/24/2023
McClendon Curtis,SEA,OG,Coach's Decision,Inactive,9/24/2023
Dominique Dafney,FA,TE,Undisclosed,Questionable,9/24/2023
Dennis Daley,ARI,OT,Ankle,IR,10/8/2023
Tae Daley,FA,S,Undisclosed,Questionable,9/24/2023
Jalen Dalton,FA,DT,Undisclosed,Questionable,9/24/2023
Braeden Daniels,WAS,OT,Shoulder,IR,2/12/2024
Frank Darby,FA,WR,Undisclosed,Questionable,9/24/2023
Christian Darrisaw,MIN,OT,Ankle,Questionable,9/24/2023
Marcus Davenport,MIN,LB,Ankle,Questionable,9/24/2023
Zach Davidson,BUF,TE,Undisclosed,IR,2/12/2024
Carlton Davis,TB,CB,Toe,Inactive,9/24/2023
Cody Davis,NE,S,Knee,PUP-R,10/8/2023
Corey Davis,FA,WR,Personal,Reserve-Ret,2/12/2024
Daewood Davis,FA,WR,Concussion,Questionable,9/24/2023
Jarrad Davis,NYG,LB,Knee,IR,2/12/2024
Kalia Davis,SF,DT,Coach's Decision,Inactive,9/21/2023
Nate Davis,CHI,OG,Personal,Inactive,9/24/2023
Quartney Davis,FA,WR,Shoulder,Questionable,9/24/2023
Shawn Davis,FA,S,Abdomen,Questionable,9/24/2023
Tyler Davis,GB,TE,Knee,IR,2/12/2024
Wyatt Davis,NYG,OG,Ankle,IR,2/12/2024
Tyrion Davis-Price,SF,RB,Coach's Decision,Inactive,9/21/2023
Duke Dawson,FA,CB,Undisclosed,Questionable,9/24/2023
Nakobe Dean,PHI,LB,Foot,IR,10/15/2023
Dylan Deatherage,FA,OT,Undisclosed,Questionable,9/24/2023
Dawson Deaton,CLE,OG,Knee - ACL,IR,2/12/2024
Taylor Decker,DET,OT,Ankle,Inactive,9/24/2023
SirVocea Dennis,TB,LB,Hamstring,Inactive,9/24/2023
Brandon Dillon,WAS,TE,Undisclosed,IR,2/12/2024
J.K. Dobbins,BAL,RB,Achilles,IR,2/12/2024
JoJo Domann,FA,LB,Concussion,Questionable,9/24/2023
Myles Dorn,FA,S,Undisclosed,Questionable,9/24/2023
Khalil Dorsey,DET,CB,Illness,IR,10/15/2023
Kevin Dotson,LAR,OG,Coach's Decision,Inactive,9/25/2023
Andrew Dowell,NO,LB,Knee - ACL,IR,2/12/2024
Colton Dowell,TEN,WR,Coach's Decision,Inactive,9/24/2023
Tommy Doyle,BUF,OT,Knee,IR,2/12/2024
Dakota Dozier,FA,OG,Knee - ACL,Questionable,9/24/2023
Josh Drayden,FA,CB,Undisclosed,Questionable,9/24/2023
Greg Dulcich,DEN,TE,Hamstring,IR,10/12/2023
Ashton Dulin,IND,WR,Knee - ACL,IR,2/12/2024
Yasir Durant,FA,OG,Undisclosed,Questionable,9/24/2023
David Durden,DAL,WR,Knee - ACL,IR,2/12/2024
Payne Durham,TB,TE,Coach's Decision,Inactive,9/24/2023
Nate Ebner,FA,S,Ankle,Questionable,9/24/2023
Trestan Ebner,FA,RB,Concussion,Questionable,9/24/2023
Chase Edmonds,TB,RB,Knee,Questionable,9/25/2023
Chuma Edoga,DAL,OT,Elbow,Questionable,9/24/2023
Sam Ehlinger,IND,QB,Coach's Decision,Inactive,9/24/2023
Duke Ejiofor,FA,LB,Undisclosed,Questionable,9/24/2023
Austin Ekeler,LAC,RB,Ankle,Inactive,9/24/2023
Kaiir Elam,BUF,CB,Coach's Decision,Inactive,9/24/2023
Pat Elflein,ARI,C,Undisclosed,IR,2/12/2024
Tino Ellis,FA,CB,Undisclosed,Questionable,9/24/2023
Noah Elliss,FA,DT,Undisclosed,Questionable,9/24/2023
Ikenna Enechukwu,ATL,LB,Undisclosed,IR,2/12/2024
Donnie Ernsberger,FA,TE,Undisclosed,Questionable,9/24/2023
Tyler Ervin,FA,RB,Foot,Questionable,9/24/2023
Dee Eskridge,SEA,WR,Suspension,Reserve-Sus,10/29/2023
Drew Estrada,FA,WR,Achilles,Questionable,9/24/2023
Travis Etienne,JAX,RB,Undisclosed,Questionable,9/24/2023
Chris Evans,CIN,RB,Hamstring,Inactive,9/25/2023
Zach Evans,LAR,RB,Coach's Decision,Inactive,9/25/2023
Jequez Ezzard,FA,WR,Undisclosed,Questionable,9/24/2023
Brandon Facyson,LV,CB,Shin,IR,10/9/2023
Diego Fagot,FA,LB,Undisclosed,Questionable,9/24/2023
Austin Faoliu,SEA,DT,Knee,PUP-R,10/15/2023
Caleb Farley,TEN,CB,Back,PUP-R,10/8/2023
Neil Farrell,KC,DT,Coach's Decision,Inactive,9/24/2023
Olakunle Fatukasi,FA,LB,Concussion,Questionable,9/24/2023
Viliami Fehoko,DAL,DE,Coach's Decision,Inactive,9/18/2023
Rashad Fenton,ARI,CB,Undisclosed,IR,2/12/2024
Ethan Fernea,FA,WR,Undisclosed,Questionable,9/24/2023
Sharif Finch,FA,LB,Undisclosed,Questionable,9/24/2023
AJ Finley,LAC,S,Coach's Decision,Inactive,9/24/2023
Eric Fisher,FA,OT,Calf,Questionable,9/24/2023
Trey Flowers,NE,LB,Undisclosed,PUP-R,10/8/2023
Leonard Floyd,BUF,LB,Ankle,Questionable,9/24/2023
Drew Forbes,CLE,OG,Back,NFI-R,10/15/2023
Dee Ford,FA,DE,Back,Questionable,9/24/2023
Isaiah Ford,FA,WR,Undisclosed,Questionable,9/24/2023
Bryce Ford-Wheaton,NYG,WR,Knee,IR,2/12/2024
D'Onta Foreman,CHI,RB,Coach's Decision,Inactive,9/24/2023
Alex Forsyth,DEN,C,Coach's Decision,Inactive,9/24/2023
L.J. Fort,FA,LB,Knee - ACL,Questionable,9/24/2023
Jody Fortson,KC,TE,Shoulder,IR,2/12/2024
Leki Fotu,ARI,DT,Shoulder,Inactive,9/24/2023
John Franklin,FA,WR,Knee - ACL,Questionable,9/24/2023
Feleipe Franks,ATL,TE,Undisclosed,IR,2/12/2024
Elliott Fry,FA,K,Undisclosed,Questionable,9/24/2023
Kyle Fuller,FA,CB,Knee - ACL,Questionable,9/24/2023
Will Fuller,FA,WR,Finger,Questionable,9/24/2023
Kristian Fulton,TEN,CB,Hamstring,Inactive,9/24/2023
Russell Gage,TB,WR,Knee,IR,2/12/2024
Jon Gaines,ARI,C,Knee,IR,2/12/2024
Kenneth Gainwell,PHI,RB,Ribs,Inactive,9/25/2023
Tipa Galeai,FA,LB,Hamstring,Questionable,9/24/2023
Elijah Garcia,DEN,DT,Coach's Decision,Inactive,9/24/2023
Jamell Garcia-Williams,FA,DE,Undisclosed,Questionable,9/24/2023
Don Gardner,FA,CB,Hamstring,Questionable,9/24/2023
Ben Garland,FA,C,Calf,Questionable,9/24/2023
Joe Gaziano,ATL,DE,Coach's Decision,Inactive,9/24/2023
Mark Gilbert,FA,CB,Undisclosed,Questionable,9/24/2023
Zyon Gilbert,FA,CB,Hamstring,Questionable,9/24/2023
Cullen Gillaspia,FA,LB,Knee,Questionable,9/24/2023
Tyree Gillespie,FA,S,Knee,Questionable,9/24/2023
Steven Gilmore,DET,CB,Coach's Decision,Inactive,9/24/2023
Trevis Gipson,TEN,LB,Coach's Decision,Inactive,9/24/2023
Jordan Glasgow,FA,LB,Undisclosed,Questionable,9/24/2023
Eddie Goldman,ATL,DT,Undisclosed,Reserve-Ex,2/12/2024
Matt Gono,FA,OT,Neck,Questionable,9/24/2023
Zane Gonzalez,FA,K,Calf,Questionable,9/24/2023
Kyler Gordon,CHI,CB,Hand,IR,10/15/2023
Tay Gowan,FA,CB,Undisclosed,Questionable,9/24/2023
Alfonzo Graham,PIT,RB,Undisclosed,IR,2/12/2024
Jaeden Graham,FA,TE,Undisclosed,Questionable,9/24/2023
Jalen Graham,SF,LB,Coach's Decision,Inactive,9/21/2023
Thomas Graham,CLE,CB,Ankle,IR,2/12/2024
Jakeem Grant,CLE,WR,Kneecap,IR,2/12/2024
Danny Gray,SF,WR,Shoulder - AC Joint,IR,10/8/2023
J.T. Gray,NO,S,Shoulder,Questionable,9/18/2023
Antoine Green,DET,WR,Head,Questionable,9/24/2023
Kenyon Green,HOU,OG,Shoulder - Labrum,IR,2/12/2024
Virgil Green,FA,TE,Ankle,Questionable,9/24/2023
Raven Greene,FA,S,Undisclosed,Questionable,9/24/2023
Ethan Greenidge,ATL,OT,Undisclosed,IR,2/12/2024
Everson Griffen,FA,DE,Personal,Questionable,9/24/2023
Jonas Griffith,DEN,LB,Knee - ACL,IR,2/12/2024
Trevon Grimes,FA,WR,Undisclosed,Questionable,9/24/2023
Ryan Groy,FA,OG,Triceps,Questionable,9/24/2023
Javelin Guidry,NYJ,CB,Knee,IR,2/12/2024
Jalen Guyton,LAC,WR,Knee - ACL,PUP-R,10/16/2023
Jovaughn Gwyn,ATL,OG,Coach's Decision,Inactive,9/24/2023
Jake Haener,NO,QB,Suspension,Reserve-Sus,10/19/2023
Troy Hairston,HOU,FB,Back,IR,2/12/2024
Grant Haley,FA,CB,Knee - ACL,Questionable,9/24/2023
Bryce Hall,NYJ,CB,Coach's Decision,Inactive,9/24/2023
Emanuel Hall,FA,WR,Achilles,Questionable,9/24/2023
Jaren Hall,MIN,QB,Coach's Decision,Inactive,9/24/2023
Kemon Hall,FA,CB,Undisclosed,Questionable,9/24/2023
Maalik Hall,NYJ,LB,Undisclosed,IR,2/12/2024
Terez Hall,NE,LB,Undisclosed,IR,2/12/2024
Arlington Hambright,IND,OG,Coach's Decision,Inactive,9/24/2023
DaeSean Hamilton,FA,WR,Undisclosed,Questionable,9/24/2023
DaVon Hamilton,JAX,DT,Back,IR,10/8/2023
Devery Hamilton,FA,OT,Lower Leg,Questionable,9/24/2023
KJ Hamler,FA,WR,Pectoral,Questionable,9/24/2023
Damar Hamlin,BUF,S,Coach's Decision,Inactive,9/24/2023
Malik Hamm,BAL,LB,Ankle,IR,10/8/2023
Saquan Hampton,FA,S,Achilles,Questionable,9/24/2023
Jake Hanson,FA,C,Shin,Questionable,9/24/2023
Tre Harbison,FA,RB,Concussion,Questionable,9/24/2023
Clark Harris,FA,C,Biceps,Questionable,9/24/2023
Darius Harris,FA,LB,Undisclosed,Questionable,9/24/2023
Dwayne Harris,FA,WR,Triceps,Questionable,9/24/2023
Penny Hart,ATL,WR,Concussion,IR,2/12/2024
Montre Hartage,FA,S,Undisclosed,Questionable,9/24/2023
Kolby Harvell-Peel,FA,S,Hamstring,Questionable,9/24/2023
Hassan Haskins,TEN,RB,Undisclosed,Reserve-CEL,2/12/2024
J.C. Hassenauer,NYG,C,Triceps,IR,2/12/2024
JaMycal Hasty,JAX,RB,Coach's Decision,Inactive,9/24/2023
Broughton Hatcher,FA,C,Undisclosed,Questionable,9/24/2023
Jerald Hawkins,FA,OT,Undisclosed,Questionable,9/24/2023
Tayler Hawkins,FA,S,Hand,Questionable,9/24/2023
Daelin Hayes,FA,LB,Undisclosed,Questionable,9/24/2023
Ryan Hayes,IND,OT,Coach's Decision,Inactive,9/24/2023
Marquis Haynes,CAR,LB,Back,IR,10/8/2023
Joel Heath,FA,DE,Knee - ACL,Questionable,9/24/2023
Charlie Heck,HOU,OT,Foot,PUP-R,10/8/2023
Matt Hembrough,ARI,C,Back,IR,2/12/2024
Xavier Henderson,FA,S,Undisclosed,Questionable,9/24/2023
Daiyan Henley,LAC,LB,Hamstring,Inactive,9/24/2023
Matt Hennessy,ATL,OG,Knee,IR,2/12/2024
K.J. Henry,WAS,DE,Coach's Decision,Inactive,9/24/2023
Ra'Shaun Henry,SEA,WR,Undisclosed,IR,2/12/2024
Chandon Herring,FA,OG,Undisclosed,Questionable,9/24/2023
Neville Hewitt,HOU,LB,Illness,Inactive,9/24/2023
Cameron Heyward,PIT,DE,Groin,IR,11/12/2023
Elijah Higgins,ARI,TE,Coach's Decision,Inactive,9/24/2023
Brandon Hill,FA,S,Undisclosed,Out,10/8/2023
Julian Hill,MIA,TE,Ankle,Inactive,9/24/2023
Trey Hill,CIN,C,Coach's Decision,Inactive,9/25/2023
Dontrell Hilliard,FA,RB,Neck,Questionable,9/24/2023
Nyheim Hines,BUF,RB,Knee,NFI-R,2/12/2024
Chris Hinton,LAC,DT,Coach's Decision,Inactive,9/24/2023
Cooper Hodges,JAX,OT,Knee,IR,10/8/2023
Curtis Hodges,WAS,TE,Coach's Decision,Inactive,9/24/2023
Will Holden,FA,OT,Calf,Questionable,9/24/2023
Cody Hollister,FA,WR,Neck,Questionable,9/24/2023
Jacob Hollister,FA,TE,Undisclosed,Questionable,9/24/2023
Darnay Holmes,NYG,CB,Coach's Decision,Inactive,9/21/2023
Elijah Holyfield,FA,RB,Knee,Questionable,9/24/2023
Amani Hooker,TEN,S,Concussion,Inactive,9/24/2023
Hendon Hooker,DET,QB,Knee - ACL,NFI-R,10/8/2023
Jaycee Horn,CAR,CB,Hamstring,IR,10/15/2023
James Houston,DET,LB,Ankle,Questionable,9/24/2023
Gabriel Houy,FA,OT,Undisclosed,Questionable,9/24/2023
Tytus Howard,HOU,OT,Hand,IR,10/8/2023
Jonathan Hubbard,FA,OT,Undisclosed,Questionable,9/24/2023
Rodney Hudson,FA,C,Knee,Questionable,9/24/2023
Evan Hull,IND,RB,Knee,IR,10/15/2023
Marlon Humphrey,BAL,CB,Foot,Inactive,9/24/2023
Caleb Huntley,FA,RB,Achilles,Questionable,9/24/2023
Tyler Huntley,BAL,QB,Coach's Decision,Inactive,9/24/2023
Jalen Hurd,FA,WR,Undisclosed,Reserve-Ret,2/12/2024
Allen Hurns,FA,WR,Wrist,Questionable,9/24/2023
John Hurst,FA,WR,Ankle,Questionable,9/24/2023
Micah Hyde,BUF,S,Hamstring,Questionable,9/24/2023
Ishmael Hyman,FA,WR,Undisclosed,Questionable,9/24/2023
Mohamed Ibrahim,FA,RB,Undisclosed,Questionable,9/24/2023
Germain Ifedi,BUF,OT,Coach's Decision,Inactive,9/24/2023
Noah Igbinoghene,DAL,CB,Coach's Decision,Inactive,9/18/2023
Siaki Ika,CLE,DT,Foot,Questionable,9/18/2023
George Iloka,FA,S,Knee - ACL,Questionable,9/24/2023
Mark Ingram,FA,RB,Knee - MCL,Questionable,9/24/2023
Matt Ioannidis,FA,DT,Back,Questionable,9/24/2023
Isaiah Irving,FA,LB,Back,Questionable,9/24/2023
Thomas Ives,FA,WR,Undisclosed,Questionable,9/24/2023
DJ Ivey,CIN,CB,Coach's Decision,Inactive,9/25/2023
Myles Jack,PHI,LB,Personal,Reserve-Ret,2/12/2024
Branden Jackson,FA,DE,Spine,Questionable,9/24/2023
DeSean Jackson,FA,WR,Illness,Questionable,9/24/2023
Eddie Jackson,CHI,S,Foot,Questionable,9/24/2023
Justin Jackson,FA,RB,Undisclosed,Reserve-Ret,2/12/2024
Lamar Jackson,BAL,QB,Hand,Questionable,9/24/2023
Warren Jackson,FA,WR,Undisclosed,Questionable,9/24/2023
Brenden Jaimes,LAC,OT,Coach's Decision,Inactive,9/24/2023
Ja'Wuan James,FA,OT,Achilles,Questionable,9/24/2023
Jermar Jefferson,FA,RB,Undisclosed,Questionable,9/24/2023
Jalen Jelks,FA,DE,Undisclosed,Questionable,9/24/2023
Elgton Jenkins,GB,OG,Knee,Questionable,9/24/2023
Jaray Jenkins,FA,WR,Undisclosed,Questionable,9/24/2023
Jordan Jenkins,FA,DE,Knee - ACL,Questionable,9/24/2023
Teven Jenkins,CHI,OG,Leg,IR,10/5/2023
Anfernee Jennings,NE,LB,Coach's Decision,Inactive,9/24/2023
Ryan Jensen,TB,C,Knee,IR,2/12/2024
Anthony Johnson,GB,S,Coach's Decision,Inactive,9/24/2023
Antonio Johnson,JAX,S,Hamstring,Inactive,9/24/2023
Bisi Johnson,FA,WR,Knee - ACL,Questionable,9/24/2023
Buddy Johnson,CHI,LB,Undisclosed,IR,2/12/2024
Darryl Johnson,FA,LB,Undisclosed,Questionable,9/24/2023
Desjuan Johnson,LAR,DE,Coach's Decision,Inactive,9/25/2023
Diontae Johnson,PIT,WR,Hamstring,Out,9/24/2023
Dontae Johnson,FA,CB,Knee - ACL,Questionable,9/24/2023
Jahmir Johnson,FA,OT,Undisclosed,Questionable,9/24/2023
Josh Johnson,FA,RB,Undisclosed,Questionable,9/24/2023
Nazeeh Johnson,KC,S,Knee - ACL,IR,2/12/2024
Roderick Johnson,PHI,OT,Undisclosed,IR,2/12/2024
Willie Johnson,FA,WR,Undisclosed,Questionable,9/24/2023
Cameron Johnston,HOU,P,Calf,IR,10/8/2023
Shaun Jolly,FA,CB,Undisclosed,Questionable,9/24/2023
Kingsley Jonathan,BUF,DE,Coach's Decision,Inactive,9/24/2023
Aaron Jones,GB,RB,Hamstring,Inactive,9/24/2023
Ben Jones,FA,C,Undisclosed,Questionable,9/24/2023
Brett Jones,FA,C,Biceps,Questionable,9/24/2023
Byron Jones,FA,CB,Achilles,Questionable,9/24/2023
Caleb Jones,GB,OT,Coach's Decision,Inactive,9/24/2023
Chandler Jones,LV,DE,Personal,Inactive,9/24/2023
Chris Jones,FA,P,Abdomen,Questionable,9/24/2023
Devin Jones,FA,CB,Undisclosed,Questionable,9/24/2023
Jack Jones,NE,CB,Hamstring,IR,10/8/2023
Jonathan Jones,NE,CB,Ankle,Inactive,9/24/2023
Josh Jones,FA,S,Hamstring,Questionable,9/24/2023
Marcus Jones,NE,CB,Shoulder,Questionable,9/24/2023
Nic Jones,KC,CB,Coach's Decision,Inactive,9/24/2023
Robert Jones,MIA,OG,Knee - MCL,IR,10/8/2023
Ronald Jones,DAL,RB,Suspension,Reserve-Sus,9/24/2023
Vi Jones,FA,LB,Ankle,Questionable,9/24/2023
Xavier Jones,FA,RB,Achilles,Questionable,9/24/2023
Travis Jonsen,FA,WR,Suspension,Reserve-Sus,10/1/2023
Dion Jordan,FA,DE,Knee,Questionable,9/24/2023
Karl Joseph,FA,S,Ankle,Questionable,9/24/2023
Kelvin Joseph,MIA,CB,Personal,Inactive,9/24/2023
Lamarcus Joyner,FA,S,Hip,Questionable,9/24/2023
Gregory Junior,JAX,CB,Hamstring,IR,10/15/2023
Alvin Kamara,NO,RB,Suspension,Reserve-Sus,10/1/2023
Calijah Kancey,TB,DT,Calf,Inactive,9/24/2023
Khalid Kareem,CHI,DE,Coach's Decision,Inactive,9/24/2023
Matt Kaskey,FA,OT,Undisclosed,Questionable,9/24/2023
Case Keenum,HOU,QB,Coach's Decision,Inactive,9/24/2023
Ryan Kelly,IND,C,Concussion,Questionable,9/24/2023
Silas Kelly,FA,LB,Undisclosed,Questionable,9/24/2023
Eric Kendricks,LAC,LB,Hamstring,Inactive,9/24/2023
Tom Kennedy,FA,WR,Arm,Questionable,9/24/2023
BoPete Keyes,CLE,CB,Finger,IR,2/12/2024
Brandon King,FA,LB,Hamstring,Questionable,9/24/2023
Dre Kirkpatrick,FA,CB,Ankle,Questionable,9/24/2023
Christian Kirksey,FA,LB,Hamstring,Questionable,9/24/2023
Micah Kiser,FA,LB,Leg,Questionable,9/24/2023
Malik Knowles,MIN,WR,Undisclosed,NFI-R,10/8/2023
Charlie Kolar,BAL,TE,Coach's Decision,Inactive,9/24/2023
Doug Kramer,CHI,C,Undisclosed,IR,10/5/2023
Jake Kumerow,FA,WR,Back,Questionable,9/24/2023
Jordan Kunaszyk,CLE,LB,Knee - MCL,IR,10/15/2023
Cooper Kupp,LAR,WR,Hamstring,IR,10/8/2023
William Kwenkeu,MIN,LB,Undisclosed,IR,2/12/2024
Bruno Labelle,FA,TE,Undisclosed,Questionable,9/24/2023
Chris Lacy,FA,WR,Undisclosed,Questionable,9/24/2023
Dayan Lake,FA,CB,Undisclosed,Questionable,9/24/2023
Chris Lammons,IND,CB,Suspension,Reserve-Sus,10/1/2023
Forrest Lamp,FA,OG,Undisclosed,Questionable,9/24/2023
Trey Lance,DAL,QB,Coach's Decision,Inactive,9/24/2023
Isaiah Land,IND,LB,Coach's Decision,Inactive,9/24/2023
Jarvis Landry,FA,WR,Ankle,Questionable,9/24/2023
Ted Larsen,FA,OG,Knee,Questionable,9/24/2023
Scott Lashley,FA,OT,Undisclosed,Questionable,9/24/2023
Cameron Latu,SF,TE,Knee - Meniscus,IR,2/12/2024
Cre'von LeBlanc,FA,CB,Undisclosed,Questionable,9/24/2023
Darron Lee,FA,LB,Undisclosed,Questionable,9/24/2023
Matt Leo,PHI,DE,Undisclosed,Reserve-Ret,2/12/2024
Titus Leo,IND,DE,Undisclosed,IR,2/12/2024
Will Levis,TEN,QB,Coach's Decision,Inactive,9/24/2023
Jason Lewan,FA,DE,Back,Questionable,9/24/2023
Taylor Lewan,FA,OT,Knee - ACL,Questionable,9/24/2023
Donnie Lewis,FA,CB,Undisclosed,Questionable,9/24/2023
Tommylee Lewis,FA,WR,Hip,Questionable,9/24/2023
Tyler Linderbaum,BAL,C,Ankle,Inactive,9/24/2023
Greg Little,FA,OT,Back,Questionable,9/24/2023
P.J. Locke,DEN,S,Lower Leg,IR,10/8/2023
Greg Long,FA,OT,Undisclosed,Questionable,9/24/2023
Hunter Long,LAR,TE,Thigh,IR,10/8/2023
Roy Lopez,FA,DT,Hamstring,Questionable,9/24/2023
Bryce Love,FA,RB,Knee,Questionable,9/24/2023
John Lovett,FA,FB,Undisclosed,Questionable,9/24/2023
Abraham Lucas,SEA,OT,Knee,IR,10/22/2023
Darrell Luter,SF,CB,Knee,PUP-R,10/8/2023
Blake Lynch,FA,LB,Undisclosed,Questionable,9/24/2023
James Lynch,MIN,DT,Knee - ACL,IR,2/12/2024
Alize Mack,FA,TE,Undisclosed,Questionable,9/24/2023
Ledarius Mack,FA,LB,Undisclosed,Questionable,9/24/2023
Marlon Mack,ARI,RB,Achilles,IR,2/12/2024
Avonte Maddox,PHI,CB,Shoulder,Questionable,9/25/2023
Cole Madison,FA,OG,Knee - ACL,Questionable,9/24/2023
Boye Mafe,SEA,LB,Knee,Inactive,9/24/2023
Ilm Manning,ARI,OG,Coach's Decision,Inactive,9/24/2023
Cassius Marsh,FA,LB,Knee,Questionable,9/24/2023
Brodric Martin,DET,DT,Coach's Decision,Inactive,9/24/2023
Jartavius Martin,WAS,S,Concussion,Inactive,9/24/2023
Kamal Martin,FA,LB,Undisclosed,Questionable,9/24/2023
Koda Martin,FA,OG,Undisclosed,Questionable,9/24/2023
Marcus Martin,FA,C,Undisclosed,Questionable,9/24/2023
Wes Martin,FA,OG,Concussion,Questionable,9/24/2023
Ochaun Mathis,LAR,LB,Knee,IR,10/8/2023
Phidarian Mathis,WAS,DT,Calf,IR,10/5/2023
Jesse Matthews,HOU,WR,Knee - ACL,IR,2/12/2024
Arthur Maulet,BAL,CB,Coach's Decision,Inactive,9/24/2023
Devonnsha Maxwell,CIN,DT,Knee,IR,2/12/2024
Mac McCain,CAR,CB,Undisclosed,IR,2/12/2024
Marquan McCall,FA,DT,Knee,Questionable,9/24/2023
Tucker McCann,FA,K,Undisclosed,Questionable,9/24/2023
Warren McClendon,LAR,OT,Coach's Decision,Inactive,9/25/2023
Conor McDermott,FA,OT,Undisclosed,Questionable,9/24/2023
Will McDonald,NYJ,DE,Coach's Decision,Inactive,9/24/2023
Codey McElroy,FA,TE,Foot,Questionable,9/24/2023
Anthony McFarland,PIT,RB,Knee,Out,9/24/2023
Kyric McGowan,FA,WR,Undisclosed,Questionable,9/24/2023
Kenny McIntosh,SEA,RB,Knee,IR,10/15/2023
Tanner McKee,PHI,QB,Coach's Decision,Inactive,9/25/2023
Anthony McKinney,FA,OT,Undisclosed,Questionable,9/24/2023
J.D. McKissic,FA,RB,Neck,Questionable,9/24/2023
Sherrick McManis,FA,S,Hamstring,Questionable,9/24/2023
Kyler McMichael,ARI,CB,Undisclosed,IR,2/12/2024
Raekwon McMillan,NE,LB,Achilles,IR,2/12/2024
Jeremy McNichols,FA,RB,Hamstring,Questionable,9/24/2023
Zech McPhearson,PHI,CB,Achilles,IR,2/12/2024
Tony McRae,FA,CB,Knee,Questionable,9/24/2023
Montrel Meander,FA,LB,Achilles,Questionable,9/24/2023
Steven Means,FA,LB,Achilles,Questionable,9/24/2023
Obi Melifonwu,FA,S,Undisclosed,Questionable,9/24/2023
Nicolas Melsop,FA,OG,Undisclosed,Questionable,9/24/2023
Forrest Merrill,FA,DT,Undisclosed,Questionable,9/24/2023
Jakobi Meyers,LV,WR,Concussion,Inactive,9/24/2023
Sony Michel,LAR,RB,Undisclosed,Reserve-Ret,2/12/2024
Kendre Miller,NO,RB,Hamstring,Questionable,9/18/2023
Ventrell Miller,JAX,LB,Achilles,IR,2/12/2024
Von Miller,BUF,LB,Knee - ACL,PUP-R,10/8/2023
Dax Milne,WAS,WR,Groin,IR,10/5/2023
Denzel Mims,FA,WR,Calf,Questionable,9/24/2023
Keaton Mitchell,BAL,RB,Shoulder,IR,10/8/2023
Max Mitchell,NYJ,OT,Coach's Decision,Inactive,9/24/2023
Osirus Mitchell,FA,WR,Quadriceps,Questionable,9/24/2023
Terrance Mitchell,FA,CB,Undisclosed,Questionable,9/24/2023
Taquan Mizzell,FA,WR,Undisclosed,Questionable,9/24/2023
Jovante Moffatt,FA,S,Undisclosed,Out,10/15/2023
Donte Moncrief,FA,WR,Undisclosed,Questionable,9/24/2023
Henry Mondeaux,FA,DE,Undisclosed,Questionable,9/24/2023
Bryan Mone,SEA,DT,Knee - ACL,PUP-R,10/15/2023
David Montgomery,DET,RB,Thigh,Questionable,9/24/2023
Darnell Mooney,CHI,WR,Knee,Questionable,9/24/2023
C.J. Moore,FA,S,Suspension,Reserve-Sus,2/12/2024
Isaiah Moore,FA,LB,Knee,Questionable,9/24/2023
J'Mon Moore,FA,WR,Undisclosed,Questionable,9/24/2023
Jalin Moore,FA,RB,Ankle,Reserve-Ret,9/24/2023
Jaylon Moore,JAX,WR,Undisclosed,IR,2/12/2024
Nick Moore,BAL,C,Achilles,NFI-R,2/12/2024
Tarvarius Moore,FA,S,Knee,Questionable,9/24/2023
Jimmy Moreland,FA,CB,Hand,Questionable,9/24/2023
Mike Morris,SEA,DE,Shoulder,Inactive,9/24/2023
Wanya Morris,KC,OT,Coach's Decision,Inactive,9/24/2023
Emmanuel Moseley,DET,CB,Knee - ACL,Inactive,9/24/2023
Jordan Mosley,FA,S,Undisclosed,Questionable,9/24/2023
Riley Moss,DEN,CB,Coach's Decision,Inactive,9/24/2023
T.D. Moultry,FA,LB,Undisclosed,Questionable,9/24/2023
Trayvon Mullen,BAL,CB,Toe,NFI-R,10/8/2023
Caleb Murphy,TEN,LB,Coach's Decision,Inactive,9/24/2023
Kyle Murphy,FA,OG,Ankle,Questionable,9/24/2023
Chris Murray,FA,C,Undisclosed,Questionable,10/15/2023
Eric Murray,HOU,S,Concussion,Questionable,9/24/2023
Kyler Murray,ARI,QB,Knee - ACL,PUP-R,10/8/2023
Nick Muse,MIN,TE,Coach's Decision,Inactive,9/24/2023
Chris Myarick,NYG,FB,Hand,IR,2/12/2024
Ryan Nall,FA,FB,Shoulder,Questionable,9/24/2023
Hamsah Nasirildeen,NYJ,LB,Neck,IR,2/12/2024
Isaac Nauta,FA,TE,Undisclosed,Questionable,9/24/2023
Haggai Ndubuisi,FA,OT,Finger,Out,10/28/2023
Sharrod Neasman,FA,S,Undisclosed,Questionable,9/24/2023
Nik Needham,MIA,CB,Achilles,PUP-R,10/8/2023
Nick Nelson,FA,CB,Undisclosed,Questionable,9/24/2023
Lucas Niang,KC,OT,Coach's Decision,Inactive,9/24/2023
Bilal Nichols,LV,DT,Hamstring,Questionable,9/24/2023
Lew Nichols,FA,RB,Shoulder,Questionable,9/24/2023
Hardy Nickerson,FA,LB,Concussion,Questionable,9/24/2023
Tre Nixon,NE,WR,Shoulder,IR,2/12/2024
Elijah Nkansah,FA,OT,Undisclosed,Questionable,9/24/2023
Desmond Noel,FA,OG,Undisclosed,Questionable,9/24/2023
Quinn Nordin,FA,K,Undisclosed,Questionable,9/24/2023
Jared Norris,FA,LB,Shoulder,Questionable,9/24/2023
Andrew Norwell,FA,OG,Hip,Questionable,9/24/2023
Joe Noteboom,LAR,OT,Shoulder,Questionable,9/25/2023
Kene Nwangwu,MIN,RB,Back,IR,10/8/2023
Aidan O'Connell,LV,QB,Coach's Decision,Inactive,9/24/2023
Carter O'Donnell,ARI,OT,Coach's Decision,Inactive,9/24/2023
Nick O'Leary,FA,TE,Chest,Questionable,9/24/2023
Leon O'Neal,FA,S,Undisclosed,Questionable,9/24/2023
Efe Obada,WAS,DE,Knee,IR,10/5/2023
Ifeadi Odenigbo,NYJ,DE,Undisclosed,IR,2/12/2024
Chris Odom,FA,DE,Knee - ACL,Questionable,9/24/2023
Otito Ogbonnia,LAC,DT,Kneecap,PUP-R,10/16/2023
Andrew Ogletree,IND,TE,Coach's Decision,Inactive,9/24/2023
Adetokunbo Ogundeji,ATL,LB,Foot,IR,2/12/2024
Moro Ojomo,PHI,DT,Coach's Decision,Inactive,9/25/2023
Azeez Ojulari,NYG,LB,Hamstring,Inactive,9/21/2023
Jeff Okudah,ATL,CB,Foot,Inactive,9/24/2023
Julian Okwara,DET,DE,Undisclosed,IR,10/8/2023
Albert Okwuegbunam,PHI,TE,Coach's Decision,Inactive,9/25/2023
Sewo Olonilua,FA,FB,Neck,Questionable,9/24/2023
Charles Omenihu,KC,DE,Suspension,Reserve-Sus,10/22/2023
Joshua Onujiogu,SEA,LB,Elbow,IR,2/12/2024
Amani Oruwariye,FA,CB,Neck,Questionable,9/24/2023
Joseph Ossai,CIN,DE,Ankle,Inactive,9/25/2023
Joe Ostman,FA,DE,Undisclosed,Questionable,9/24/2023
DeMarvion Overshown,DAL,LB,Knee - ACL,IR,2/12/2024
Tanner Owen,FA,OT,Illness,Questionable,9/24/2023
Gervarrius Owens,NYG,S,Coach's Decision,Inactive,9/21/2023
Alex Palczewski,DEN,OT,Hand,IR,10/8/2023
Andrew Parchment,FA,WR,Undisclosed,Questionable,9/24/2023
AJ Parker,FA,CB,Hamstring,Questionable,9/24/2023
Brandon Parker,FA,OT,Undisclosed,Questionable,9/24/2023
Josh Paschal,DET,DE,Knee,IR,10/15/2023
Tim Patrick,DEN,WR,Achilles,IR,2/12/2024
Cordarrelle Patterson,ATL,RB,Coach's Decision,Inactive,9/24/2023
Chris Paul,WAS,OG,Coach's Decision,Inactive,9/24/2023
John Penisini,FA,DT,Undisclosed,Questionable,9/24/2023
La'Mical Perine,KC,RB,Coach's Decision,Inactive,9/24/2023
Jordan Perryman,FA,CB,Undisclosed,Questionable,9/24/2023
Tautala Pesefea,FA,DT,Undisclosed,Questionable,9/24/2023
Nicholas Petit-Frere,TEN,OT,Suspension,Reserve-Sus,10/29/2023
Dante Pettis,FA,WR,Undisclosed,Questionable,9/24/2023
La'Michael Pettway,FA,TE,Undisclosed,Questionable,9/24/2023
Kyle Philips,TEN,WR,Knee - MCL,IR,10/8/2023
Jacob Phillips,CLE,LB,Pectoral,IR,2/12/2024
Jaelan Phillips,MIA,LB,Back,Inactive,9/24/2023
Kevin Pierre-Louis,FA,LB,Groin,Questionable,9/24/2023
Ross Pierschbacher,FA,C,Undisclosed,Questionable,2/12/2024
Jared Pinkney,FA,TE,Undisclosed,Questionable,9/24/2023
Danny Pinter,IND,C,Ankle,IR,2/12/2024
Jalen Pitre,HOU,S,Chest,Inactive,9/24/2023
Quentin Poling,FA,LB,Undisclosed,Questionable,9/24/2023
Makai Polk,FA,WR,Undisclosed,Questionable,9/24/2023
Elijah Ponder,FA,LB,Undisclosed,Questionable,9/24/2023
Troymaine Pope,FA,RB,Undisclosed,Questionable,9/24/2023
Monte Pottebaum,FA,FB,Undisclosed,Reserve-Ret,2/12/2024
Billy Price,FA,C,Undisclosed,Questionable,9/24/2023
Austin Proehl,FA,WR,Undisclosed,Questionable,9/24/2023
Justin Pugh,FA,OG,Knee - ACL,Questionable,9/24/2023
Scott Quessenberry,HOU,C,Knee - ACL + MCL,IR,2/12/2024
Trey Quinn,FA,WR,Undisclosed,Questionable,9/24/2023
Brent Qvale,FA,OT,Undisclosed,Questionable,9/24/2023
Trey Ragas,FA,RB,Undisclosed,Questionable,9/24/2023
Reggie Ragland,FA,LB,Shoulder,Questionable,9/24/2023
Charleston Rambo,FA,WR,Undisclosed,Questionable,9/24/2023
Jalen Ramsey,MIA,CB,Knee - Meniscus,IR,12/3/2023
Shane Ray,FA,DE,Hamstring,Questionable,9/24/2023
Alex Redmond,FA,OG,Undisclosed,Questionable,9/24/2023
Jalen Redmond,FA,DT,Undisclosed,Questionable,9/24/2023
Chris Reed,MIN,OG,Lower Leg,NFI-R,10/8/2023
Joe Reed,CHI,WR,Undisclosed,IR,2/12/2024
Riley Reiff,NE,OT,Knee,IR,10/8/2023
Nikko Remigio,KC,WR,Wrist,IR,2/12/2024
Sam Renner,FA,DT,Undisclosed,Questionable,9/24/2023
Sammis Reyes,JAX,TE,Concussion,Reserve-Ret,2/12/2024
Ross Reynolds,FA,OG,Undisclosed,Questionable,9/24/2023
Anthony Richardson,IND,QB,Concussion,Questionable,9/24/2023
Will Richardson,FA,OG,Suspension,Reserve-Sus,10/1/2023
Hassan Ridgeway,HOU,DT,Calf,IR,10/15/2023
Curtis Riley,FA,S,Achilles,Questionable,9/24/2023
Jordon Riley,NYG,DT,Coach's Decision,Inactive,9/21/2023
Chauncey Rivers,FA,LB,Knee - ACL,Questionable,9/24/2023
Tre Roberson,FA,CB,Concussion,Questionable,9/24/2023
Sam Roberts,NE,DT,Coach's Decision,Inactive,9/24/2023
Aaron Robinson,NYG,CB,Knee - ACL + MCL,PUP-R,10/8/2023
Cam Robinson,JAX,OT,Suspension,Reserve-Sus,10/8/2023
Rashard Robinson,FA,CB,Undisclosed,Questionable,9/24/2023
Reggie Robinson,FA,CB,Undisclosed,Questionable,9/24/2023
Wan'Dale Robinson,NYG,WR,Knee - ACL,Inactive,9/21/2023
Aaron Rodgers,NYJ,QB,Achilles,IR,2/12/2024
Bryce Rodgers,FA,DT,Undisclosed,Questionable,9/24/2023
Isaiah Rodgers,PHI,CB,Suspension,Reserve-Sus,2/12/2024
Richard Rodgers,FA,TE,Knee,Questionable,9/24/2023
Armani Rogers,WAS,TE,Achilles,IR,2/12/2024
Aldrick Rosas,FA,K,Undisclosed,Questionable,9/24/2023
Daniel Ross,FA,DT,Undisclosed,Questionable,9/24/2023
John Ross,FA,WR,Undisclosed,Reserve-Ret,2/12/2024
Bunmi Rotimi,FA,DE,Foot,Questionable,9/24/2023
Jaquelin Roy,MIN,DT,Coach's Decision,Inactive,9/24/2023
Chris Rumph,LAC,LB,Hamstring,Inactive,9/24/2023
Chapelle Russell,PIT,LB,Undisclosed,IR,2/12/2024
Christian Sam,FA,LB,Undisclosed,Questionable,9/24/2023
Myjai Sanders,ARI,DE,Hand,IR,10/8/2023
Eric Saubert,FA,TE,Undisclosed,Questionable,9/24/2023
DJ Scaife,HOU,OT,Leg,IR,2/12/2024
Sam Schlueter,FA,OT,Illness,Questionable,9/24/2023
Michael Schofield,FA,OG,Knee,Questionable,9/24/2023
Anthony Schwartz,CLE,WR,Hamstring,IR,2/12/2024
Boston Scott,PHI,RB,Concussion,Questionable,9/25/2023
Daniel Scott,IND,S,Knee - ACL,IR,2/12/2024
Eric Scott,DAL,CB,Coach's Decision,Inactive,9/18/2023
Josiah Scott,FA,CB,Undisclosed,Out,10/22/2023
Nick Scott,CIN,S,Concussion,Questionable,9/25/2023
Trent Scott,WAS,OT,Coach's Decision,Inactive,9/24/2023
Zavier Scott,FA,RB,Knee - Meniscus,Questionable,9/24/2023
Juice Scruggs,HOU,C,Hamstring,IR,10/8/2023
Ricky Seals-Jones,FA,TE,Foot,Questionable,9/24/2023
Trey Sermon,FA,RB,Knee,Questionable,9/24/2023
Adam Shaheen,FA,TE,Knee,Questionable,9/24/2023
Liam Shanahan,FA,C,Undisclosed,Questionable,9/24/2023
Tajae Sharpe,FA,WR,Undisclosed,Questionable,9/24/2023
Brandon Shell,BUF,OT,Undisclosed,Reserve-Ret,2/12/2024
Tyler Shelvin,FA,DT,Undisclosed,Questionable,9/24/2023
Darrius Shepherd,FA,WR,Undisclosed,Questionable,9/24/2023
A.Q. Shipley,FA,C,Neck,Questionable,9/24/2023
Justin Shorter,BUF,WR,Hamstring,IR,10/8/2023
Nesta Jade Silvera,LV,DT,Coach's Decision,Inactive,9/24/2023
Lachavious Simmons,FA,OG,Undisclosed,Questionable,9/24/2023
JL Skinner,DEN,S,Coach's Decision,Inactive,9/24/2023
Tuzar Skipper,FA,LB,Undisclosed,Questionable,9/24/2023
Peter Skoronski,TEN,OG,Appendix,Inactive,9/24/2023
Ryan Smenda,FA,LB,Undisclosed,Questionable,9/24/2023
Chris Smith,LV,S,Coach's Decision,Inactive,9/24/2023
Elerson Smith,FA,LB,Achilles,Questionable,9/24/2023
Kaden Smith,WAS,TE,Undisclosed,IR,2/12/2024
Maurice Smith,FA,S,Undisclosed,Questionable,9/24/2023
Ryan Smith,FA,CB,Suspension,Reserve-Sus,12/17/2023
Saivion Smith,FA,S,Undisclosed,Questionable,9/24/2023
Tre'Quan Smith,NO,WR,Groin,IR,10/8/2023
Tyler Smith,DAL,OG,Hamstring,Inactive,9/24/2023
Dawuane Smoot,JAX,DE,Achilles,PUP-R,10/8/2023
Dylan Soehner,FA,TE,Undisclosed,Questionable,9/24/2023
Sidy Sow,NE,OG,Concussion,Inactive,9/24/2023
Baylon Spector,BUF,LB,Hamstring,IR,10/8/2023
Ameer Speed,NE,CB,Coach's Decision,Inactive,9/24/2023
Diontae Spencer,FA,WR,Undisclosed,Questionable,9/24/2023
Jeremy Sprinkle,FA,TE,Achilles,Questionable,9/24/2023
DeAndre Square,FA,LB,Undisclosed,Questionable,9/24/2023
Amon-Ra St. Brown,DET,WR,Undisclosed,Questionable,9/24/2023
Equanimeous St. Brown,CHI,WR,Coach's Decision,Inactive,9/24/2023
Jayson Stanley,FA,CB,Knee,Questionable,9/24/2023
Ronnie Stanley,BAL,OT,Knee,Inactive,9/24/2023
Tyler Steen,PHI,OG,Coach's Decision,Inactive,9/25/2023
John Stephens,DAL,TE,Knee - ACL,IR,2/12/2024
Caden Sterns,DEN,S,Knee,IR,2/12/2024
Marquez Stevenson,FA,WR,Undisclosed,Questionable,9/24/2023
Tyarise Stevenson,FA,DT,Shoulder - AC Joint,Questionable,9/24/2023
Darius Stills,FA,DT,Undisclosed,Questionable,9/24/2023
Eric Stokes,GB,CB,Foot,PUP-R,10/9/2023
Eli Stove,FA,WR,Knee - ACL,Questionable,9/24/2023
Chris Streveler,FA,QB,Thumb,Questionable,9/24/2023
Nate Sudfeld,DET,QB,Knee - ACL,IR,2/12/2024
Stephen Sullivan,CAR,TE,Undisclosed,IR,10/8/2023
Nick Sundberg,FA,C,Elbow,Questionable,9/24/2023
Jonathan Sutherland,FA,S,Calf,Questionable,9/24/2023
Keaton Sutherland,FA,OG,Abdomen,Questionable,9/24/2023
Jordan Swann,FA,CB,Undisclosed,Questionable,9/24/2023
Tommy Sweeney,NYG,TE,Undisclosed,NFI-R,10/8/2023
Donte Sylencieux,FA,WR,Undisclosed,Questionable,9/24/2023
Jonah Tavai,FA,DT,Undisclosed,Questionable,9/24/2023
Calvin Taylor,FA,DE,Undisclosed,Questionable,9/24/2023
Demetrius Taylor,FA,DT,Suspension,Reserve-Sus,2/12/2024
Jason Taylor,LAR,S,Groin,IR,10/15/2023
Jonathan Taylor,IND,RB,Ankle,PUP-R,10/8/2023
Leonard Taylor,JAX,TE,Suspension,Reserve-Sus,2/12/2024
Vincent Taylor,FA,DT,Achilles,Questionable,9/24/2023
Marvell Tell,CIN,CB,Undisclosed,IR,2/12/2024
Luke Tenuta,GB,OT,Ankle,IR,10/9/2023
Sam Tevi,FA,OT,Knee - ACL,Questionable,9/24/2023
Andrew Thomas,NYG,OT,Hamstring,Inactive,9/21/2023
Isaiah Thomas,FA,DE,Knee,Doubtful,9/24/2023
Logan Thomas,WAS,TE,Concussion,Out,9/24/2023
Mike Thomas,FA,WR,Shoulder - Labrum,Questionable,9/24/2023
Starling Thomas,ARI,CB,Coach's Decision,Inactive,9/24/2023
Stantley Thomas-Oliver,FA,CB,Hamstring,Out,10/15/2023
DeAndre Thompkins,FA,WR,Undisclosed,Questionable,9/24/2023
BJ Thompson,KC,DE,Coach's Decision,Inactive,9/24/2023
Chris Thompson,FA,WR,Undisclosed,Questionable,9/24/2023
Josh Thompson,FA,S,Undisclosed,Questionable,9/24/2023
Skylar Thompson,MIA,QB,Coach's Decision,Inactive,9/24/2023
Juan Thornhill,CLE,S,Calf,Questionable,9/18/2023
Tyquan Thornton,NE,WR,Shoulder,IR,10/8/2023
Levine Toilolo,FA,TE,Achilles,Questionable,9/24/2023
Shaka Toney,WAS,DE,Suspension,Reserve-Sus,2/12/2024
Rashad Torrence,FA,S,Knee,Questionable,9/24/2023
Andrew Trainer,LAC,OT,Undisclosed,IR,2/12/2024
Cory Trice,PIT,CB,Undisclosed,IR,2/12/2024
Jacob Tuioti-Mariner,FA,LB,Knee,Questionable,9/24/2023
Laremy Tunsil,HOU,OT,Knee,Inactive,9/24/2023
DJ Turner,FA,WR,Undisclosed,Questionable,9/24/2023
Malik Turner,FA,WR,Undisclosed,Questionable,9/24/2023
Payton Turner,NO,DE,Toe,IR,10/15/2023
Trai Turner,NO,OG,Quadriceps,IR,2/12/2024
Delarrin Turner-Yell,DEN,S,Undisclosed,Questionable,9/24/2023
Michael Tutsie,FA,S,Undisclosed,Questionable,9/24/2023
Oli Udoh,MIN,OT,Quadriceps,Out,2/12/2024
John Ursua,FA,WR,Knee - ACL,Questionable,9/24/2023
Eyioma Uwazurike,DEN,DT,Suspension,Reserve-Sus,2/12/2024
AJ Uzodinma,LAC,CB,Undisclosed,IR,2/12/2024
Halapoulivaati Vaitai,DET,OG,Knee,Questionable,9/24/2023
Lukas Van Ness,GB,LB,Elbow,Questionable,9/24/2023
Zeke Vandenburgh,MIA,LB,Undisclosed,IR,2/12/2024
Ke'Shawn Vaughn,TB,RB,Coach's Decision,Inactive,9/24/2023
Olivier Vernon,FA,DE,Achilles,Questionable,9/24/2023
Jason Verrett,FA,CB,Achilles,Questionable,9/24/2023
Jalen Virgil,DEN,WR,Knee - Meniscus,IR,2/12/2024
Andrew Vorhees,BAL,OG,Knee - ACL,NFI-R,10/8/2023
Jaylen Waddle,MIA,WR,Concussion,Questionable,9/24/2023
Dalton Wagner,LV,OT,Undisclosed,IR,2/12/2024
Matt Waletzko,DAL,OT,Undisclosed,IR,10/8/2023
Michael Walker,FA,WR,Undisclosed,Questionable,9/24/2023
Austin Walter,LV,RB,Undisclosed,IR,2/12/2024
Brandon Walton,TB,OT,Coach's Decision,Inactive,9/24/2023
Jimmie Ward,HOU,S,Hip,Inactive,9/24/2023
Jonathan Ward,FA,RB,Knee,Questionable,9/24/2023
Carter Warren,NYJ,OT,Undisclosed,IR,10/8/2023
Keith Washington,FA,CB,Wrist,Questionable,9/24/2023
Parker Washington,JAX,WR,Coach's Decision,Inactive,9/24/2023
Carlos Watkins,ARI,DT,Arm,Questionable,9/24/2023
Quez Watkins,PHI,WR,Hamstring,Questionable,9/25/2023
Christian Watson,GB,WR,Hamstring,Inactive,9/24/2023
Armani Watts,FA,S,Ankle,Questionable,9/24/2023
Markees Watts,TB,LB,Coach's Decision,Inactive,9/24/2023
Sterling Weatherford,FA,LB,Undisclosed,Questionable,9/24/2023
Stephen Weatherly,FA,DE,Knee,Questionable,9/24/2023
Marcus Webb,FA,DE,Undisclosed,Questionable,9/24/2023
Ken Webster,FA,CB,Undisclosed,Questionable,9/24/2023
Josh Wells,FA,OT,Hip,Questionable,9/24/2023
Barry Wesley,FA,OT,Undisclosed,Out,10/8/2023
Isaiah Weston,FA,WR,Undisclosed,Reserve-Ret,2/12/2024
Andrew Whitaker,SEA,CB,Knee,IR,2/12/2024
Cody White,FA,WR,Undisclosed,Questionable,9/24/2023
DeAndrew White,FA,WR,Undisclosed,Questionable,9/24/2023
Drew White,WAS,LB,Knee,PUP-R,10/5/2023
Javin White,FA,LB,Knee - ACL,Questionable,9/24/2023
Kedrick Whitehead,FA,S,Undisclosed,Questionable,9/24/2023
Mazzi Wilkins,FA,CB,Suspension,Reserve-Sus,10/1/2023
Avery Williams,ATL,RB,Knee - ACL,IR,2/12/2024
Chad Williams,FA,WR,Undisclosed,Questionable,9/24/2023
Damarion Williams,BAL,CB,Ankle,IR,10/8/2023
Duke Williams,FA,WR,Hamstring,Questionable,9/24/2023
Garrett Williams,ARI,CB,Knee - ACL,NFI-A,10/8/2023
Jameson Williams,DET,WR,Suspension,Reserve-Sus,10/22/2023
Jarren Williams,FA,CB,Lower Body,Questionable,9/24/2023
Jonathan Williams,FA,RB,Undisclosed,Questionable,9/24/2023
K'Waun Williams,DEN,CB,Ankle,IR,10/8/2023
Marcus Williams,BAL,S,Pectoral,Inactive,9/24/2023
Quincy Williams,NYJ,LB,Knee,Questionable,9/24/2023
Tyrell Williams,FA,WR,Concussion,Questionable,9/24/2023
Chris Williamson,FA,CB,Undisclosed,Questionable,9/24/2023
Marcus Willoughby,FA,DE,Undisclosed,Questionable,9/24/2023
Cedrick Wilson,MIA,WR,Coach's Decision,Inactive,9/24/2023
Donovan Wilson,DAL,S,Calf,Inactive,9/24/2023
Garrett Wilson,NYJ,WR,Undisclosed,Questionable,9/24/2023
Isaiah Wilson,FA,OT,Suspension,Reserve-Sus,10/1/2023
Jeff Wilson,MIA,RB,Abdomen,IR,10/8/2023
Tavon Wilson,FA,S,Foot,Questionable,9/24/2023
Perrion Winfrey,FA,DT,Suspension,Reserve-Sus,9/24/2023
Anthony Witherstone,FA,CB,Toe,Questionable,9/24/2023
Jake Witt,IND,OT,Hip,IR,2/12/2024
Samuel Womack,SF,CB,Knee,IR,10/29/2023
Jelani Woods,IND,TE,Hamstring,IR,10/8/2023
Josh Woods,ARI,LB,Ankle,Inactive,9/24/2023
Michael Woods,CLE,WR,Achilles,NFI-R,2/12/2024
Logan Woodside,ATL,QB,Coach's Decision,Inactive,9/24/2023
Riq Woolen,SEA,CB,Chest,Questionable,9/24/2023
Renell Wren,PIT,DT,Undisclosed,IR,2/12/2024
Milton Wright,FA,WR,Undisclosed,Questionable,9/24/2023
Nahshon Wright,DAL,CB,Undisclosed,IR,10/8/2023
Kenny Yeboah,NYJ,TE,Hamstring,IR,10/8/2023
Dareke Young,SEA,WR,Groin,IR,10/15/2023
Tavon Young,FA,CB,Undisclosed,Questionable,9/24/2023
Nick Zakelj,SF,OG,Coach's Decision,Inactive,9/21/2023
Kilian Zierer,HOU,OT,Ankle,IR,2/12/2024
Justin Zimmer,FA,DT,Undisclosed,Questionable,9/24/2023
Isaiah Zuber,FA,WR,Undisclosed,Questionable,9/24/2023
Greg Zuerlein,NYJ,K,Groin,Inactive,9/24/2023
Jabari Zuniga,NO,DE,Undisclosed,Reserve-Ret,2/12/2024
Shane Zylstra,DET,TE,Knee,IR,2/12/2024