Week,Rank,Team,Left Tackle,Left Guard,Center,Right Guard,Right Tackle
5,1,PHI,Jordan Mailata,Landon Dickerson,Jason Kelce,Cam Jurgens,Lane Johnson
5,2,DET,Taylor Decker,Jonah Jackson,Frank Ragnow,Hal. Vaitai,Penei Sewell
5,3,KC,Donovan Smith,Joe Thuney,Creed Humphrey,Trey Smith,Jawaan Taylor
5,4,DAL,Chuma Edoga,Tyler Smith,Tyler Biadasz,Zack Martin,Terence Steele
5,5,SF,Trent Williams,Aaron Banks,Jake Brendel,Spencer Burford,Colton McKivitz
5,6,ATL,Jake Matthews,Matthew Bergeron,Drew Dalman,Chris Lindstrom,Kaleb McGary
5,7,BUF,Dion Dawkins,Connor McGovern,Mitch Morse,O'Cyrus Torrence,Spencer Brown
5,8,IND,Blake Freeland,Quenton Nelson,Ryan Kelly,Will Fries,Braden Smith
5,9,TB,Tristan Wirfs,Matt Feiler,Robert Hainsey,Cody Mauch,Luke Goedeke
5,10,NO,Trevor Penning,James Hurst,Erik McCoy,Max Garcia,Ryan Ramczyk
5,11,CLE,Jedrick Wills,Joel Bitonio,Nick Harris,Wyatt Teller,Dawand Jones
5,12,MIN,Christian Darrisaw,Ezra Cleveland,Austin Schlottmann,Ed Ingram,Brian O'Neill
5,13,NE,Trent Brown,Atonio Mafi,David Andrews,Mike Onwenu,Vederian Lowe
5,14,DEN,Garett Bolles,Ben Powers,Lloyd Cushenberry,Quinn Meinerz,Mike McGlinchey
5,15,BAL,Ronnie Stanley,John Simpson,Tyler Linderbaum,Kevin Zeitler,Daniel Faalele
5,16,LV,Kolton Miller,Dylan Parham,Andre James,Greg Van Roten,Jermaine Eluemunor
5,17,LAC,Rashawn Slater,Zion Johnson,Will Clapp,Jamaree Salyer,Trey Pipkins
5,18,CIN,Orlando Brown,Cordell Volson,Ted Karras,Alex Cappa,Jonah Williams
5,19,NYJ,Mekhi Becton,Laken Tomlinson,Connor McGovern,Joe Tippmann,Alijah Vera-Tucker
5,20,HOU,Laremy Tunsil,Tytus Howard,Jarrett Patterson,Shaq Mason,George Fant
5,21,JAC,Cam Robinson,Walker Little,Luke Fortner,Brandon Scherff,Anton Harrison
5,22,GB,Rasheed Walker,Elgton Jenkins,Josh Myers,Jon Runyan,Zach Tom
5,23,CAR,Ikem Ekwonu,Calvin Throckmorton,Bradley Bozeman,Chander Zavala,Taylor Moton
5,24,ARZ,D.J. Humphries,Elijah Wilkinson,Hjalte Froholdt,Will Hernandez,Paris Johnson
5,25,MIA,Kendall Lamm,Isaiah Wynn,Connor Williams,Robert Hunt,Austin Jackson
5,26,WAS,Charles Leno,Saahdiq Charles,Nick Gates,Sam Cosmi,Andrew Wyile
5,27,CHI,Larry Borom,Cody Whitehair,Lucas Patrick,Teven Jenkins,Darnell Wright
5,28,LAR,Joe Noteboom,Steve Avila,Coleman Shelton,Dalton Risner,Rob Havenstein
5,29,PIT,Broderick Jones,Isaac Seumalo,Mason Cole,Nate Herbig,Chukwuma Okorafor
5,30,TEN,Andre Dillard,Peter Skoronski,Aaron Brewer,Daniel Brunskill,Chris Hubbard
5,31,NYG,Josh Ezeudu,Ben Bredeson,Mark Glowinski,Marcus McKethan,Evan Neal
5,32,SEA,Stone Forsythe,Evan Brown,Olu Oluwatimi,Anthony Bradford,Jake Curhan
6,1,PHI,Jordan Mailata,Landon Dickerson,Jason Kelce,Sua Opeta,Lane Johnson
6,2,DAL,Tyron Smith,Tyler Smith,Tyler Biadasz,Zack Martin,Terence Steele
6,3,DET,Taylor Decker,Graham Glascow,Frank Ragnow,Hal. Vaitai,Penei Sewell
6,4,KCC,Donovan Smith,Joe Thuney,Creed Humphrey,Trey Smith,Jawaan Taylor
6,5,ATL,Jake Matthews,Matthew Bergeron,Drew Dalman,Chris Lindstrom,Kaleb McGary
6,6,BAL,Ronnie Stanley,John Simpson,Tyler Linderbaum,Kevin Zeitler,Morgan Moses
6,7,NOS,Trevor Penning,James Hurst,Erik McCoy,Cesar Ruiz,Ryan Ramczyk
6,8,SFO,Trent Williams,Aaron Banks,Jake Brendel,Spencer Burford,Colton McKivitz
6,9,BUF,Dion Dawkins,Connor McGovern,Mitch Morse,O'Cyrus Torrence,Spencer Brown
6,10,TBB,Tristan Wirfs,Matt Feiler,Robert Hainsey,Cody Mauch,Luke Goedeke
6,11,DEN,Garett Bolles,Ben Powers,Lloyd Cushenberry,Quinn Meinerz,Mike McGlinchey
6,12,HOU,Laremy Tunsil,Tytus Howard,Jarrett Patterson,Shaq Mason,George Fant
6,13,MIN,Christian Darrisaw,Ezra Cleveland,Garrett Bradbury,Ed Ingram,Brian O'Neill
6,14,CIN,Orlando Brown,Cordell Volson,Ted Karras,Alex Cappa,Jonah Williams
6,15,CAR,Ikem Ekwonu,Calvin Throckmorton,Bradley Bozeman,Austin Corbett,Taylor Moton
6,16,JAC,Cam Robinson,Walker Little,Luke Fortner,Brandon Scherff,Anton Harrison
6,17,LVR,Kolton Miller,Dylan Parham,Andre James,Greg Van Roten,Jermaine Eluemunor
6,18,IND,Blake Freeland,Quenton Nelson,Ryan Kelly,Will Fries,Braden Smith
6,19,LAC,Rashawn Slater,Zion Johnson,Will Clapp,Jamaree Salyer,Trey Pipkins
6,20,NEP,Trent Brown,Atonio Mafi,David Andrews,Mike Onwenu,Vederian Lowe
6,21,ARZ,D.J. Humphries,Elijah Wilkinson,Hjalte Froholdt,Will Hernandez,Paris Johnson
6,22,GBP,Rasheed Walker,Elgton Jenkins,Josh Myers,Jon Runyan,Zach Tom
6,23,CLE,Jedrick Wills,Luke Wypler,Nick Harris,Wyatt Teller,Dawand Jones
6,24,MIA,Kendall Lamm,Isaiah Wynn,Connor Williams,Robert Hunt,Austin Jackson
6,25,LAR,Joe Noteboom,Steve Avila,Coleman Shelton,Dalton Risner,Rob Havenstein
6,26,SEA,Charles Cross,Jason Peters,Olu Oluwatimi,Anthony Bradford,Jake Curhan
6,27,CHI,Larry Borom,Cody Whitehair,Lucas Patrick,Teven Jenkins,Darnell Wright
6,28,WAS,Charles Leno,Saahdiq Charles,Nick Gates,Sam Cosmi,Andrew Wyile
6,29,NYJ,Mekhi Becton,Laken Tomlinson,Connor McGovern,Joe Tippmann,Max Mitchell
6,30,PIT,Broderick Jones,Isaac Seumalo,Mason Cole,Nate Herbig,Chukwuma Okorafor
6,31,TEN,Andre Dillard,Peter Skoronski,Aaron Brewer,Daniel Brunskill,Chris Hubbard
6,32,NYG,Josh Ezeudu,Ben Bredeson,Mark Glowinski,Marcus McKethan,Evan Neal
7,1,DAL,Tyron Smith,Tyler Smith,Tyler Biadasz,Zack Martin,Terence Steele
7,2,KCC,Donovan Smith,Joe Thuney,Creed Humphrey,Trey Smith,Jawaan Taylor
7,3,PHI,Jordan Mailata,Landon Dickerson,Jason Kelce,Sua Opeta,Jack Driscoll
7,4,DET,Taylor Decker,Kayode Awosika,Frank Ragnow,Graham Glasgow,Penei Sewell
7,5,ATL,Jake Matthews,Matthew Bergeron,Drew Dalman,Chris Lindstrom,Kaleb McGary
7,6,BAL,Ronnie Stanley,John Simpson,Tyler Linderbaum,Kevin Zeitler,Morgan Moses
7,7,SFO,Trent Williams,Aaron Banks,Jake Brendel,Spencer Burford,Colton McKivitz
7,8,BUF,Dion Dawkins,Connor McGovern,Mitch Morse,O'Cyrus Torrence,Spencer Brown
7,9,CLE,Jedrick Wills,Joel Bitonio,Nick Harris,Wyatt Teller,Dawand Jones
7,10,TBB,Tristan Wirfs,Matt Feiler,Robert Hainsey,Cody Mauch,Luke Goedeke
7,11,DEN,Garett Bolles,Ben Powers,Lloyd Cushenberry,Quinn Meinerz,Mike McGlinchey
7,12,NOS,Andrus Peat,Nick Saldiveri,Erik McCoy,Cesar Ruiz,Cam Erving
7,13,HOU,Laremy Tunsil,Tytus Howard,Jarrett Patterson,Shaq Mason,George Fant
7,14,JAX,Cam Robinson,Tyler Shatley,Luke Fortner,Brandon Scherff,Anton Harrison
7,15,MIN,Christian Darrisaw,Dalton Risner,Garrett Bradbury,Ed Ingram,Brian O'Neill
7,16,CIN,Orlando Brown,Cordell Volson,Ted Karras,Alex Cappa,Jonah Williams
7,17,LAC,Rashawn Slater,Zion Johnson,Will Clapp,Jamaree Salyer,Trey Pipkins
7,18,CAR,Ikem Ekwonu,Cade Mays,Bradley Bozeman,Austin Corbett,Taylor Moton
7,19,LVR,Kolton Miller,Dylan Parham,Andre James,Greg Van Roten,Jermaine Eluemunor
7,20,IND,Bernhard Raimann,Quenton Nelson,Ryan Kelly,Will Fries,Blake Freeland
7,21,NEP,Trent Brown,Atonio Mafi,David Andrews,Sidy Sow,Vederian Lowe
7,22,ARZ,D.J. Humphries,Elijah Wilkinson,Hjalte Froholdt,Will Hernandez,Paris Johnson
7,23,PIT,Dan Moore,Isaac Seumalo,Mason Cole,James Daniels,Chukwuma Okorafor
7,24,GBP,Rasheed Walker,Elgton Jenkins,Josh Myers,Jon Runyan,Zach Tom
7,25,MIA,Kendall Lamm,Isaiah Wynn,Connor Williams,Robert Hunt,Austin Jackson
7,26,SEA,Charles Cross,Anthony Bradford,Evan Brown,Phil Haynes,Jake Curhan
7,27,LAR,Aleric Jackson,Steve Avila,Coleman Shelton,Kevin Dotson,Rob Havenstein
7,28,WAS,Charles Leno,Saahdiq Charles,Nick Gates,Sam Cosmi,Andrew Wyile
7,29,CHI,Larry Borom,Cody Whitehair,Lucas Patrick,Teven Jenkins,Darnell Wright
7,30,NYJ,Mekhi Becton,Laken Tomlinson,Connor McGovern,Wes Schweitzer,Max Mitchell
7,31,TEN,Andre Dillard,Peter Skoronski,Aaron Brewer,Daniel Brunskill,Chris Hubbard
7,32,NYG,Tyre Phillips,Mark Glowinski,Ben Bredeson,Marcus McKethan,Evan Neal
8,1,PHI,Jordan Mailata,Landon Dickerson,Jason Kelce,Sua Opeta,Lane Johnson
8,2,DAL,Tyron Smith,Tyler Smith,Tyler Biadasz,Zack Martin,Terence Steele
8,3,KCC,Donovan Smith,Joe Thuney,Creed Humphrey,Trey Smith,Jawaan Taylor
8,4,DET,Taylor Decker,Kayode Awosika,Frank Ragnow,Graham Glasgow,Penei Sewell
8,5,NOS,Andrus Peat,Max Garcia,Erik McCoy,Cesar Ruiz,Ryan Ramcyzk
8,6,ATL,Jake Matthews,Matthew Bergeron,Drew Dalman,Chris Lindstrom,Kaleb McGary
8,7,BAL,Ronnie Stanley,John Simpson,Tyler Linderbaum,Kevin Zeitler,Morgan Moses
8,8,BUF,Dion Dawkins,Connor McGovern,Mitch Morse,O'Cyrus Torrence,Spencer Brown
8,9,NEP,Trent Brown,Cole Strange,David Andrews,Sidy Sow,Michael Onwenu
8,10,CLE,Jedrick Wills,Joel Bitonio,Nick Harris,Wyatt Teller,Dawand Jones
8,11,DEN,Garett Bolles,Ben Powers,Lloyd Cushenberry,Quinn Meinerz,Mike McGlinchey
8,12,TBB,Tristan Wirfs,Aaron Stinnie,Robert Hainsey,Cody Mauch,Luke Goedeke
8,13,HOU,Laremy Tunsil,Tytus Howard,Jarrett Patterson,Shaq Mason,George Fant
8,14,JAX,Cam Robinson,Tyler Shatley,Luke Fortner,Brandon Scherff,Anton Harrison
8,15,MIN,Christian Darrisaw,Dalton Risner,Garrett Bradbury,Ed Ingram,Brian O'Neill
8,16,LAC,Rashawn Slater,Zion Johnson,Will Clapp,Jamaree Salyer,Trey Pipkins
8,17,CIN,Orlando Brown,Cordell Volson,Ted Karras,Alex Cappa,Jonah Williams
8,18,CAR,Ikem Ekwonu,Chandler Zavala,Bradley Bozeman,Austin Corbett,Taylor Moton
8,19,LVR,Kolton Miller,Dylan Parham,Andre James,Greg Van Roten,Jermaine Eluemunor
8,20,IND,Bernhard Raimann,Quenton Nelson,Ryan Kelly,Will Fries,Blake Freeland
8,21,NYG,Anthony Thomas,Ben Bredeson,John Michael Schmitz,Mark Glowinski,Tyre Phillips
8,22,PIT,Dan Moore,Isaac Seumalo,Mason Cole,James Daniels,Chukwuma Okorafor
8,23,ARZ,D.J. Humphries,Trystan Colon,Hjalte Froholdt,Will Hernandez,Paris Johnson
8,24,GBP,Rasheed Walker,Elgton Jenkins,Josh Myers,Jon Runyan,Zach Tom
8,25,SEA,Charles Cross,Damien Lewis,Evan Brown,Anthony Bradford,Stone Forsythe
8,26,LAR,Aleric Jackson,Steve Avila,Coleman Shelton,Kevin Dotson,Rob Havenstein
8,27,CHI,Larry Borom,Cody Whitehair,Lucas Patrick,Teven Jenkins,Darnell Wright
8,28,WAS,Charles Leno,Ricky Stromberg,Nick Gates,Sam Cosmi,Andrew Wyile
8,29,SFO,Jaylon Moore,Aaron Banks,Jake Brendel,Spencer Burford,Colton McKivitz
8,30,NYJ,Mekhi Becton,Laken Tomlinson,Connor McGovern,Wes Schweitzer,Max Mitchell
8,31,TEN,Andre Dillard,Peter Skoronski,Aaron Brewer,Daniel Brunskill,Chris Hubbard
8,32,MIA,Kendall Lamm,Lester Cotton,Liam Eichenberg,Robert Hunt,Austin Jackson
9,1,PHI,Jordan Mailata,Landon Dickerson,Jason Kelce,Cam Jurgens,Lane Johnson
9,2,KCC,Donovan Smith,Joe Thuney,Creed Humphrey,Trey Smith,Jawaan Taylor
9,3,DET,Taylor Decker,Jonah Jackson,Frank Ragnow,Graham Glasgow,Penei Sewell
9,4,NOS,Andrus Peat,Max Garcia,Erik McCoy,Cesar Ruiz,Ryan Ramcyzk
9,5,DAL,Chuma Edoga,Tyler Smith,Tyler Biadasz,Zack Martin,Terence Steele
9,6,ATL,Jake Matthews,Matthew Bergeron,Drew Dalman,Chris Lindstrom,Kaleb McGary
9,7,BAL,Ronnie Stanley,John Simpson,Tyler Linderbaum,Kevin Zeitler,Morgan Moses
9,8,SFO,Trent Williams,Aaron Banks,Jake Brendel,Spencer Burford,Colton McKivitz
9,9,BUF,Dion Dawkins,Connor McGovern,Mitch Morse,O'Cyrus Torrence,Spencer Brown
9,10,NEP,Trent Brown,Cole Strange,David Andrews,Sidy Sow,Michael Onwenu
9,11,CLE,Jedrick Wills,Joel Bitonio,Nick Harris,Wyatt Teller,James Hudson
9,12,DEN,Garett Bolles,Ben Powers,Lloyd Cushenberry,Quinn Meinerz,Mike McGlinchey
9,13,JAX,Cam Robinson,Ezra Cleveland,Luke Fortner,Brandon Scherff,Anton Harrison
9,14,TBB,Tristan Wirfs,Aaron Stinnie,Robert Hainsey,Cody Mauch,Luke Goedeke
9,15,MIN,Christian Darrisaw,Dalton Risner,Garrett Bradbury,Ed Ingram,Brian O'Neill
9,16,MIA,Terron Armstead,Liam Eichenberg,Connor Williams,Robert Hunt,Austin Jackson
9,17,HOU,Laremy Tunsil,Tytus Howard,Michael Deiter,Shaq Mason,George Fant
9,18,IND,Bernhard Raimann,Quenton Nelson,Ryan Kelly,Will Fries,Blake Freeland
9,19,LAC,Rashawn Slater,Zion Johnson,Will Clapp,Jamaree Salyer,Trey Pipkins
9,20,CIN,Orlando Brown,Cordell Volson,Ted Karras,Alex Cappa,Jonah Williams
9,21,CAR,Ikem Ekwonu,Chandler Zavala,Bradley Bozeman,Austin Corbett,Taylor Moton
9,22,NYG,Andrew Thomas,Ben Bredeson,John Michael Schmitz,Mark Glowinski,Tyre Phillips
9,23,LVR,Kolton Miller,Dylan Parham,Andre James,Greg Van Roten,Jermaine Eluemunor
9,24,PIT,Dan Moore,Isaac Seumalo,Mason Cole,James Daniels,Chukwuma Okorafor
9,25,GBP,Yosh Nijman,Elgton Jenkins,Josh Myers,Jon Runyan,Zach Tom
9,26,SEA,Charles Cross,Damien Lewis,Evan Brown,Anthony Bradford,Stone Forsythe
9,27,ARZ,D.J. Humphries,Dennis Daley,Hjalte Froholdt,Will Hernandez,Paris Johnson
9,28,CHI,Larry Borom,Cody Whitehair,Lucas Patrick,Teven Jenkins,Darnell Wright
9,29,WAS,Charles Leno,Chris Paul,Nick Gates,Sam Cosmi,Andrew Wyile
9,30,NYJ,Duane Brown,Laken Tomlinson,Joe Tippmann,Billy Turner,Mekhi Becton
9,31,LAR,Aleric Jackson,Steve Avila,Coleman Shelton,Kevin Dotson,Joe Noteboom
9,32,TEN,Andre Dillard,Peter Skoronski,Aaron Brewer,Daniel Brunskill,Nicholas Peter-Frere
10,1,PHI,Jordan Mailata,Landon Dickerson,Jason Kelce,Tyler Steen,Lane Johnson
10,2,DAL,Tyler Smith,Tyler Smith,Tyler Biadasz,Zack Martin,Terence Steele
10,3,DET,Taylor Decker,Jonah Jackson,Frank Ragnow,Graham Glasgow,Penei Sewell
10,4,KCC,Donovan Smith,Joe Thuney,Creed Humphrey,Trey Smith,Jawaan Taylor
10,5,NOS,Andrus Peat,James Hurst,Erik McCoy,Cesar Ruiz,Ryan Ramcyzk
10,6,IND,Bernhard Raimann,Quenton Nelson,Ryan Kelly,Will Fries,Braden Smith
10,7,ATL,Jake Matthews,Matthew Bergeron,Drew Dalman,Chris Lindstrom,Kaleb McGary
10,8,BAL,Ronnie Stanley,John Simpson,Tyler Linderbaum,Kevin Zeitler,Morgan Moses
10,9,BUF,Dion Dawkins,Connor McGovern,Mitch Morse,O'Cyrus Torrence,Spencer Brown
10,10,NEP,Trent Brown,Cole Strange,David Andrews,Sidy Sow,Michael Onwenu
10,11,DEN,Garett Bolles,Ben Powers,Lloyd Cushenberry,Quinn Meinerz,Mike McGlinchey
10,12,JAX,Cam Robinson,Ezra Cleveland,Luke Fortner,Brandon Scherff,Anton Harrison
10,13,TBB,Tristan Wirfs,Aaron Stinnie,Robert Hainsey,Cody Mauch,Luke Goedeke
10,14,MIN,Christian Darrisaw,Dalton Risner,Garrett Bradbury,Ed Ingram,Brian O'Neill
10,15,MIA,Terron Armstead,Liam Eichenberg,Connor Williams,Robert Hunt,Austin Jackson
10,16,HOU,Laremy Tunsil,Tytus Howard,Michael Deiter,Shaq Mason,George Fant
10,17,CAR,Ikem Ekwonu,Calvin Throckmorton,Bradley Bozeman,Austin Corbett,Taylor Moton
10,18,LAC,Rashawn Slater,Zion Johnson,Will Clapp,Jamaree Salyer,Trey Pipkins
10,19,CIN,Orlando Brown,Cordell Volson,Ted Karras,Alex Cappa,Jonah Williams
10,20,CLE,James Hudson,Joel Bitonio,Ethan Pocic,Wyatt Teller,Dawand Jones
10,21,NYG,Andrew Thomas,Ben Bredeson,John Michael Schmitz,Mark Glowinski,Tyre Phillips
10,22,LVR,Kolton Miller,Dylan Parham,Andre James,Greg Van Roten,Jermaine Eluemunor
10,23,PIT,Dan Moore,Isaac Seumalo,Mason Cole,James Daniels,Chukwuma Okorafor
10,24,CHI,Braxton Jones,Teven Jenkins,Lucas Patrick,Cody Whitehair,Darnell Wright
10,25,SEA,Charles Cross,Damien Lewis,Evan Brown,Anthony Bradford,Stone Forsythe
10,26,GBP,Yosh Nijman,Elgton Jenkins,Josh Myers,Sean Rhyan,Zach Tom
10,27,WAS,Charles Leno,Chris Paul,Tyler Larsen,Sam Cosmi,Andrew Wyile
10,28,NYJ,Duane Brown,Laken Tomlinson,Joe Tippmann,Max Mitchell,Mekhi Becton
10,29,SFO,Jaylon Moore,Aaron Banks,Jake Brendel,Spencer Burford,Colton McKivitz
10,30,ARZ,Kelvin Beachum,Dennis Daley,Hjalte Froholdt,Carter O'Donnell,Paris Johnson
10,31,LAR,Aleric Jackson,Steve Avila,Coleman Shelton,Kevin Dotson,Joe Noteboom
10,32,TEN,Andre Dillard,Peter Skoronski,Aaron Brewer,Daniel Brunskill,Chris Hubbard
11,1,PHI,Jordan Mailata,Landon Dickerson,Jason Kelce,Cam Jurgens,Lane Johnson
11,2,DAL,Tyler Smith,Tyler Smith,Tyler Biadasz,Zack Martin,Terence Steele
11,3,DET,Taylor Decker,Jonah Jackson,Frank Ragnow,Graham Glasgow,Penei Sewell
11,4,KCC,Donovan Smith,Joe Thuney,Creed Humphrey,Trey Smith,Jawaan Taylor
11,5,NOS,Andrus Peat,James Hurst,Erik McCoy,Cesar Ruiz,Ryan Ramcyzk
11,6,IND,Bernhard Raimann,Quenton Nelson,Ryan Kelly,Will Fries,Braden Smith
11,7,ATL,Jake Matthews,Matthew Bergeron,Drew Dalman,Chris Lindstrom,Kaleb McGary
11,8,SFO,Trent Williams,Aaron Banks,Jake Brendel,Spencer Burford,Colton McKivitz
11,9,BUF,Dion Dawkins,Connor McGovern,Mitch Morse,O'Cyrus Torrence,Spencer Brown
11,10,NEP,Trent Brown,Cole Strange,David Andrews,Sidy Sow,Michael Onwenu
11,11,TBB,Tristan Wirfs,Matt Feiler,Robert Hainsey,Cody Mauch,Luke Goedeke
11,12,DEN,Garett Bolles,Ben Powers,Lloyd Cushenberry,Quinn Meinerz,Mike McGlinchey
11,13,MIN,Christian Darrisaw,Dalton Risner,Garrett Bradbury,Ed Ingram,Brian O'Neill
11,14,HOU,Laremy Tunsil,Tytus Howard,Michael Deiter,Shaq Mason,George Fant
11,15,MIA,Terron Armstead,Liam Eichenberg,Connor Williams,Lester Cotton,Austin Jackson
11,16,CAR,Ikem Ekwonu,Chandler Zavala,Bradley Bozeman,Austin Corbett,Taylor Moton
11,17,JAX,Cam Robinson,Walker Little,Luke Fortner,Brandon Scherff,Anton Harrison
11,18,LAC,Rashawn Slater,Zion Johnson,Will Clapp,Jamaree Salyer,Trey Pipkins
11,19,CIN,Orlando Brown,Cordell Volson,Ted Karras,Alex Cappa,Jonah Williams
11,20,BAL,Patrick Mekari,John Simpson,Tyler Linderbaum,Kevin Zeitler,Morgan Moses
11,21,CLE,James Hudson,Joel Bitonio,Nick Harris,Wyatt Teller,Geron Christian
11,22,NYG,Andrew Thomas,Ben Bredeson,John Michael Schmitz,Justin Pugh,Tyre Phillips
11,23,CHI,Braxton Jones,Teven Jenkins,Cody Whitehair,Nate Davis,Darnell Wright
11,24,PIT,Dan Moore,Isaac Seumalo,Mason Cole,James Daniels,Chukwuma Okorafor
11,25,GBP,Royce Newman,Elgton Jenkins,Josh Myers,Jon Runyan,Zach Tom
11,26,SEA,Charles Cross,Damien Lewis,Evan Brown,Anthony Bradford,Stone Forsythe
11,27,ARZ,D.J. Humphries,Trystan Colon,Hjalte Froholdt,Dennis Daley,Paris Johnson
11,28,LVR,Jermaine Eluemunor,Dylan Parham,Andre James,Greg Van Roten,Thayer Munford
11,29,NYJ,Mekhi Becton,Laken Tomlinson,Joe Tippmann,Xavier Newman,Max Mitchell
11,30,WAS,Charles Leno,Chris Paul,Nick Gates,Sam Cosmi,Andrew Wyile
11,31,LAR,Aleric Jackson,Steve Avila,Coleman Shelton,Kevin Dotson,Rob Havenstein
11,32,TEN,Andrew Rupcich,Peter Skoronski,Aaron Brewer,Daniel Brunskill,Chris Hubbard
13,1,PHI,Jordan Mailata,Landon Dickerson,Jason Kelce,Cam Jurgens,Lane Johnson
13,2,DAL,Tyron Smith,Tyler Smith,Tyler Biadasz,Zack Martin,Terence Steele
13,3,DET,Taylor Decker,Jonah Jackson,Frank Ragnow,Graham Glasgow,Penei Sewell
13,4,KCC,Donovan Smith,Joe Thuney,Creed Humphrey,Trey Smith,Jawaan Taylor
13,5,NOS,Andrus Peat,James Hurst,Erik McCoy,Cesar Ruiz,Ryan Ramcyzk
13,6,IND,Bernhard Raimann,Quenton Nelson,Ryan Kelly,Will Fries,Braden Smith
13,7,BAL,Ronnie Stanley,John Simpson,Tyler Linderbaum,Kevin Zeitler,Morgan Moses
13,8,ATL,Jake Matthews,Matthew Bergeron,Drew Dalman,Chris Lindstrom,Kaleb McGary
13,9,BUF,Dion Dawkins,Connor McGovern,Mitch Morse,O'Cyrus Torrence,Spencer Brown
13,10,DEN,Garett Bolles,Ben Powers,Lloyd Cushenberry,Quinn Meinerz,Mike McGlinchey
13,11,SFO,Trent Williams,Aaron Banks,Jake Brendel,Spencer Burford,Colton McKivitz
13,12,NEP,Trent Brown,Cole Strange,David Andrews,Sidy Sow,Michael Onwenu
13,13,CLE,Geron Christian,Joel Bitonio,Nick Harris,Wyatt Teller,Dawand Jones
13,14,TBB,Tristan Wirfs,Aaron Stinnie,Robert Hainsey,Cody Mauch,Luke Goedeke
13,15,MIN,Christian Darrisaw,Dalton Risner,Garrett Bradbury,Ed Ingram,Brian O'Neill
13,16,MIA,Terron Armstead,Lester Cotton,Connor Williams,Liam Eichenberg,Austin Jackson
13,17,NYG,Andrew Thomas,Ben Bredeson,John Michael Schmitz,Justin Pugh,Tyre Phillips
13,18,LAC,Rashawn Slater,Zion Johnson,Will Clapp,Jamaree Salyer,Trey Pipkins
13,19,SEA,Charles Cross,Damien Lewis,Evan Brown,Anthony Bradford,Abraham Lucas
13,20,CIN,Orlando Brown,Cordell Volson,Ted Karras,Alex Cappa,Jonah Williams
13,21,LVR,Kolton Miller,Dylan Parham,Andre James,Greg Van Roten,Jermaine Eluemunor
13,22,PIT,Dan Moore,Isaac Seumalo,Mason Cole,James Daniels,Broderick Jones
13,23,CAR,Ikem Ekwonu,Cade Mays,Bradley Bozeman,Brett Toth,Taylor Moton
13,24,JAX,Walker Little,Ezra Cleveland,Luke Fortner,Brandon Scherff,Anton Harrison
13,25,HOU,Laremy Tunsil,Juice Scruggs,Michael Deiter,Shaq Mason,George Fant
13,26,GBO,Rasheed Walker,Elgton Jenkins,Josh Myers,Jon Runyan,Zach Tom
13,27,CHI,Braxton Jones,Cody Whitehair,Lucas Patrick,Nate Davis,Darnell Wright
13,28,ARZ,D.J. Humphries,Trystan Colon,Hjalte Froholdt,Dennis Daley,Paris Johnson
13,29,WAS,Charles Leno,Chris Paul,Nick Gates,Sam Cosmi,Andrew Wyile
13,30,LAR,Aleric Jackson,Steve Avila,Coleman Shelton,Kevin Dotson,Rob Havenstein
13,31,TEN,Jaelyn Duncan,Peter Skoronski,Aaron Brewer,Daniel Brunskill,Dillon Radunz
13,32,NYJ,Carter Warren,Laken Tomlinson,Joe Tippmann,Xavier Newman,Max Mitchell
14,1,PHI,Jordan Mailata,Landon Dickerson,Jason Kelce,Cam Jurgens,Lane Johnson
14,2,DAL,Tyron Smith,Tyler Smith,Tyler Biadasz,Zack Martin,Terence Steele
14,3,KCC,Wanya Morris,Joe Thuney,Creed Humphrey,Trey Smith,Jawaan Taylor
14,4,NOS,Andrus Peat,James Hurst,Erik McCoy,Cesar Ruiz,Ryan Ramcyzk
14,5,DET,Taylor Decker,Jonah Jackson,Graham Glasgow,Colby Sorsdal,Penei Sewell
14,6,BAL,Ronnie Stanley,John Simpson,Tyler Linderbaum,Kevin Zeitler,Morgan Moses
14,7,BUF,Dion Dawkins,Connor McGovern,Mitch Morse,O'Cyrus Torrence,Spencer Brown
14,8,DEN,Garett Bolles,Ben Powers,Lloyd Cushenberry,Quinn Meinerz,Mike McGlinchey
14,9,SFO,Trent Williams,Aaron Banks,Jake Brendel,Jon Felciano,Colton McKivitz
14,10,CLE,Geron Christian,Joel Bitonio,Nick Harris,Wyatt Teller,Dawand Jones
14,11,NEP,Trent Brown,Cole Strange,David Andrews,Sidy Sow,Michael Onwenu
14,12,CIN,Orlando Brown,Cordell Volson,Ted Karras,Alex Cappa,Jonah Williams
14,13,IND,Bernhard Raimann,Quenton Nelson,Ryan Kelly,Will Fries,Blake Freeland
14,14,MIN,Christian Darrisaw,Dalton Risner,Garrett Bradbury,Ed Ingram,Brian O'Neill
14,15,ATL,Jake Matthews,Matthew Bergeron,Drew Dalman,Chris Lindstrom,Storm Norton
14,16,NYG,Andrew Thomas,Ben Bredeson,John Michael Schmitz,Justin Pugh,Tyre Phillips
14,17,LAC,Rashawn Slater,Zion Johnson,Will Clapp,Jamaree Salyer,Trey Pipkins
14,18,SEA,Charles Cross,Damien Lewis,Evan Brown,Anthony Bradford,Abraham Lucas
14,19,MIA,Terron Armstead,Liam Eichenberg,Connor Williams,Lester Cotton,Austin Jackson
14,20,TBB,Tristan Wirfs,Aaron Stinnie,Robert Hainsey,Cody Mauch,Luke Goedeke
14,21,HOU,Laremy Tunsil,Juice Scruggs,Michael Deiter,Shaq Mason,George Fant
14,22,ARZ,D.J. Humphries,Trystan Colon,Hjalte Froholdt,Will Hernandez,Paris Johnson
14,23,PIT,Dan Moore,Isaac Seumalo,Mason Cole,James Daniels,Broderick Jones
14,24,CAR,Ikem Ekwonu,Justin McCray,Bradley Bozeman,Nash Jensen,Taylor Moton
14,25,JAX,Blake Hance,Ezra Cleveland,Luke Fortner,Brandon Scherff,Anton Harrison
14,26,GBO,Rasheed Walker,Elgton Jenkins,Josh Myers,Jon Runyan,Zach Tom
14,27,CHI,Braxton Jones,Cody Whitehair,Lucas Patrick,Nate Davis,Darnell Wright
14,28,LVR,Jermaine Eluemunor,Dylan Parham,Andre James,Greg Van Roten,Thayer Munford
14,29,WAS,Charles Leno,Chris Paul,Nick Gates,Sam Cosmi,Andrew Wyile
14,30,LAR,Aleric Jackson,Steve Avila,Coleman Shelton,Kevin Dotson,Rob Havenstein
14,31,NYJ,Mekhi Becton,Laken Tomlinson,Joe Tippmann,Wes Schweitzer,Carter Warren
14,32,TEN,Jaelyn Duncan,Peter Skoronski,Aaron Brewer,Daniel Brunskill,Dillon Radunz
15,1,PHI,Jordan Mailata,Landon Dickerson,Jason Kelce,Cam Jurgens,Lane Johnson
15,2,DAL,Tyron Smith,Tyler Smith,Tyler Biadasz,Zack Martin,Terence Steele
15,3,DET,Taylor Decker,Jonah Jackson,Frank Ragnow,Graham Glasgow,Penei Sewell
15,4,KCC,Wanya Morris,Joe Thuney,Creed Humphrey,Trey Smith,Jawaan Taylor
15,5,NOS,Andrus Peat,James Hurst,Erik McCoy,Cesar Ruiz,Ryan Ramcyzk
15,6,BAL,Ronnie Stanley,John Simpson,Tyler Linderbaum,Kevin Zeitler,Morgan Moses
15,7,BUF,Dion Dawkins,Connor McGovern,Mitch Morse,O'Cyrus Torrence,Spencer Brown
15,8,DEN,Garett Bolles,Ben Powers,Lloyd Cushenberry,Quinn Meinerz,Mike McGlinchey
15,9,SFO,Trent Williams,Aaron Banks,Jake Brendel,Jon Felciano,Colton McKivitz
15,10,NEP,Trent Brown,Cole Strange,David Andrews,Sidy Sow,Michael Onwenu
15,11,CIN,Orlando Brown,Cordell Volson,Ted Karras,Alex Cappa,Jonah Williams
15,12,NYG,Andrew Thomas,Ben Bredeson,John Michael Schmitz,Justin Pugh,Evan Neal
15,13,IND,Bernhard Raimann,Quenton Nelson,Ryan Kelly,Will Fries,Blake Freeland
15,14,CLE,Geron Christian,Joel Bitonio,Nick Harris,Wyatt Teller,James Hudson
15,15,LAC,Rashawn Slater,Zion Johnson,Will Clapp,Jamaree Salyer,Trey Pipkins
15,16,SEA,Charles Cross,Damien Lewis,Evan Brown,Anthony Bradford,Abraham Lucas
15,17,TBB,Tristan Wirfs,Aaron Stinnie,Robert Hainsey,Cody Mauch,Luke Goedeke
15,18,HOU,Laremy Tunsil,Juice Scruggs,Michael Deiter,Shaq Mason,George Fant
15,19,ARZ,D.J. Humphries,Trystan Colon,Hjalte Froholdt,Will Hernandez,Paris Johnson
15,20,JAX,Walker Little,Ezra Cleveland,Luke Fortner,Brandon Scherff,Anton Harrison
15,21,PIT,Dan Moore,Isaac Seumalo,Mason Cole,James Daniels,Broderick Jones
15,22,CHI,Braxton Jones,Teven Jenkins,Lucas Patrick,Nate Davis,Darnell Wright
15,23,CAR,Ikem Ekwonu,Cade Mays,Bradley Bozeman,Nash Jensen,Taylor Moton
15,24,GBP,Rasheed Walker,Elgton Jenkins,Josh Myers,Jon Runyan,Zach Tom
15,25,ATL,Tyler Vrabel,Matthew Bergeron,Drew Dalman,Chris Lindstrom,Storm Norton
15,26,WAS,Charles Leno,Chris Paul,Nick Gates,Sam Cosmi,Andrew Wyile
15,27,MIN,Christian Darrisaw,Dalton Risner,Garrett Bradbury,Ed Ingram,David Quessenberry
15,28,LVR,Jermaine Eluemunor,Dylan Parham,Jordan Meredith,Greg Van Roten,Thayer Munford
15,29,NYJ,Mekhi Becton,Laken Tomlinson,Joe Tippmann,Jake Hanson,Billy Turner
15,30,LAR,Aleric Jackson,Steve Avila,Coleman Shelton,Kevin Dotson,Joe Noteboom
15,31,MIA,Kendall Lamm,Lester Cotton,Liam Eichenberg,Robert Jones,Austin Jackson
15,32,TEN,Jaelyn Duncan,Peter Skoronski,Aaron Brewer,Calvin Throckmorton,Dillon Radunz
16,1,DAL,Tyron Smith,Tyler Smith,Tyler Biadasz,Zack Martin,Terence Steele
16,2,PHI,Jordan Mailata,Sua Opeta,Jason Kelce,Tyler Steen,Lane Johnson
16,3,DET,Taylor Decker,Jonah Jackson,Frank Ragnow,Graham Glasgow,Penei Sewell
16,4,KCC,Wanya Morris,Joe Thuney,Creed Humphrey,Trey Smith,Jawaan Taylor
16,5,BAL,Ronnie Stanley,John Simpson,Tyler Linderbaum,Kevin Zeitler,Morgan Moses
16,6,SFO,Trent Williams,Aaron Banks,Jake Brendel,Jon Felciano,Colton McKivitz
16,7,BUF,Dion Dawkins,Connor McGovern,Mitch Morse,O'Cyrus Torrence,Spencer Brown
16,8,DEN,Garett Bolles,Ben Powers,Lloyd Cushenberry,Quinn Meinerz,Mike McGlinchey
16,9,NOS,Andrus Peat,James Hurst,Erik McCoy,Cesar Ruiz,Landon Young
16,10,CIN,Orlando Brown,Cordell Volson,Ted Karras,Alex Cappa,Jonah Williams
16,11,IND,Bernhard Raimann,Quenton Nelson,Ryan Kelly,Will Fries,Blake Freeland
16,12,ATL,Jake Matthews,Matthew Bergeron,Drew Dalman,Chris Lindstrom,Storm Norton
16,13,NYG,Andrew Thomas,Ben Bredeson,John Michael Schmitz,Justin Pugh,Tyre Phillips
16,14,SEA,Charles Cross,Damien Lewis,Evan Brown,Anthony Bradford,Abraham Lucas
16,15,TBB,Tristan Wirfs,Aaron Stinnie,Robert Hainsey,Cody Mauch,Luke Goedeke
16,16,HOU,Laremy Tunsil,Juice Scruggs,Michael Deiter,Shaq Mason,George Fant
16,17,CAR,Ikem Ekwonu,Cade Mays,Bradley Bozeman,Gabe Jackson,Taylor Moton
16,18,JAC,Walker Little,Ezra Cleveland,Luke Fortner,Brandon Scherff,Anton Harrison
16,19,ARZ,D.J. Humphries,Trystan Colon,Hjalte Froholdt,Will Hernandez,Paris Johnson
16,20,PIT,Dan Moore,Isaac Seumalo,Mason Cole,James Daniels,Broderick Jones
16,21,LAC,Rashawn Slater,Zion Johnson,Braden Jaimes,Jamaree Salyer,Trey Pipkins
16,22,GBP,Rasheed Walker,Elgton Jenkins,Josh Myers,Jon Runyan,Zach Tom
16,23,NEP,Vederian Lowe,Cole Strange,David Andrews,Sidy Sow,Michael Onwenu
16,24,CLE,Geron Christian,Michael Dunn,Nick Harris,Wyatt Teller,James Hudson
16,25,CHI,Braxton Jones,Cody Whitehair,Lucas Patrick,Nate Davis,Darnell Wright
16,26,MIA,Terron Armstead,Lester Cotton,Liam Eichenberg,Robert Jones,Kendall Lamm
16,27,LAR,Aleric Jackson,Steve Avila,Coleman Shelton,Kevin Dotson,Rob Havenstein
16,28,MIN,Christian Darrisaw,Dalton Risner,Garrett Bradbury,Ed Ingram,David Quessenberry
16,29,LVR,Jermaine Eluemunor,Dylan Parham,Jordan Meredith,Greg Van Roten,Thayer Munford
16,30,NYJ,Mekhi Becton,Laken Tomlinson,Joe Tippmann,Jake Hanson,Billy Turner
16,31,WAS,Cornelius Lucas,Chris Paul,Nick Gates,Sam Cosmi,Andrew Wyile
16,32,TEN,Jaelyn Duncan,Peter Skoronski,Aaron Brewer,Daniel Brunskill,Dillon Radunz