Position,Name + ID,Name,ID,Roster Position,Salary,Game Info,TeamAbbrev,AvgPointsPerGame
WR,Puka Nacua (40308232),Puka Nacua,40308232,WR/FLEX,8700,LAR@BAL 10/12/2025 01:00PM ET,LAR,28.6
RB,Jonathan Taylor (40308006),Jonathan Taylor,40308006,RB/FLEX,8500,ARI@IND 10/12/2025 01:00PM ET,IND,25.46
RB,Christian McCaffrey (40308008),Christian McCaffrey,40308008,RB/FLEX,8400,SF@TB 10/12/2025 04:25PM ET,SF,24.78
RB,De'Von Achane (40308010),De'Von Achane,40308010,RB/FLEX,7800,LAC@MIA 10/12/2025 01:00PM ET,MIA,18.5
WR,Ja'Marr Chase (40308234),Ja'Marr Chase,40308234,WR/FLEX,7700,CIN@GB 10/12/2025 04:25PM ET,CIN,18.66
WR,Jaxon Smith-Njigba (40308236),Jaxon Smith-Njigba,40308236,WR/FLEX,7600,SEA@JAX 10/12/2025 01:00PM ET,SEA,21.7
WR,CeeDee Lamb (40308238),CeeDee Lamb,40308238,WR/FLEX,7500,DAL@CAR 10/12/2025 01:00PM ET,DAL,14.73
RB,Josh Jacobs (40308012),Josh Jacobs,40308012,RB/FLEX,7300,CIN@GB 10/12/2025 04:25PM ET,GB,18.12
WR,Emeka Egbuka (40308240),Emeka Egbuka,40308240,WR/FLEX,7200,SF@TB 10/12/2025 04:25PM ET,TB,21.68
QB,Lamar Jackson (40307936),Lamar Jackson,40307936,QB,7000,LAR@BAL 10/12/2025 01:00PM ET,BAL,23.84
RB,Bucky Irving (40308014),Bucky Irving,40308014,RB/FLEX,7000,SF@TB 10/12/2025 04:25PM ET,TB,19
RB,Ashton Jeanty (40308016),Ashton Jeanty,40308016,RB/FLEX,6900,TEN@LV 10/12/2025 04:05PM ET,LV,15.82
WR,George Pickens (40308242),George Pickens,40308242,WR/FLEX,6800,DAL@CAR 10/12/2025 01:00PM ET,DAL,18.34
WR,Davante Adams (40308244),Davante Adams,40308244,WR/FLEX,6700,LAR@BAL 10/12/2025 01:00PM ET,LAR,15.74
QB,Baker Mayfield (40307937),Baker Mayfield,40307937,QB,6600,SF@TB 10/12/2025 04:25PM ET,TB,21.94
WR,Mike Evans (40308246),Mike Evans,40308246,WR/FLEX,6600,SF@TB 10/12/2025 04:25PM ET,TB,11.33
QB,Dak Prescott (40307938),Dak Prescott,40307938,QB,6500,DAL@CAR 10/12/2025 01:00PM ET,DAL,22.05
RB,Omarion Hampton (40308018),Omarion Hampton,40308018,RB/FLEX,6500,LAC@MIA 10/12/2025 01:00PM ET,LAC,16
QB,Matthew Stafford (40307939),Matthew Stafford,40307939,QB,6400,LAR@BAL 10/12/2025 01:00PM ET,LAR,21.34
RB,Javonte Williams (40308020),Javonte Williams,40308020,RB/FLEX,6400,DAL@CAR 10/12/2025 01:00PM ET,DAL,21.5
RB,Kyren Williams (40308022),Kyren Williams,40308022,RB/FLEX,6300,LAR@BAL 10/12/2025 01:00PM ET,LAR,17.32
QB,Justin Herbert (40307940),Justin Herbert,40307940,QB,6300,LAC@MIA 10/12/2025 01:00PM ET,LAC,19.89
RB,Derrick Henry (40308024),Derrick Henry,40308024,RB/FLEX,6200,LAR@BAL 10/12/2025 01:00PM ET,BAL,12.86
WR,Brian Thomas Jr. (40308248),Brian Thomas Jr.,40308248,WR/FLEX,6200,SEA@JAX 10/12/2025 01:00PM ET,JAX,9.6
QB,Jordan Love (40307941),Jordan Love,40307941,QB,6200,CIN@GB 10/12/2025 04:25PM ET,GB,19.8
RB,Kenneth Walker III (40308026),Kenneth Walker III,40308026,RB/FLEX,6100,SEA@JAX 10/12/2025 01:00PM ET,SEA,13.36
WR,Jaylen Waddle (40308250),Jaylen Waddle,40308250,WR/FLEX,6100,LAC@MIA 10/12/2025 01:00PM ET,MIA,14.7
QB,Brock Purdy (40307942),Brock Purdy,40307942,QB,6100,SF@TB 10/12/2025 04:25PM ET,SF,21.22
WR,Tetairoa McMillan (40308252),Tetairoa McMillan,40308252,WR/FLEX,6000,DAL@CAR 10/12/2025 01:00PM ET,CAR,12.42
QB,Daniel Jones (40307943),Daniel Jones,40307943,QB,6000,ARI@IND 10/12/2025 01:00PM ET,IND,20.04
RB,Rachaad White (40308028),Rachaad White,40308028,RB/FLEX,6000,SF@TB 10/12/2025 04:25PM ET,TB,10.26
WR,Zay Flowers (40308254),Zay Flowers,40308254,WR/FLEX,5900,LAR@BAL 10/12/2025 01:00PM ET,BAL,15.18
RB,Travis Etienne Jr. (40308032),Travis Etienne Jr.,40308032,RB/FLEX,5900,SEA@JAX 10/12/2025 01:00PM ET,JAX,16.28
WR,Quentin Johnston (40308256),Quentin Johnston,40308256,WR/FLEX,5900,LAC@MIA 10/12/2025 01:00PM ET,LAC,17.48
RB,Quinshon Judkins (40308030),Quinshon Judkins,40308030,RB/FLEX,5900,CLE@PIT 10/12/2025 01:00PM ET,CLE,16.22
QB,Drake Maye (40307944),Drake Maye,40307944,QB,5900,NE@NO 10/12/2025 01:00PM ET,NE,19.93
RB,Chuba Hubbard (40308034),Chuba Hubbard,40308034,RB/FLEX,5800,DAL@CAR 10/12/2025 01:00PM ET,CAR,14.02
RB,Rico Dowdle (40308036),Rico Dowdle,40308036,RB/FLEX,5800,DAL@CAR 10/12/2025 01:00PM ET,CAR,11.34
WR,Jakobi Meyers (40308258),Jakobi Meyers,40308258,WR/FLEX,5800,TEN@LV 10/12/2025 04:05PM ET,LV,10.8
WR,Stefon Diggs (40308260),Stefon Diggs,40308260,WR/FLEX,5800,NE@NO 10/12/2025 01:00PM ET,NE,14.18
QB,Kyler Murray (40307945),Kyler Murray,40307945,QB,5700,ARI@IND 10/12/2025 01:00PM ET,ARI,16.36
WR,Ladd McConkey (40308264),Ladd McConkey,40308264,WR/FLEX,5700,LAC@MIA 10/12/2025 01:00PM ET,LAC,9.66
WR,Tee Higgins (40308262),Tee Higgins,40308262,WR/FLEX,5700,CIN@GB 10/12/2025 04:25PM ET,CIN,8.16
RB,Alvin Kamara (40308038),Alvin Kamara,40308038,RB/FLEX,5700,NE@NO 10/12/2025 01:00PM ET,NO,11.6
WR,Keenan Allen (40308266),Keenan Allen,40308266,WR/FLEX,5600,LAC@MIA 10/12/2025 01:00PM ET,LAC,15.18
QB,Mac Jones (40307946),Mac Jones,40307946,QB,5600,SF@TB 10/12/2025 04:25PM ET,SF,20.73
WR,Chris Godwin Jr. (40308268),Chris Godwin Jr.,40308268,WR/FLEX,5600,SF@TB 10/12/2025 04:25PM ET,TB,5.6
RB,Chase Brown (40308040),Chase Brown,40308040,RB/FLEX,5600,CIN@GB 10/12/2025 04:25PM ET,CIN,9.9
TE,Trey McBride (40308608),Trey McBride,40308608,TE/FLEX,5500,ARI@IND 10/12/2025 01:00PM ET,ARI,12.5
QB,Tua Tagovailoa (40307947),Tua Tagovailoa,40307947,QB,5500,LAC@MIA 10/12/2025 01:00PM ET,MIA,16.62
WR,DK Metcalf (40308270),DK Metcalf,40308270,WR/FLEX,5500,CLE@PIT 10/12/2025 01:00PM ET,PIT,15.52
RB,Tony Pollard (40308042),Tony Pollard,40308042,RB/FLEX,5500,TEN@LV 10/12/2025 04:05PM ET,TEN,11.68
WR,Michael Pittman Jr. (40308274),Michael Pittman Jr.,40308274,WR/FLEX,5400,ARI@IND 10/12/2025 01:00PM ET,IND,15.46
QB,Sam Darnold (40307948),Sam Darnold,40307948,QB,5400,SEA@JAX 10/12/2025 01:00PM ET,SEA,17.73
RB,Jaylen Warren (40308044),Jaylen Warren,40308044,RB/FLEX,5400,CLE@PIT 10/12/2025 01:00PM ET,PIT,14.8
RB,Kenneth Gainwell (40308046),Kenneth Gainwell,40308046,RB/FLEX,5400,CLE@PIT 10/12/2025 01:00PM ET,PIT,13.22
WR,Ricky Pearsall (40308272),Ricky Pearsall,40308272,WR/FLEX,5400,SF@TB 10/12/2025 04:25PM ET,SF,14.58
TE,Jake Ferguson (40308610),Jake Ferguson,40308610,TE/FLEX,5300,DAL@CAR 10/12/2025 01:00PM ET,DAL,17.24
RB,Michael Carter (40308050),Michael Carter,40308050,RB/FLEX,5300,ARI@IND 10/12/2025 01:00PM ET,ARI,9.2
WR,Marvin Harrison Jr. (40308276),Marvin Harrison Jr.,40308276,WR/FLEX,5300,ARI@IND 10/12/2025 01:00PM ET,ARI,12.52
QB,Aaron Rodgers (40307949),Aaron Rodgers,40307949,QB,5300,CLE@PIT 10/12/2025 01:00PM ET,PIT,15.88
RB,Rhamondre Stevenson (40308048),Rhamondre Stevenson,40308048,RB/FLEX,5300,NE@NO 10/12/2025 01:00PM ET,NE,10.66
QB,Geno Smith (40307950),Geno Smith,40307950,QB,5200,TEN@LV 10/12/2025 04:05PM ET,LV,14.89
WR,Romeo Doubs (40308278),Romeo Doubs,40308278,WR/FLEX,5200,CIN@GB 10/12/2025 04:25PM ET,GB,13.72
RB,TreVeyon Henderson (40308052),TreVeyon Henderson,40308052,RB/FLEX,5200,NE@NO 10/12/2025 01:00PM ET,NE,8.42
QB,Trevor Lawrence (40307951),Trevor Lawrence,40307951,QB,5100,SEA@JAX 10/12/2025 01:00PM ET,JAX,16.25
RB,Zach Charbonnet (40308054),Zach Charbonnet,40308054,RB/FLEX,5100,SEA@JAX 10/12/2025 01:00PM ET,SEA,8.98
TE,Brock Bowers (40308612),Brock Bowers,40308612,TE/FLEX,5100,TEN@LV 10/12/2025 04:05PM ET,LV,11.62
WR,Chris Olave (40308280),Chris Olave,40308280,WR/FLEX,5100,NE@NO 10/12/2025 01:00PM ET,NO,12.48
RB,Hassan Haskins (40308056),Hassan Haskins,40308056,RB/FLEX,5000,LAC@MIA 10/12/2025 01:00PM ET,LAC,0.5
RB,Kimani Vidal (40308058),Kimani Vidal,40308058,RB/FLEX,5000,LAC@MIA 10/12/2025 01:00PM ET,LAC,1.45
WR,Kendrick Bourne (40308284),Kendrick Bourne,40308284,WR/FLEX,5000,SF@TB 10/12/2025 04:25PM ET,SF,10.98
WR,Matthew Golden (40308282),Matthew Golden,40308282,WR/FLEX,5000,CIN@GB 10/12/2025 04:25PM ET,GB,6.62
TE,Tyler Warren (40308614),Tyler Warren,40308614,TE/FLEX,4900,ARI@IND 10/12/2025 01:00PM ET,IND,13.26
RB,Bhayshul Tuten (40308060),Bhayshul Tuten,40308060,RB/FLEX,4900,SEA@JAX 10/12/2025 01:00PM ET,JAX,5.98
WR,Brandon Aiyuk (40308288),Brandon Aiyuk,40308288,WR/FLEX,4900,SF@TB 10/12/2025 04:25PM ET,SF,0
WR,Calvin Ridley (40308286),Calvin Ridley,40308286,WR/FLEX,4900,TEN@LV 10/12/2025 04:05PM ET,TEN,9.04
QB,Jake Browning (40307952),Jake Browning,40307952,QB,4900,CIN@GB 10/12/2025 04:25PM ET,CIN,14.04
RB,Blake Corum (40308064),Blake Corum,40308064,RB/FLEX,4800,LAR@BAL 10/12/2025 01:00PM ET,LAR,4.64
QB,Bryce Young (40307953),Bryce Young,40307953,QB,4800,DAL@CAR 10/12/2025 01:00PM ET,CAR,14.69
RB,Emari Demercado (40308062),Emari Demercado,40308062,RB/FLEX,4800,ARI@IND 10/12/2025 01:00PM ET,ARI,3.44
WR,Jauan Jennings (40308290),Jauan Jennings,40308290,WR/FLEX,4800,SF@TB 10/12/2025 04:25PM ET,SF,9.97
WR,Tre Tucker (40308292),Tre Tucker,40308292,WR/FLEX,4800,TEN@LV 10/12/2025 04:05PM ET,LV,15.5
RB,Justice Hill (40308066),Justice Hill,40308066,RB/FLEX,4700,LAR@BAL 10/12/2025 01:00PM ET,BAL,8.76
WR,Travis Hunter (40308294),Travis Hunter,40308294,WR/FLEX,4700,SEA@JAX 10/12/2025 01:00PM ET,JAX,6.84
TE,Tucker Kraft (40308616),Tucker Kraft,40308616,TE/FLEX,4700,CIN@GB 10/12/2025 04:25PM ET,GB,13.45
QB,Spencer Rattler (40307954),Spencer Rattler,40307954,QB,4700,NE@NO 10/12/2025 01:00PM ET,NO,15.18
RB,Kendre Miller (40308068),Kendre Miller,40308068,RB/FLEX,4700,NE@NO 10/12/2025 01:00PM ET,NO,5.68
WR,Cooper Kupp (40308298),Cooper Kupp,40308298,WR/FLEX,4600,SEA@JAX 10/12/2025 01:00PM ET,SEA,8.62
RB,Ollie Gordon II (40308070),Ollie Gordon II,40308070,RB/FLEX,4600,LAC@MIA 10/12/2025 01:00PM ET,MIA,2.84
QB,Cam Ward (40307955),Cam Ward,40307955,QB,4600,TEN@LV 10/12/2025 04:05PM ET,TEN,8.35
WR,Rashid Shaheed (40308296),Rashid Shaheed,40308296,WR/FLEX,4600,NE@NO 10/12/2025 01:00PM ET,NO,13.26
QB,Tyler Huntley (40307956),Tyler Huntley,40307956,QB,4500,LAR@BAL 10/12/2025 01:00PM ET,BAL,0
QB,Cooper Rush (40307957),Cooper Rush,40307957,QB,4500,LAR@BAL 10/12/2025 01:00PM ET,BAL,1.95
WR,Jerry Jeudy (40308302),Jerry Jeudy,40308302,WR/FLEX,4500,CLE@PIT 10/12/2025 01:00PM ET,CLE,6.94
RB,Sean Tucker (40308072),Sean Tucker,40308072,RB/FLEX,4500,SF@TB 10/12/2025 04:25PM ET,TB,0.62
TE,George Kittle (40308618),George Kittle,40308618,TE/FLEX,4500,SF@TB 10/12/2025 04:25PM ET,SF,12.5
RB,Tyjae Spears (40308074),Tyjae Spears,40308074,RB/FLEX,4500,TEN@LV 10/12/2025 04:05PM ET,TEN,1.4
WR,Christian Watson (40308300),Christian Watson,40308300,WR/FLEX,4500,CIN@GB 10/12/2025 04:25PM ET,GB,0
WR,Rashod Bateman (40308306),Rashod Bateman,40308306,WR/FLEX,4400,LAR@BAL 10/12/2025 01:00PM ET,BAL,5.44
WR,Alec Pierce (40308304),Alec Pierce,40308304,WR/FLEX,4400,ARI@IND 10/12/2025 01:00PM ET,IND,8.7
QB,Dillon Gabriel (40307958),Dillon Gabriel,40307958,QB,4400,CLE@PIT 10/12/2025 01:00PM ET,CLE,6.95
RB,Kaleb Johnson (40308078),Kaleb Johnson,40308078,RB/FLEX,4400,CLE@PIT 10/12/2025 01:00PM ET,PIT,0.7
RB,Brian Robinson Jr. (40308076),Brian Robinson Jr.,40308076,RB/FLEX,4400,SF@TB 10/12/2025 04:25PM ET,SF,2.62
QB,Andy Dalton (40307959),Andy Dalton,40307959,QB,4300,DAL@CAR 10/12/2025 01:00PM ET,CAR,3.11
RB,Trevor Etienne (40308080),Trevor Etienne,40308080,RB/FLEX,4300,DAL@CAR 10/12/2025 01:00PM ET,CAR,1.56
RB,Zonovan Knight (40308082),Zonovan Knight,40308082,RB/FLEX,4300,ARI@IND 10/12/2025 01:00PM ET,ARI,3.13
WR,Josh Downs (40308308),Josh Downs,40308308,WR/FLEX,4300,ARI@IND 10/12/2025 01:00PM ET,IND,7.5
TE,Hunter Henry (40308620),Hunter Henry,40308620,TE/FLEX,4300,NE@NO 10/12/2025 01:00PM ET,NE,12
RB,Miles Sanders (40308086),Miles Sanders,40308086,RB/FLEX,4200,DAL@CAR 10/12/2025 01:00PM ET,DAL,6.92
WR,Jalen Coker (40308310),Jalen Coker,40308310,WR/FLEX,4200,DAL@CAR 10/12/2025 01:00PM ET,CAR,0
QB,Jacoby Brissett (40307960),Jacoby Brissett,40307960,QB,4200,ARI@IND 10/12/2025 01:00PM ET,ARI,0.1
WR,Dyami Brown (40308312),Dyami Brown,40308312,WR/FLEX,4200,SEA@JAX 10/12/2025 01:00PM ET,JAX,8.15
RB,Raheem Mostert (40308084),Raheem Mostert,40308084,RB/FLEX,4200,TEN@LV 10/12/2025 04:05PM ET,LV,5.25
WR,DeAndre Hopkins (40308314),DeAndre Hopkins,40308314,WR/FLEX,4100,LAR@BAL 10/12/2025 01:00PM ET,BAL,6.96
QB,Nick Mullens (40307961),Nick Mullens,40307961,QB,4100,SEA@JAX 10/12/2025 01:00PM ET,JAX,0
WR,Tory Horton (40308316),Tory Horton,40308316,WR/FLEX,4100,SEA@JAX 10/12/2025 01:00PM ET,SEA,8.86
RB,Jerome Ford (40308090),Jerome Ford,40308090,RB/FLEX,4100,CLE@PIT 10/12/2025 01:00PM ET,CLE,4.8
RB,Emanuel Wilson (40308088),Emanuel Wilson,40308088,RB/FLEX,4100,CIN@GB 10/12/2025 04:25PM ET,GB,3.5
QB,Joe Flacco (40307962),Joe Flacco,40307962,QB,4000,CIN@GB 10/12/2025 04:25PM ET,CIN,8.48
QB,Jimmy Garoppolo (40307963),Jimmy Garoppolo,40307963,QB,4000,LAR@BAL 10/12/2025 01:00PM ET,LAR,0
QB,Stetson Bennett IV (40308005),Stetson Bennett IV,40308005,QB,4000,LAR@BAL 10/12/2025 01:00PM ET,LAR,0
RB,Rasheen Ali (40308218),Rasheen Ali,40308218,RB/FLEX,4000,LAR@BAL 10/12/2025 01:00PM ET,BAL,0.1
RB,Keaton Mitchell (40308220),Keaton Mitchell,40308220,RB/FLEX,4000,LAR@BAL 10/12/2025 01:00PM ET,BAL,2.3
RB,Patrick Ricard (40308222),Patrick Ricard,40308222,RB/FLEX,4000,LAR@BAL 10/12/2025 01:00PM ET,BAL,0
RB,Lucas Scott (40308224),Lucas Scott,40308224,RB/FLEX,4000,LAR@BAL 10/12/2025 01:00PM ET,BAL,0
RB,Jarquez Hunter (40308226),Jarquez Hunter,40308226,RB/FLEX,4000,LAR@BAL 10/12/2025 01:00PM ET,LAR,0
RB,Ronnie Rivers (40308228),Ronnie Rivers,40308228,RB/FLEX,4000,LAR@BAL 10/12/2025 01:00PM ET,LAR,0
QB,Hendon Hooker (40308002),Hendon Hooker,40308002,QB,4000,DAL@CAR 10/12/2025 01:00PM ET,CAR,0
QB,Joe Milton III (40308003),Joe Milton III,40308003,QB,4000,DAL@CAR 10/12/2025 01:00PM ET,DAL,0.64
QB,Will Grier (40308004),Will Grier,40308004,QB,4000,DAL@CAR 10/12/2025 01:00PM ET,DAL,0
RB,Jaydon Blue (40308092),Jaydon Blue,40308092,RB/FLEX,4000,DAL@CAR 10/12/2025 01:00PM ET,DAL,0.7
RB,DeeJay Dallas (40308206),DeeJay Dallas,40308206,RB/FLEX,4000,DAL@CAR 10/12/2025 01:00PM ET,CAR,0
RB,Jonathon Brooks (40308208),Jonathon Brooks,40308208,RB/FLEX,4000,DAL@CAR 10/12/2025 01:00PM ET,CAR,0
RB,Anthony Tyus III (40308210),Anthony Tyus III,40308210,RB/FLEX,4000,DAL@CAR 10/12/2025 01:00PM ET,CAR,0
RB,Phil Mafah (40308212),Phil Mafah,40308212,RB/FLEX,4000,DAL@CAR 10/12/2025 01:00PM ET,DAL,0
RB,Hunter Luepke (40308214),Hunter Luepke,40308214,RB/FLEX,4000,DAL@CAR 10/12/2025 01:00PM ET,DAL,0.52
RB,Malik Davis (40308216),Malik Davis,40308216,RB/FLEX,4000,DAL@CAR 10/12/2025 01:00PM ET,DAL,0
QB,Kedon Slovis (40307999),Kedon Slovis,40307999,QB,4000,ARI@IND 10/12/2025 01:00PM ET,ARI,0
QB,Anthony Richardson Sr. (40308000),Anthony Richardson Sr.,40308000,QB,4000,ARI@IND 10/12/2025 01:00PM ET,IND,1.08
QB,Riley Leonard (40308001),Riley Leonard,40308001,QB,4000,ARI@IND 10/12/2025 01:00PM ET,IND,0
RB,Ameer Abdullah (40308096),Ameer Abdullah,40308096,RB/FLEX,4000,ARI@IND 10/12/2025 01:00PM ET,IND,6.6
RB,Trey Benson (40308100),Trey Benson,40308100,RB/FLEX,4000,ARI@IND 10/12/2025 01:00PM ET,ARI,8.85
RB,James Conner (40308192),James Conner,40308192,RB/FLEX,4000,ARI@IND 10/12/2025 01:00PM ET,ARI,11.1
RB,Jermar Jefferson (40308194),Jermar Jefferson,40308194,RB/FLEX,4000,ARI@IND 10/12/2025 01:00PM ET,ARI,0
RB,D'Ernest Johnson (40308196),D'Ernest Johnson,40308196,RB/FLEX,4000,ARI@IND 10/12/2025 01:00PM ET,ARI,0
RB,DJ Giddens (40308198),DJ Giddens,40308198,RB/FLEX,4000,ARI@IND 10/12/2025 01:00PM ET,IND,1.32
RB,Tyler Goodson (40308200),Tyler Goodson,40308200,RB/FLEX,4000,ARI@IND 10/12/2025 01:00PM ET,IND,0.8
RB,Salvon Ahmed (40308202),Salvon Ahmed,40308202,RB/FLEX,4000,ARI@IND 10/12/2025 01:00PM ET,IND,0
RB,Ulysses Bentley IV (40308204),Ulysses Bentley IV,40308204,RB/FLEX,4000,ARI@IND 10/12/2025 01:00PM ET,IND,0
QB,Carter Bradley (40307996),Carter Bradley,40307996,QB,4000,SEA@JAX 10/12/2025 01:00PM ET,JAX,0
QB,Drew Lock (40307997),Drew Lock,40307997,QB,4000,SEA@JAX 10/12/2025 01:00PM ET,SEA,0.5
QB,Jalen Milroe (40307998),Jalen Milroe,40307998,QB,4000,SEA@JAX 10/12/2025 01:00PM ET,SEA,-0.2
RB,LeQuint Allen Jr. (40308176),LeQuint Allen Jr.,40308176,RB/FLEX,4000,SEA@JAX 10/12/2025 01:00PM ET,JAX,1.4
RB,Cody Schrader (40308178),Cody Schrader,40308178,RB/FLEX,4000,SEA@JAX 10/12/2025 01:00PM ET,JAX,0
RB,Ja'Quinden Jackson (40308180),Ja'Quinden Jackson,40308180,RB/FLEX,4000,SEA@JAX 10/12/2025 01:00PM ET,JAX,0
RB,George Holani (40308182),George Holani,40308182,RB/FLEX,4000,SEA@JAX 10/12/2025 01:00PM ET,SEA,1.04
RB,Kenny McIntosh (40308184),Kenny McIntosh,40308184,RB/FLEX,4000,SEA@JAX 10/12/2025 01:00PM ET,SEA,0
RB,Robbie Ouzts (40308186),Robbie Ouzts,40308186,RB/FLEX,4000,SEA@JAX 10/12/2025 01:00PM ET,SEA,0
RB,Myles Gaskin (40308188),Myles Gaskin,40308188,RB/FLEX,4000,SEA@JAX 10/12/2025 01:00PM ET,SEA,0
RB,Brady Russell (40308190),Brady Russell,40308190,RB/FLEX,4000,SEA@JAX 10/12/2025 01:00PM ET,SEA,0
QB,Zach Wilson (40307964),Zach Wilson,40307964,QB,4000,LAC@MIA 10/12/2025 01:00PM ET,MIA,1.58
QB,Trey Lance (40307993),Trey Lance,40307993,QB,4000,LAC@MIA 10/12/2025 01:00PM ET,LAC,2.86
QB,DJ Uiagalelei (40307994),DJ Uiagalelei,40307994,QB,4000,LAC@MIA 10/12/2025 01:00PM ET,LAC,0
QB,Quinn Ewers (40307995),Quinn Ewers,40307995,QB,4000,LAC@MIA 10/12/2025 01:00PM ET,MIA,0
RB,Najee Harris (40308162),Najee Harris,40308162,RB/FLEX,4000,LAC@MIA 10/12/2025 01:00PM ET,LAC,3.87
RB,Amar Johnson (40308164),Amar Johnson,40308164,RB/FLEX,4000,LAC@MIA 10/12/2025 01:00PM ET,LAC,0
RB,Scott Matlock (40308166),Scott Matlock,40308166,RB/FLEX,4000,LAC@MIA 10/12/2025 01:00PM ET,LAC,0.22
RB,Alexander Mattison (40308168),Alexander Mattison,40308168,RB/FLEX,4000,LAC@MIA 10/12/2025 01:00PM ET,MIA,0
RB,Alec Ingold (40308170),Alec Ingold,40308170,RB/FLEX,4000,LAC@MIA 10/12/2025 01:00PM ET,MIA,0.88
RB,JaMycal Hasty (40308172),JaMycal Hasty,40308172,RB/FLEX,4000,LAC@MIA 10/12/2025 01:00PM ET,MIA,0
RB,Jeff Wilson Jr. (40308174),Jeff Wilson Jr.,40308174,RB/FLEX,4000,LAC@MIA 10/12/2025 01:00PM ET,MIA,0
RB,Jaylen Wright (40308230),Jaylen Wright,40308230,RB/FLEX,4000,LAC@MIA 10/12/2025 01:00PM ET,MIA,0
TE,Darren Waller (40308622),Darren Waller,40308622,TE/FLEX,4000,LAC@MIA 10/12/2025 01:00PM ET,MIA,18.25
QB,Shedeur Sanders (40307966),Shedeur Sanders,40307966,QB,4000,CLE@PIT 10/12/2025 01:00PM ET,CLE,0
QB,Mason Rudolph (40307967),Mason Rudolph,40307967,QB,4000,CLE@PIT 10/12/2025 01:00PM ET,PIT,0.48
QB,Will Howard (40307988),Will Howard,40307988,QB,4000,CLE@PIT 10/12/2025 01:00PM ET,PIT,0
QB,Skylar Thompson (40307989),Skylar Thompson,40307989,QB,4000,CLE@PIT 10/12/2025 01:00PM ET,PIT,0
QB,Logan Woodside (40307990),Logan Woodside,40307990,QB,4000,CLE@PIT 10/12/2025 01:00PM ET,PIT,0
QB,Deshaun Watson (40307991),Deshaun Watson,40307991,QB,4000,CLE@PIT 10/12/2025 01:00PM ET,CLE,0
QB,Bailey Zappe (40307992),Bailey Zappe,40307992,QB,4000,CLE@PIT 10/12/2025 01:00PM ET,CLE,0
RB,Trey Sermon (40308152),Trey Sermon,40308152,RB/FLEX,4000,CLE@PIT 10/12/2025 01:00PM ET,PIT,0
RB,Lew Nichols (40308154),Lew Nichols,40308154,RB/FLEX,4000,CLE@PIT 10/12/2025 01:00PM ET,PIT,0
RB,Dylan Sampson (40308156),Dylan Sampson,40308156,RB/FLEX,4000,CLE@PIT 10/12/2025 01:00PM ET,CLE,5.88
RB,Raheim Sanders (40308158),Raheim Sanders,40308158,RB/FLEX,4000,CLE@PIT 10/12/2025 01:00PM ET,CLE,6.3
RB,Ahmani Marshall (40308160),Ahmani Marshall,40308160,RB/FLEX,4000,CLE@PIT 10/12/2025 01:00PM ET,CLE,0
WR,Calvin Austin III (40308318),Calvin Austin III,40308318,WR/FLEX,4000,CLE@PIT 10/12/2025 01:00PM ET,PIT,8.98
QB,Teddy Bridgewater (40307984),Teddy Bridgewater,40307984,QB,4000,SF@TB 10/12/2025 04:25PM ET,TB,0
QB,Connor Bazelak (40307985),Connor Bazelak,40307985,QB,4000,SF@TB 10/12/2025 04:25PM ET,TB,0
QB,Adrian Martinez (40307986),Adrian Martinez,40307986,QB,4000,SF@TB 10/12/2025 04:25PM ET,SF,0
QB,Kurtis Rourke (40307987),Kurtis Rourke,40307987,QB,4000,SF@TB 10/12/2025 04:25PM ET,SF,0
RB,Josh Williams (40308140),Josh Williams,40308140,RB/FLEX,4000,SF@TB 10/12/2025 04:25PM ET,TB,0
RB,Isaac Guerendo (40308142),Isaac Guerendo,40308142,RB/FLEX,4000,SF@TB 10/12/2025 04:25PM ET,SF,0
RB,Jordan James (40308144),Jordan James,40308144,RB/FLEX,4000,SF@TB 10/12/2025 04:25PM ET,SF,0
RB,Patrick Taylor Jr. (40308146),Patrick Taylor Jr.,40308146,RB/FLEX,4000,SF@TB 10/12/2025 04:25PM ET,SF,0
RB,Kyle Juszczyk (40308148),Kyle Juszczyk,40308148,RB/FLEX,4000,SF@TB 10/12/2025 04:25PM ET,SF,5
RB,Sincere McCormick (40308150),Sincere McCormick,40308150,RB/FLEX,4000,SF@TB 10/12/2025 04:25PM ET,SF,0
WR,Jalen McMillan (40308320),Jalen McMillan,40308320,WR/FLEX,4000,SF@TB 10/12/2025 04:25PM ET,TB,0
QB,Kenny Pickett (40307977),Kenny Pickett,40307977,QB,4000,TEN@LV 10/12/2025 04:05PM ET,LV,0
QB,Aidan O'Connell (40307978),Aidan O'Connell,40307978,QB,4000,TEN@LV 10/12/2025 04:05PM ET,LV,0
QB,Jeff Driskel (40307979),Jeff Driskel,40307979,QB,4000,TEN@LV 10/12/2025 04:05PM ET,LV,0
QB,Cam Miller (40307980),Cam Miller,40307980,QB,4000,TEN@LV 10/12/2025 04:05PM ET,LV,0
QB,Brandon Allen (40307981),Brandon Allen,40307981,QB,4000,TEN@LV 10/12/2025 04:05PM ET,TEN,0
QB,Will Levis (40307982),Will Levis,40307982,QB,4000,TEN@LV 10/12/2025 04:05PM ET,TEN,0
QB,Trevor Siemian (40307983),Trevor Siemian,40307983,QB,4000,TEN@LV 10/12/2025 04:05PM ET,TEN,0
RB,Dylan Laube (40308128),Dylan Laube,40308128,RB/FLEX,4000,TEN@LV 10/12/2025 04:05PM ET,LV,0.78
RB,Zamir White (40308130),Zamir White,40308130,RB/FLEX,4000,TEN@LV 10/12/2025 04:05PM ET,LV,1.85
RB,Chris Collier (40308132),Chris Collier,40308132,RB/FLEX,4000,TEN@LV 10/12/2025 04:05PM ET,LV,0
RB,Julius Chestnut (40308134),Julius Chestnut,40308134,RB/FLEX,4000,TEN@LV 10/12/2025 04:05PM ET,TEN,0.62
RB,Kalel Mullings (40308136),Kalel Mullings,40308136,RB/FLEX,4000,TEN@LV 10/12/2025 04:05PM ET,TEN,0
RB,Jordan Mims (40308138),Jordan Mims,40308138,RB/FLEX,4000,TEN@LV 10/12/2025 04:05PM ET,TEN,0
QB,Malik Willis (40307968),Malik Willis,40307968,QB,4000,CIN@GB 10/12/2025 04:25PM ET,GB,0
QB,Clayton Tune (40307972),Clayton Tune,40307972,QB,4000,CIN@GB 10/12/2025 04:25PM ET,GB,0
QB,Brett Rypien (40307973),Brett Rypien,40307973,QB,4000,CIN@GB 10/12/2025 04:25PM ET,CIN,0
QB,Joe Burrow (40307974),Joe Burrow,40307974,QB,4000,CIN@GB 10/12/2025 04:25PM ET,CIN,7.93
QB,Sean Clifford (40307975),Sean Clifford,40307975,QB,4000,CIN@GB 10/12/2025 04:25PM ET,CIN,0
QB,Mike White (40307976),Mike White,40307976,QB,4000,CIN@GB 10/12/2025 04:25PM ET,CIN,0
RB,Samaje Perine (40308094),Samaje Perine,40308094,RB/FLEX,4000,CIN@GB 10/12/2025 04:25PM ET,CIN,1.8
RB,Chris Brooks (40308116),Chris Brooks,40308116,RB/FLEX,4000,CIN@GB 10/12/2025 04:25PM ET,GB,2.02
RB,MarShawn Lloyd (40308118),MarShawn Lloyd,40308118,RB/FLEX,4000,CIN@GB 10/12/2025 04:25PM ET,GB,0
RB,Pierre Strong Jr. (40308120),Pierre Strong Jr.,40308120,RB/FLEX,4000,CIN@GB 10/12/2025 04:25PM ET,GB,0
RB,Tahj Brooks (40308122),Tahj Brooks,40308122,RB/FLEX,4000,CIN@GB 10/12/2025 04:25PM ET,CIN,0.34
RB,Kendall Milton (40308124),Kendall Milton,40308124,RB/FLEX,4000,CIN@GB 10/12/2025 04:25PM ET,CIN,0
RB,Gary Brightwell (40308126),Gary Brightwell,40308126,RB/FLEX,4000,CIN@GB 10/12/2025 04:25PM ET,CIN,0
QB,Tyler Shough (40307965),Tyler Shough,40307965,QB,4000,NE@NO 10/12/2025 01:00PM ET,NO,0
QB,Jake Haener (40307969),Jake Haener,40307969,QB,4000,NE@NO 10/12/2025 01:00PM ET,NO,0
QB,Joshua Dobbs (40307970),Joshua Dobbs,40307970,QB,4000,NE@NO 10/12/2025 01:00PM ET,NE,-0.2
QB,Tommy DeVito (40307971),Tommy DeVito,40307971,QB,4000,NE@NO 10/12/2025 01:00PM ET,NE,0
RB,Antonio Gibson (40308098),Antonio Gibson,40308098,RB/FLEX,4000,NE@NO 10/12/2025 01:00PM ET,NE,4.84
RB,Devin Neal (40308102),Devin Neal,40308102,RB/FLEX,4000,NE@NO 10/12/2025 01:00PM ET,NO,0.9
RB,Velus Jones Jr. (40308104),Velus Jones Jr.,40308104,RB/FLEX,4000,NE@NO 10/12/2025 01:00PM ET,NO,0
RB,Lan Larison (40308106),Lan Larison,40308106,RB/FLEX,4000,NE@NO 10/12/2025 01:00PM ET,NE,0
RB,Deneric Prince (40308108),Deneric Prince,40308108,RB/FLEX,4000,NE@NO 10/12/2025 01:00PM ET,NE,0
RB,Jack Westover (40308110),Jack Westover,40308110,RB/FLEX,4000,NE@NO 10/12/2025 01:00PM ET,NE,0
RB,Terrell Jennings (40308112),Terrell Jennings,40308112,RB/FLEX,4000,NE@NO 10/12/2025 01:00PM ET,NE,0
RB,Brock Lampe (40308114),Brock Lampe,40308114,RB/FLEX,4000,NE@NO 10/12/2025 01:00PM ET,NE,0
WR,Xavier Legette (40308322),Xavier Legette,40308322,WR/FLEX,3900,DAL@CAR 10/12/2025 01:00PM ET,CAR,5.3
WR,Elic Ayomanor (40308324),Elic Ayomanor,40308324,WR/FLEX,3900,TEN@LV 10/12/2025 04:05PM ET,TEN,8.58
TE,Mark Andrews (40308624),Mark Andrews,40308624,TE/FLEX,3800,LAR@BAL 10/12/2025 01:00PM ET,BAL,8.84
WR,Sterling Shepard (40308328),Sterling Shepard,40308328,WR/FLEX,3800,SF@TB 10/12/2025 04:25PM ET,TB,8.44
WR,Kayshon Boutte (40308326),Kayshon Boutte,40308326,WR/FLEX,3800,NE@NO 10/12/2025 01:00PM ET,NE,8.56
WR,Malik Washington (40308334),Malik Washington,40308334,WR/FLEX,3700,LAC@MIA 10/12/2025 01:00PM ET,MIA,5.74
WR,Isaiah Bond (40308330),Isaiah Bond,40308330,WR/FLEX,3700,CLE@PIT 10/12/2025 01:00PM ET,CLE,4.26
TE,Jake Tonges (40308626),Jake Tonges,40308626,TE/FLEX,3700,SF@TB 10/12/2025 04:25PM ET,SF,10.72
WR,Dontayvion Wicks (40308332),Dontayvion Wicks,40308332,WR/FLEX,3700,CIN@GB 10/12/2025 04:25PM ET,GB,5.35
DST,Packers  (40308820),Packers ,40308820,DST,3700,CIN@GB 10/12/2025 04:25PM ET,GB,5
WR,Ryan Flournoy (40308338),Ryan Flournoy,40308338,WR/FLEX,3600,DAL@CAR 10/12/2025 01:00PM ET,DAL,6.02
WR,Parker Washington (40308336),Parker Washington,40308336,WR/FLEX,3600,SEA@JAX 10/12/2025 01:00PM ET,JAX,7.1
TE,AJ Barner (40308628),AJ Barner,40308628,TE/FLEX,3600,SEA@JAX 10/12/2025 01:00PM ET,SEA,10.36
DST,Steelers  (40308821),Steelers ,40308821,DST,3600,CLE@PIT 10/12/2025 01:00PM ET,PIT,8.25
WR,Demarcus Robinson (40308340),Demarcus Robinson,40308340,WR/FLEX,3600,SF@TB 10/12/2025 04:25PM ET,SF,4.95
WR,Tutu Atwell (40308342),Tutu Atwell,40308342,WR/FLEX,3500,LAR@BAL 10/12/2025 01:00PM ET,LAR,5.28
DST,Rams  (40308822),Rams ,40308822,DST,3500,LAR@BAL 10/12/2025 01:00PM ET,LAR,6.8
WR,Jalen Tolbert (40308344),Jalen Tolbert,40308344,WR/FLEX,3500,DAL@CAR 10/12/2025 01:00PM ET,DAL,4.42
TE,Brenton Strange (40308630),Brenton Strange,40308630,TE/FLEX,3500,SEA@JAX 10/12/2025 01:00PM ET,JAX,8.08
TE,David Njoku (40308632),David Njoku,40308632,TE/FLEX,3500,CLE@PIT 10/12/2025 01:00PM ET,CLE,9.1
WR,Andrei Iosivas (40308346),Andrei Iosivas,40308346,WR/FLEX,3500,CIN@GB 10/12/2025 04:25PM ET,CIN,3.82
WR,Hunter Renfrow (40308350),Hunter Renfrow,40308350,WR/FLEX,3400,DAL@CAR 10/12/2025 01:00PM ET,CAR,6.84
WR,KaVontae Turpin (40308352),KaVontae Turpin,40308352,WR/FLEX,3400,DAL@CAR 10/12/2025 01:00PM ET,DAL,8.8
WR,Adonai Mitchell (40308354),Adonai Mitchell,40308354,WR/FLEX,3400,ARI@IND 10/12/2025 01:00PM ET,IND,3.94
DST,Chargers  (40308823),Chargers ,40308823,DST,3400,LAC@MIA 10/12/2025 01:00PM ET,LAC,5.4
TE,Harold Fannin Jr. (40308634),Harold Fannin Jr.,40308634,TE/FLEX,3400,CLE@PIT 10/12/2025 01:00PM ET,CLE,8.94
TE,Cade Otton (40308636),Cade Otton,40308636,TE/FLEX,3400,SF@TB 10/12/2025 04:25PM ET,TB,4.3
WR,Dont'e Thornton Jr. (40308348),Dont'e Thornton Jr.,40308348,WR/FLEX,3400,TEN@LV 10/12/2025 04:05PM ET,LV,2.88
WR,Michael Wilson (40308362),Michael Wilson,40308362,WR/FLEX,3300,ARI@IND 10/12/2025 01:00PM ET,ARI,3.84
DST,Colts  (40308824),Colts ,40308824,DST,3300,ARI@IND 10/12/2025 01:00PM ET,IND,10.2
WR,Marquez Valdes-Scantling (40308360),Marquez Valdes-Scantling,40308360,WR/FLEX,3300,SF@TB 10/12/2025 04:25PM ET,SF,0.95
WR,Jack Bech (40308356),Jack Bech,40308356,WR/FLEX,3300,TEN@LV 10/12/2025 04:05PM ET,LV,2.2
TE,Chig Okonkwo (40308640),Chig Okonkwo,40308640,TE/FLEX,3300,TEN@LV 10/12/2025 04:05PM ET,TEN,6.84
WR,DeMario Douglas (40308358),DeMario Douglas,40308358,WR/FLEX,3300,NE@NO 10/12/2025 01:00PM ET,NE,3.28
WR,Brandin Cooks (40308364),Brandin Cooks,40308364,WR/FLEX,3300,NE@NO 10/12/2025 01:00PM ET,NO,4.46
TE,Juwan Johnson (40308638),Juwan Johnson,40308638,TE/FLEX,3300,NE@NO 10/12/2025 01:00PM ET,NO,10.42
TE,Ja'Tavion Sanders (40308642),Ja'Tavion Sanders,40308642,TE/FLEX,3200,DAL@CAR 10/12/2025 01:00PM ET,CAR,6.73
WR,Nick Westbrook-Ikhine (40308370),Nick Westbrook-Ikhine,40308370,WR/FLEX,3200,LAC@MIA 10/12/2025 01:00PM ET,MIA,1.32
WR,Jamari Thrash (40308374),Jamari Thrash,40308374,WR/FLEX,3200,CLE@PIT 10/12/2025 01:00PM ET,CLE,1.8
TE,Jonnu Smith (40308644),Jonnu Smith,40308644,TE/FLEX,3200,CLE@PIT 10/12/2025 01:00PM ET,PIT,6.78
WR,Tez Johnson (40308366),Tez Johnson,40308366,WR/FLEX,3200,SF@TB 10/12/2025 04:25PM ET,TB,3.1
WR,Tyler Lockett (40308368),Tyler Lockett,40308368,WR/FLEX,3200,TEN@LV 10/12/2025 04:05PM ET,TEN,3.64
DST,Raiders  (40308825),Raiders ,40308825,DST,3200,TEN@LV 10/12/2025 04:05PM ET,LV,2.6
WR,Bub Means (40308372),Bub Means,40308372,WR/FLEX,3200,NE@NO 10/12/2025 01:00PM ET,NO,0
WR,Jordan Whittington (40308384),Jordan Whittington,40308384,WR/FLEX,3100,LAR@BAL 10/12/2025 01:00PM ET,LAR,3.42
WR,Brycen Tremayne (40308378),Brycen Tremayne,40308378,WR/FLEX,3100,DAL@CAR 10/12/2025 01:00PM ET,CAR,3.96
WR,Ashton Dulin (40308376),Ashton Dulin,40308376,WR/FLEX,3100,ARI@IND 10/12/2025 01:00PM ET,IND,2.36
WR,Greg Dortch (40308382),Greg Dortch,40308382,WR/FLEX,3100,ARI@IND 10/12/2025 01:00PM ET,ARI,3.36
TE,Michael Mayer (40308648),Michael Mayer,40308648,TE/FLEX,3100,TEN@LV 10/12/2025 04:05PM ET,LV,3.57
TE,Noah Fant (40308646),Noah Fant,40308646,TE/FLEX,3100,CIN@GB 10/12/2025 04:25PM ET,CIN,6.25
WR,Mack Hollins (40308380),Mack Hollins,40308380,WR/FLEX,3100,NE@NO 10/12/2025 01:00PM ET,NE,4.64
DST,Patriots  (40308826),Patriots ,40308826,DST,3100,NE@NO 10/12/2025 01:00PM ET,NE,8.2
WR,Devontez Walker (40308386),Devontez Walker,40308386,WR/FLEX,3000,LAR@BAL 10/12/2025 01:00PM ET,BAL,4.2
WR,Tylan Wallace (40308588),Tylan Wallace,40308588,WR/FLEX,3000,LAR@BAL 10/12/2025 01:00PM ET,BAL,2.58
WR,LaJohntay Wester (40308590),LaJohntay Wester,40308590,WR/FLEX,3000,LAR@BAL 10/12/2025 01:00PM ET,BAL,0
WR,Dayton Wade (40308592),Dayton Wade,40308592,WR/FLEX,3000,LAR@BAL 10/12/2025 01:00PM ET,BAL,0
WR,Keith Kirkwood (40308594),Keith Kirkwood,40308594,WR/FLEX,3000,LAR@BAL 10/12/2025 01:00PM ET,BAL,0
WR,Cornelius Johnson (40308596),Cornelius Johnson,40308596,WR/FLEX,3000,LAR@BAL 10/12/2025 01:00PM ET,BAL,0
WR,Konata Mumpfield (40308598),Konata Mumpfield,40308598,WR/FLEX,3000,LAR@BAL 10/12/2025 01:00PM ET,LAR,0
WR,Xavier Smith (40308600),Xavier Smith,40308600,WR/FLEX,3000,LAR@BAL 10/12/2025 01:00PM ET,LAR,0.92
WR,Tru Edwards (40308602),Tru Edwards,40308602,WR/FLEX,3000,LAR@BAL 10/12/2025 01:00PM ET,LAR,0
WR,Brennan Presley (40308604),Brennan Presley,40308604,WR/FLEX,3000,LAR@BAL 10/12/2025 01:00PM ET,LAR,0
WR,Jimmy Horn Jr. (40308566),Jimmy Horn Jr.,40308566,WR/FLEX,3000,DAL@CAR 10/12/2025 01:00PM ET,CAR,2.55
WR,David Moore (40308568),David Moore,40308568,WR/FLEX,3000,DAL@CAR 10/12/2025 01:00PM ET,CAR,0.68
WR,Dalevon Campbell (40308570),Dalevon Campbell,40308570,WR/FLEX,3000,DAL@CAR 10/12/2025 01:00PM ET,CAR,0
WR,Ja'seem Reed (40308572),Ja'seem Reed,40308572,WR/FLEX,3000,DAL@CAR 10/12/2025 01:00PM ET,CAR,0
WR,Dan Chisena (40308574),Dan Chisena,40308574,WR/FLEX,3000,DAL@CAR 10/12/2025 01:00PM ET,CAR,0
WR,Ainias Smith (40308576),Ainias Smith,40308576,WR/FLEX,3000,DAL@CAR 10/12/2025 01:00PM ET,CAR,0
WR,Jalen Cropper (40308578),Jalen Cropper,40308578,WR/FLEX,3000,DAL@CAR 10/12/2025 01:00PM ET,DAL,0
WR,Jalen Brooks (40308580),Jalen Brooks,40308580,WR/FLEX,3000,DAL@CAR 10/12/2025 01:00PM ET,DAL,0
WR,Jonathan Mingo (40308582),Jonathan Mingo,40308582,WR/FLEX,3000,DAL@CAR 10/12/2025 01:00PM ET,DAL,0
WR,Parris Campbell (40308584),Parris Campbell,40308584,WR/FLEX,3000,DAL@CAR 10/12/2025 01:00PM ET,DAL,0
WR,Traeshon Holden (40308586),Traeshon Holden,40308586,WR/FLEX,3000,DAL@CAR 10/12/2025 01:00PM ET,DAL,0
DST,Cowboys  (40308827),Cowboys ,40308827,DST,3000,DAL@CAR 10/12/2025 01:00PM ET,DAL,2.2
WR,Zay Jones (40308548),Zay Jones,40308548,WR/FLEX,3000,ARI@IND 10/12/2025 01:00PM ET,ARI,2.18
WR,Xavier Weaver (40308550),Xavier Weaver,40308550,WR/FLEX,3000,ARI@IND 10/12/2025 01:00PM ET,ARI,0
WR,Simi Fehoko (40308552),Simi Fehoko,40308552,WR/FLEX,3000,ARI@IND 10/12/2025 01:00PM ET,ARI,0
WR,Tejhaun Palmer (40308554),Tejhaun Palmer,40308554,WR/FLEX,3000,ARI@IND 10/12/2025 01:00PM ET,ARI,0
WR,Andre Baccellia (40308556),Andre Baccellia,40308556,WR/FLEX,3000,ARI@IND 10/12/2025 01:00PM ET,ARI,0
WR,Anthony Gould (40308558),Anthony Gould,40308558,WR/FLEX,3000,ARI@IND 10/12/2025 01:00PM ET,IND,0
WR,D.J. Montgomery (40308560),D.J. Montgomery,40308560,WR/FLEX,3000,ARI@IND 10/12/2025 01:00PM ET,IND,0
WR,Coleman Owen (40308562),Coleman Owen,40308562,WR/FLEX,3000,ARI@IND 10/12/2025 01:00PM ET,IND,0
WR,Laquon Treadwell (40308564),Laquon Treadwell,40308564,WR/FLEX,3000,ARI@IND 10/12/2025 01:00PM ET,IND,0
WR,Tim Patrick (40308526),Tim Patrick,40308526,WR/FLEX,3000,SEA@JAX 10/12/2025 01:00PM ET,JAX,0.7
WR,Joshua Cephus (40308528),Joshua Cephus,40308528,WR/FLEX,3000,SEA@JAX 10/12/2025 01:00PM ET,JAX,0
WR,Austin Trammell (40308530),Austin Trammell,40308530,WR/FLEX,3000,SEA@JAX 10/12/2025 01:00PM ET,JAX,0
WR,Erik Ezukanma (40308532),Erik Ezukanma,40308532,WR/FLEX,3000,SEA@JAX 10/12/2025 01:00PM ET,JAX,0
WR,Chandler Brayboy (40308534),Chandler Brayboy,40308534,WR/FLEX,3000,SEA@JAX 10/12/2025 01:00PM ET,JAX,0
WR,Jake Bobo (40308536),Jake Bobo,40308536,WR/FLEX,3000,SEA@JAX 10/12/2025 01:00PM ET,SEA,0.68
WR,Dareke Young (40308538),Dareke Young,40308538,WR/FLEX,3000,SEA@JAX 10/12/2025 01:00PM ET,SEA,1.7
WR,Cody White (40308540),Cody White,40308540,WR/FLEX,3000,SEA@JAX 10/12/2025 01:00PM ET,SEA,0
WR,Courtney Jackson (40308542),Courtney Jackson,40308542,WR/FLEX,3000,SEA@JAX 10/12/2025 01:00PM ET,SEA,0
WR,Ricky White III (40308544),Ricky White III,40308544,WR/FLEX,3000,SEA@JAX 10/12/2025 01:00PM ET,SEA,0
WR,Tyrone Broden (40308546),Tyrone Broden,40308546,WR/FLEX,3000,SEA@JAX 10/12/2025 01:00PM ET,SEA,0
WR,Tyreek Hill (40308388),Tyreek Hill,40308388,WR/FLEX,3000,LAC@MIA 10/12/2025 01:00PM ET,MIA,14.12
WR,Tre' Harris (40308506),Tre' Harris,40308506,WR/FLEX,3000,LAC@MIA 10/12/2025 01:00PM ET,LAC,1.5
WR,Derius Davis (40308508),Derius Davis,40308508,WR/FLEX,3000,LAC@MIA 10/12/2025 01:00PM ET,LAC,-0.17
WR,KeAndre Lambert-Smith (40308510),KeAndre Lambert-Smith,40308510,WR/FLEX,3000,LAC@MIA 10/12/2025 01:00PM ET,LAC,0
WR,Luke Grimm (40308512),Luke Grimm,40308512,WR/FLEX,3000,LAC@MIA 10/12/2025 01:00PM ET,LAC,0
WR,JaQuae Jackson (40308514),JaQuae Jackson,40308514,WR/FLEX,3000,LAC@MIA 10/12/2025 01:00PM ET,LAC,0
WR,Dee Eskridge (40308516),Dee Eskridge,40308516,WR/FLEX,3000,LAC@MIA 10/12/2025 01:00PM ET,MIA,0.74
WR,Cedrick Wilson Jr. (40308518),Cedrick Wilson Jr.,40308518,WR/FLEX,3000,LAC@MIA 10/12/2025 01:00PM ET,MIA,0
WR,Tahj Washington (40308520),Tahj Washington,40308520,WR/FLEX,3000,LAC@MIA 10/12/2025 01:00PM ET,MIA,0
WR,Theo Wease Jr. (40308522),Theo Wease Jr.,40308522,WR/FLEX,3000,LAC@MIA 10/12/2025 01:00PM ET,MIA,0
WR,A.J. Henning (40308524),A.J. Henning,40308524,WR/FLEX,3000,LAC@MIA 10/12/2025 01:00PM ET,MIA,0
WR,Cedric Tillman (40308390),Cedric Tillman,40308390,WR/FLEX,3000,CLE@PIT 10/12/2025 01:00PM ET,CLE,8.4
WR,Ben Skowronek (40308480),Ben Skowronek,40308480,WR/FLEX,3000,CLE@PIT 10/12/2025 01:00PM ET,PIT,2.3
WR,Scotty Miller (40308482),Scotty Miller,40308482,WR/FLEX,3000,CLE@PIT 10/12/2025 01:00PM ET,PIT,0
WR,Roman Wilson (40308484),Roman Wilson,40308484,WR/FLEX,3000,CLE@PIT 10/12/2025 01:00PM ET,PIT,0.42
WR,Isaiah Hodgins (40308486),Isaiah Hodgins,40308486,WR/FLEX,3000,CLE@PIT 10/12/2025 01:00PM ET,PIT,0
WR,Max Hurleman (40308488),Max Hurleman,40308488,WR/FLEX,3000,CLE@PIT 10/12/2025 01:00PM ET,PIT,0
WR,Ke'Shawn Williams (40308490),Ke'Shawn Williams,40308490,WR/FLEX,3000,CLE@PIT 10/12/2025 01:00PM ET,PIT,0
WR,Gage Larvadain (40308492),Gage Larvadain,40308492,WR/FLEX,3000,CLE@PIT 10/12/2025 01:00PM ET,CLE,0
WR,Malachi Corley (40308494),Malachi Corley,40308494,WR/FLEX,3000,CLE@PIT 10/12/2025 01:00PM ET,CLE,1.1
WR,DeAndre Carter (40308496),DeAndre Carter,40308496,WR/FLEX,3000,CLE@PIT 10/12/2025 01:00PM ET,CLE,0
WR,David Bell (40308498),David Bell,40308498,WR/FLEX,3000,CLE@PIT 10/12/2025 01:00PM ET,CLE,0
WR,Cade McDonald (40308500),Cade McDonald,40308500,WR/FLEX,3000,CLE@PIT 10/12/2025 01:00PM ET,CLE,0
WR,Kaden Davis (40308502),Kaden Davis,40308502,WR/FLEX,3000,CLE@PIT 10/12/2025 01:00PM ET,CLE,0
WR,Luke Floriea (40308504),Luke Floriea,40308504,WR/FLEX,3000,CLE@PIT 10/12/2025 01:00PM ET,CLE,0
WR,Ryan Miller (40308456),Ryan Miller,40308456,WR/FLEX,3000,SF@TB 10/12/2025 04:25PM ET,TB,1.8
WR,Kameron Johnson (40308458),Kameron Johnson,40308458,WR/FLEX,3000,SF@TB 10/12/2025 04:25PM ET,TB,0
WR,Jaden Smith (40308460),Jaden Smith,40308460,WR/FLEX,3000,SF@TB 10/12/2025 04:25PM ET,TB,0
WR,Garrett Greene (40308462),Garrett Greene,40308462,WR/FLEX,3000,SF@TB 10/12/2025 04:25PM ET,TB,0
WR,Dennis Houston (40308464),Dennis Houston,40308464,WR/FLEX,3000,SF@TB 10/12/2025 04:25PM ET,TB,0
WR,Skyy Moore (40308466),Skyy Moore,40308466,WR/FLEX,3000,SF@TB 10/12/2025 04:25PM ET,SF,0.42
WR,Jordan Watkins (40308468),Jordan Watkins,40308468,WR/FLEX,3000,SF@TB 10/12/2025 04:25PM ET,SF,0
WR,Jacob Cowing (40308470),Jacob Cowing,40308470,WR/FLEX,3000,SF@TB 10/12/2025 04:25PM ET,SF,0
WR,Trent Taylor (40308472),Trent Taylor,40308472,WR/FLEX,3000,SF@TB 10/12/2025 04:25PM ET,SF,0
WR,Junior Bergen (40308474),Junior Bergen,40308474,WR/FLEX,3000,SF@TB 10/12/2025 04:25PM ET,SF,0
WR,Malik Turner (40308476),Malik Turner,40308476,WR/FLEX,3000,SF@TB 10/12/2025 04:25PM ET,SF,0
WR,Russell Gage Jr. (40308478),Russell Gage Jr.,40308478,WR/FLEX,3000,SF@TB 10/12/2025 04:25PM ET,SF,0
WR,Alex Bachman (40308434),Alex Bachman,40308434,WR/FLEX,3000,TEN@LV 10/12/2025 04:05PM ET,LV,0.48
WR,Justin Shorter (40308436),Justin Shorter,40308436,WR/FLEX,3000,TEN@LV 10/12/2025 04:05PM ET,LV,0
WR,Phillip Dorsett II (40308438),Phillip Dorsett II,40308438,WR/FLEX,3000,TEN@LV 10/12/2025 04:05PM ET,LV,0
WR,Shedrick Jackson (40308440),Shedrick Jackson,40308440,WR/FLEX,3000,TEN@LV 10/12/2025 04:05PM ET,LV,0
WR,Chimere Dike (40308442),Chimere Dike,40308442,WR/FLEX,3000,TEN@LV 10/12/2025 04:05PM ET,TEN,2.1
WR,Van Jefferson (40308444),Van Jefferson,40308444,WR/FLEX,3000,TEN@LV 10/12/2025 04:05PM ET,TEN,1.28
WR,Bryce Oliver (40308446),Bryce Oliver,40308446,WR/FLEX,3000,TEN@LV 10/12/2025 04:05PM ET,TEN,0.9
WR,James Proche II (40308448),James Proche II,40308448,WR/FLEX,3000,TEN@LV 10/12/2025 04:05PM ET,TEN,0
WR,Treylon Burks (40308450),Treylon Burks,40308450,WR/FLEX,3000,TEN@LV 10/12/2025 04:05PM ET,TEN,0
WR,Xavier Restrepo (40308452),Xavier Restrepo,40308452,WR/FLEX,3000,TEN@LV 10/12/2025 04:05PM ET,TEN,0
WR,Mason Kinsey (40308454),Mason Kinsey,40308454,WR/FLEX,3000,TEN@LV 10/12/2025 04:05PM ET,TEN,0
WR,Malik Heath (40308414),Malik Heath,40308414,WR/FLEX,3000,CIN@GB 10/12/2025 04:25PM ET,GB,1.65
WR,Savion Williams (40308416),Savion Williams,40308416,WR/FLEX,3000,CIN@GB 10/12/2025 04:25PM ET,GB,2.18
WR,Jayden Reed (40308418),Jayden Reed,40308418,WR/FLEX,3000,CIN@GB 10/12/2025 04:25PM ET,GB,6.75
WR,Isaiah Neyor (40308420),Isaiah Neyor,40308420,WR/FLEX,3000,CIN@GB 10/12/2025 04:25PM ET,GB,0
WR,Will Sheppard (40308422),Will Sheppard,40308422,WR/FLEX,3000,CIN@GB 10/12/2025 04:25PM ET,GB,0
WR,Jakobie Keeney-James (40308424),Jakobie Keeney-James,40308424,WR/FLEX,3000,CIN@GB 10/12/2025 04:25PM ET,GB,0
WR,Charlie Jones (40308426),Charlie Jones,40308426,WR/FLEX,3000,CIN@GB 10/12/2025 04:25PM ET,CIN,0
WR,Jermaine Burton (40308428),Jermaine Burton,40308428,WR/FLEX,3000,CIN@GB 10/12/2025 04:25PM ET,CIN,0
WR,Kendric Pryor (40308430),Kendric Pryor,40308430,WR/FLEX,3000,CIN@GB 10/12/2025 04:25PM ET,CIN,0
WR,Jordan Moore (40308432),Jordan Moore,40308432,WR/FLEX,3000,CIN@GB 10/12/2025 04:25PM ET,CIN,0
WR,Mitch Tinsley (40308606),Mitch Tinsley,40308606,WR/FLEX,3000,CIN@GB 10/12/2025 04:25PM ET,CIN,2.04
TE,Mike Gesicki (40308650),Mike Gesicki,40308650,TE/FLEX,3000,CIN@GB 10/12/2025 04:25PM ET,CIN,2.82
WR,Devaughn Vele (40308392),Devaughn Vele,40308392,WR/FLEX,3000,NE@NO 10/12/2025 01:00PM ET,NO,3.22
WR,Mason Tipton (40308394),Mason Tipton,40308394,WR/FLEX,3000,NE@NO 10/12/2025 01:00PM ET,NO,0
WR,Ja'Lynn Polk (40308396),Ja'Lynn Polk,40308396,WR/FLEX,3000,NE@NO 10/12/2025 01:00PM ET,NO,0
WR,Trey Palmer (40308398),Trey Palmer,40308398,WR/FLEX,3000,NE@NO 10/12/2025 01:00PM ET,NO,0
WR,Tommy Mellott (40308400),Tommy Mellott,40308400,WR/FLEX,3000,NE@NO 10/12/2025 01:00PM ET,NO,0
WR,Kevin Austin Jr. (40308402),Kevin Austin Jr.,40308402,WR/FLEX,3000,NE@NO 10/12/2025 01:00PM ET,NO,0
WR,Dante Pettis (40308404),Dante Pettis,40308404,WR/FLEX,3000,NE@NO 10/12/2025 01:00PM ET,NO,0
WR,Kyle Williams (40308406),Kyle Williams,40308406,WR/FLEX,3000,NE@NO 10/12/2025 01:00PM ET,NE,0.76
WR,Efton Chism III (40308408),Efton Chism III,40308408,WR/FLEX,3000,NE@NO 10/12/2025 01:00PM ET,NE,0
WR,Jeremiah Webb (40308410),Jeremiah Webb,40308410,WR/FLEX,3000,NE@NO 10/12/2025 01:00PM ET,NE,0
WR,John Jiles (40308412),John Jiles,40308412,WR/FLEX,3000,NE@NO 10/12/2025 01:00PM ET,NE,0
TE,Taysom Hill (40308652),Taysom Hill,40308652,TE/FLEX,3000,NE@NO 10/12/2025 01:00PM ET,NO,0.66
TE,Tyler Higbee (40308654),Tyler Higbee,40308654,TE/FLEX,2900,LAR@BAL 10/12/2025 01:00PM ET,LAR,3.05
TE,Will Dissly (40308656),Will Dissly,40308656,TE/FLEX,2900,LAC@MIA 10/12/2025 01:00PM ET,LAC,2.25
DST,Buccaneers  (40308828),Buccaneers ,40308828,DST,2900,SF@TB 10/12/2025 04:25PM ET,TB,4.6
TE,Isaiah Likely (40308660),Isaiah Likely,40308660,TE/FLEX,2800,LAR@BAL 10/12/2025 01:00PM ET,BAL,1.1
TE,Mitchell Evans (40308662),Mitchell Evans,40308662,TE/FLEX,2800,DAL@CAR 10/12/2025 01:00PM ET,CAR,4.5
DST,Jaguars  (40308829),Jaguars ,40308829,DST,2800,SEA@JAX 10/12/2025 01:00PM ET,JAX,10.6
TE,Austin Hooper (40308658),Austin Hooper,40308658,TE/FLEX,2800,NE@NO 10/12/2025 01:00PM ET,NE,3.4
DST,Seahawks  (40308830),Seahawks ,40308830,DST,2700,SEA@JAX 10/12/2025 01:00PM ET,SEA,9.2
TE,Tyler Conklin (40308668),Tyler Conklin,40308668,TE/FLEX,2700,LAC@MIA 10/12/2025 01:00PM ET,LAC,2.7
TE,Pat Freiermuth (40308666),Pat Freiermuth,40308666,TE/FLEX,2700,CLE@PIT 10/12/2025 01:00PM ET,PIT,3.38
TE,Gunnar Helm (40308664),Gunnar Helm,40308664,TE/FLEX,2700,TEN@LV 10/12/2025 04:05PM ET,TEN,4.16
TE,Tommy Tremble (40308672),Tommy Tremble,40308672,TE/FLEX,2600,DAL@CAR 10/12/2025 01:00PM ET,CAR,5.34
DST,Cardinals  (40308831),Cardinals ,40308831,DST,2600,ARI@IND 10/12/2025 01:00PM ET,ARI,7
TE,Elijah Arroyo (40308670),Elijah Arroyo,40308670,TE/FLEX,2600,SEA@JAX 10/12/2025 01:00PM ET,SEA,3.04
TE,Oronde Gadsden II (40308674),Oronde Gadsden II,40308674,TE/FLEX,2600,LAC@MIA 10/12/2025 01:00PM ET,LAC,5.2
TE,Albert Okwuegbunam Jr. (40308676),Albert Okwuegbunam Jr.,40308676,TE/FLEX,2600,TEN@LV 10/12/2025 04:05PM ET,LV,8.6
TE,Davis Allen (40308682),Davis Allen,40308682,TE/FLEX,2500,LAR@BAL 10/12/2025 01:00PM ET,LAR,4.56
TE,Charlie Kolar (40308810),Charlie Kolar,40308810,TE/FLEX,2500,LAR@BAL 10/12/2025 01:00PM ET,BAL,1.24
TE,Zaire Mitchell-Paden (40308812),Zaire Mitchell-Paden,40308812,TE/FLEX,2500,LAR@BAL 10/12/2025 01:00PM ET,BAL,0.26
TE,Colby Parkinson (40308814),Colby Parkinson,40308814,TE/FLEX,2500,LAR@BAL 10/12/2025 01:00PM ET,LAR,1.02
TE,Terrance Ferguson (40308816),Terrance Ferguson,40308816,TE/FLEX,2500,LAR@BAL 10/12/2025 01:00PM ET,LAR,1.03
TE,Mark Redman (40308818),Mark Redman,40308818,TE/FLEX,2500,LAR@BAL 10/12/2025 01:00PM ET,LAR,0
TE,James Mitchell (40308796),James Mitchell,40308796,TE/FLEX,2500,DAL@CAR 10/12/2025 01:00PM ET,CAR,2.9
TE,Bryce Pierre (40308798),Bryce Pierre,40308798,TE/FLEX,2500,DAL@CAR 10/12/2025 01:00PM ET,CAR,0
TE,Luke Schoonmaker (40308800),Luke Schoonmaker,40308800,TE/FLEX,2500,DAL@CAR 10/12/2025 01:00PM ET,DAL,1.12
TE,Brevyn Spann-Ford (40308802),Brevyn Spann-Ford,40308802,TE/FLEX,2500,DAL@CAR 10/12/2025 01:00PM ET,DAL,0.26
TE,John Stephens Jr. (40308804),John Stephens Jr.,40308804,TE/FLEX,2500,DAL@CAR 10/12/2025 01:00PM ET,DAL,0
TE,Rivaldo Fairweather (40308806),Rivaldo Fairweather,40308806,TE/FLEX,2500,DAL@CAR 10/12/2025 01:00PM ET,DAL,0
TE,Princeton Fant (40308808),Princeton Fant,40308808,TE/FLEX,2500,DAL@CAR 10/12/2025 01:00PM ET,DAL,0
TE,Tip Reiman (40308778),Tip Reiman,40308778,TE/FLEX,2500,ARI@IND 10/12/2025 01:00PM ET,ARI,1.2
TE,Elijah Higgins (40308780),Elijah Higgins,40308780,TE/FLEX,2500,ARI@IND 10/12/2025 01:00PM ET,ARI,2.5
TE,Travis Vokolek (40308782),Travis Vokolek,40308782,TE/FLEX,2500,ARI@IND 10/12/2025 01:00PM ET,ARI,0
TE,Josiah Deguara (40308784),Josiah Deguara,40308784,TE/FLEX,2500,ARI@IND 10/12/2025 01:00PM ET,ARI,0
TE,Mo Alie-Cox (40308786),Mo Alie-Cox,40308786,TE/FLEX,2500,ARI@IND 10/12/2025 01:00PM ET,IND,0.96
TE,Drew Ogletree (40308788),Drew Ogletree,40308788,TE/FLEX,2500,ARI@IND 10/12/2025 01:00PM ET,IND,0
TE,Will Mallory (40308790),Will Mallory,40308790,TE/FLEX,2500,ARI@IND 10/12/2025 01:00PM ET,IND,0
TE,Sean McKeon (40308792),Sean McKeon,40308792,TE/FLEX,2500,ARI@IND 10/12/2025 01:00PM ET,IND,0
TE,Maximilian Mang (40308794),Maximilian Mang,40308794,TE/FLEX,2500,ARI@IND 10/12/2025 01:00PM ET,IND,0
TE,Hunter Long (40308684),Hunter Long,40308684,TE/FLEX,2500,SEA@JAX 10/12/2025 01:00PM ET,JAX,4.68
TE,Johnny Mundt (40308768),Johnny Mundt,40308768,TE/FLEX,2500,SEA@JAX 10/12/2025 01:00PM ET,JAX,0.68
TE,Patrick Herbert (40308770),Patrick Herbert,40308770,TE/FLEX,2500,SEA@JAX 10/12/2025 01:00PM ET,JAX,0
TE,Quintin Morris (40308772),Quintin Morris,40308772,TE/FLEX,2500,SEA@JAX 10/12/2025 01:00PM ET,JAX,0
TE,Eric Saubert (40308774),Eric Saubert,40308774,TE/FLEX,2500,SEA@JAX 10/12/2025 01:00PM ET,SEA,0.44
TE,Nick Kallerup (40308776),Nick Kallerup,40308776,TE/FLEX,2500,SEA@JAX 10/12/2025 01:00PM ET,SEA,0
TE,Tucker Fisk (40308754),Tucker Fisk,40308754,TE/FLEX,2500,LAC@MIA 10/12/2025 01:00PM ET,LAC,0
TE,Thomas Yassmin (40308756),Thomas Yassmin,40308756,TE/FLEX,2500,LAC@MIA 10/12/2025 01:00PM ET,LAC,0
TE,Julian Hill (40308758),Julian Hill,40308758,TE/FLEX,2500,LAC@MIA 10/12/2025 01:00PM ET,MIA,2.5
TE,Tanner Conner (40308760),Tanner Conner,40308760,TE/FLEX,2500,LAC@MIA 10/12/2025 01:00PM ET,MIA,1.98
TE,Jalin Conyers (40308762),Jalin Conyers,40308762,TE/FLEX,2500,LAC@MIA 10/12/2025 01:00PM ET,MIA,0
TE,Hayden Rucci (40308764),Hayden Rucci,40308764,TE/FLEX,2500,LAC@MIA 10/12/2025 01:00PM ET,MIA,0
TE,Greg Dulcich (40308766),Greg Dulcich,40308766,TE/FLEX,2500,LAC@MIA 10/12/2025 01:00PM ET,MIA,0
TE,Darnell Washington (40308742),Darnell Washington,40308742,TE/FLEX,2500,CLE@PIT 10/12/2025 01:00PM ET,PIT,1.75
TE,Donald Parham Jr. (40308744),Donald Parham Jr.,40308744,TE/FLEX,2500,CLE@PIT 10/12/2025 01:00PM ET,PIT,0
TE,Matt Sokol (40308746),Matt Sokol,40308746,TE/FLEX,2500,CLE@PIT 10/12/2025 01:00PM ET,PIT,0
TE,Connor Heyward (40308748),Connor Heyward,40308748,TE/FLEX,2500,CLE@PIT 10/12/2025 01:00PM ET,PIT,0.45
TE,Blake Whiteheart (40308750),Blake Whiteheart,40308750,TE/FLEX,2500,CLE@PIT 10/12/2025 01:00PM ET,CLE,0
TE,Sal Cannella (40308752),Sal Cannella,40308752,TE/FLEX,2500,CLE@PIT 10/12/2025 01:00PM ET,CLE,0
DST,Browns  (40308833),Browns ,40308833,DST,2500,CLE@PIT 10/12/2025 01:00PM ET,CLE,4.8
TE,Luke Farrell (40308686),Luke Farrell,40308686,TE/FLEX,2500,SF@TB 10/12/2025 04:25PM ET,SF,3.14
TE,Payne Durham (40308726),Payne Durham,40308726,TE/FLEX,2500,SF@TB 10/12/2025 04:25PM ET,TB,0
TE,Devin Culp (40308728),Devin Culp,40308728,TE/FLEX,2500,SF@TB 10/12/2025 04:25PM ET,TB,0
TE,Ko Kieft (40308730),Ko Kieft,40308730,TE/FLEX,2500,SF@TB 10/12/2025 04:25PM ET,TB,0
TE,Tanner Taula (40308732),Tanner Taula,40308732,TE/FLEX,2500,SF@TB 10/12/2025 04:25PM ET,TB,0
TE,Caden Prieskorn (40308734),Caden Prieskorn,40308734,TE/FLEX,2500,SF@TB 10/12/2025 04:25PM ET,TB,0
TE,Evan Deckers (40308736),Evan Deckers,40308736,TE/FLEX,2500,SF@TB 10/12/2025 04:25PM ET,TB,0
TE,Brayden Willis (40308738),Brayden Willis,40308738,TE/FLEX,2500,SF@TB 10/12/2025 04:25PM ET,SF,0
TE,Messiah Swinson (40308740),Messiah Swinson,40308740,TE/FLEX,2500,SF@TB 10/12/2025 04:25PM ET,SF,0
DST,49ers  (40308832),49ers ,40308832,DST,2500,SF@TB 10/12/2025 04:25PM ET,SF,5.2
TE,Ian Thomas (40308678),Ian Thomas,40308678,TE/FLEX,2500,TEN@LV 10/12/2025 04:05PM ET,LV,1
TE,Carter Runyon (40308718),Carter Runyon,40308718,TE/FLEX,2500,TEN@LV 10/12/2025 04:05PM ET,LV,0
TE,David Martin-Robinson (40308720),David Martin-Robinson,40308720,TE/FLEX,2500,TEN@LV 10/12/2025 04:05PM ET,TEN,0
TE,Thomas Odukoya (40308722),Thomas Odukoya,40308722,TE/FLEX,2500,TEN@LV 10/12/2025 04:05PM ET,TEN,0
TE,Joel Wilson (40308724),Joel Wilson,40308724,TE/FLEX,2500,TEN@LV 10/12/2025 04:05PM ET,TEN,0
TE,Luke Musgrave (40308700),Luke Musgrave,40308700,TE/FLEX,2500,CIN@GB 10/12/2025 04:25PM ET,GB,2.05
TE,John FitzPatrick (40308702),John FitzPatrick,40308702,TE/FLEX,2500,CIN@GB 10/12/2025 04:25PM ET,GB,2.6
TE,Ben Sims (40308704),Ben Sims,40308704,TE/FLEX,2500,CIN@GB 10/12/2025 04:25PM ET,GB,0
TE,Josh Whyle (40308706),Josh Whyle,40308706,TE/FLEX,2500,CIN@GB 10/12/2025 04:25PM ET,GB,0
TE,Drew Sample (40308708),Drew Sample,40308708,TE/FLEX,2500,CIN@GB 10/12/2025 04:25PM ET,CIN,2.52
TE,Tanner Hudson (40308710),Tanner Hudson,40308710,TE/FLEX,2500,CIN@GB 10/12/2025 04:25PM ET,CIN,0
TE,Cam Grandy (40308712),Cam Grandy,40308712,TE/FLEX,2500,CIN@GB 10/12/2025 04:25PM ET,CIN,0.8
TE,Erick All Jr. (40308714),Erick All Jr.,40308714,TE/FLEX,2500,CIN@GB 10/12/2025 04:25PM ET,CIN,0
TE,William Wagner (40308716),William Wagner,40308716,TE/FLEX,2500,CIN@GB 10/12/2025 04:25PM ET,CIN,0
TE,Foster Moreau (40308680),Foster Moreau,40308680,TE/FLEX,2500,NE@NO 10/12/2025 01:00PM ET,NO,0
TE,Jack Stoll (40308688),Jack Stoll,40308688,TE/FLEX,2500,NE@NO 10/12/2025 01:00PM ET,NO,2.36
TE,Mason Pline (40308690),Mason Pline,40308690,TE/FLEX,2500,NE@NO 10/12/2025 01:00PM ET,NO,0
TE,Zach Wood (40308692),Zach Wood,40308692,TE/FLEX,2500,NE@NO 10/12/2025 01:00PM ET,NO,0
TE,Treyton Welch (40308694),Treyton Welch,40308694,TE/FLEX,2500,NE@NO 10/12/2025 01:00PM ET,NO,0
TE,Gee Scott Jr. (40308696),Gee Scott Jr.,40308696,TE/FLEX,2500,NE@NO 10/12/2025 01:00PM ET,NE,0
TE,CJ Dippre (40308698),CJ Dippre,40308698,TE/FLEX,2500,NE@NO 10/12/2025 01:00PM ET,NE,0
DST,Titans  (40308835),Titans ,40308835,DST,2400,TEN@LV 10/12/2025 04:05PM ET,TEN,4.2
DST,Saints  (40308834),Saints ,40308834,DST,2400,NE@NO 10/12/2025 01:00PM ET,NO,6.6
DST,Panthers  (40308836),Panthers ,40308836,DST,2300,DAL@CAR 10/12/2025 01:00PM ET,CAR,5.4
DST,Dolphins  (40308837),Dolphins ,40308837,DST,2200,LAC@MIA 10/12/2025 01:00PM ET,MIA,4.8
DST,Ravens  (40308838),Ravens ,40308838,DST,2100,LAR@BAL 10/12/2025 01:00PM ET,BAL,0.6
DST,Bengals  (40308839),Bengals ,40308839,DST,2000,CIN@GB 10/12/2025 04:25PM ET,CIN,2.8
