Week,Team,Pos,G,Cmp,Passing Attempts,Passing Yards,Passing TDs,INTs,Rushing Attempts,Rushing Yards,Rushing TDs,Receptions,Receiving Yards,Receiving TDs,FPts,FPts/G
6,Chargers,QB,4,104,158,"1,317",7,3,10,30,2,,,,108.9,27.2
6,Bears,QB,5,126,178,"1,476",12,3,23,88,0,,,,130.6,26.1
6,Broncos,QB,5,119,154,"1,409",13,3,19,74,0,,,,129.9,26
6,Cardinals,QB,5,126,175,"1,372",8,4,21,100,3,,,,128.6,25.7
6,Commanders,QB,5,99,160,"1,259",10,2,34,188,1,,,,127.8,25.6
6,Jaguars,QB,5,119,181,"1,358",8,5,25,104,2,,,,122.3,24.5
6,Colts,QB,5,126,184,"1,410",5,3,28,149,2,,,,117.4,23.5
6,Eagles,QB,5,131,201,"1,338",11,2,9,57,0,,,,116.6,23.3
6,Dolphins,QB,5,121,170,"1,290",7,2,24,95,2,,,,114,22.8
6,Vikings,QB,5,135,177,"1,256",8,1,24,67,2,,,,113.5,22.7
6,Seahawks,QB,4,113,165,"1,221",5,3,15,88,0,,,,89.9,22.5
6,Lions,QB,5,122,195,"1,248",8,5,15,71,1,,,,107.5,21.5
6,Steelers,QB,5,107,181,"1,321",7,5,23,108,0,,,,104.9,21
6,Raiders,QB,5,103,153,"1,035",8,4,23,81,2,,,,103.9,20.8
6,Rams,QB,5,95,163,"1,080",4,2,32,137,3,,,,101.7,20.3
6,Buccaneers,QB,4,95,148,959,4,6,19,39,2,,,,79.9,20
6,Bengals,QB,5,91,152,"1,066",7,6,27,118,1,,,,99.1,19.8
6,Jets,QB,5,113,169,"1,091",7,5,30,163,0,,,,98.9,19.8
6,Texans,QB,5,117,162,"1,145",3,3,20,107,3,,,,98,19.6
6,Giants,QB,5,96,149,"1,162",6,2,12,62,1,,,,94.3,18.9
6,Falcons,QB,5,99,161,996,7,3,19,87,1,,,,92.5,18.5
6,Packers,QB,5,107,162,"1,075",5,4,25,112,1,,,,91,18.2
6,Titans,QB,5,117,163,"1,317",5,1,15,27,0,,,,88.6,17.7
6,Chiefs,QB,5,112,184,"1,097",6,1,26,91,0,,,,88,17.6
6,Saints,QB,5,100,174,988,5,7,23,109,1,,,,86.3,17.3
6,Cowboys,QB,5,80,133,929,6,7,28,140,0,,,,84.5,16.9
6,Panthers,QB,5,91,137,"1,014",7,4,13,-11,1,,,,83.6,16.7
6,49ers,QB,5,131,201,"1,102",5,8,22,76,0,,,,82.7,16.5
6,Bills,QB,5,99,147,"1,092",4,8,15,63,0,,,,76.9,15.4
6,Patriots,QB,5,109,161,"1,040",5,1,23,38,0,,,,75.8,15.2
6,Ravens,QB,5,119,197,"1,036",4,4,15,43,0,,,,72.1,14.4
6,Browns,QB,4,57,106,594,3,1,17,27,2,,,,56.4,14.1
6,Broncos,RB,5,,,,,,134,821,8,30,256,4,209.7,41.9
6,Panthers,RB,5,,,,,,123,640,8,20,144,1,152.4,30.5
6,Bears,RB,5,,,,,,107,394,4,31,331,4,151.5,30.3
6,Cardinals,RB,5,,,,,,122,500,4,29,185,4,145.5,29.1
6,Packers,RB,5,,,,,,132,534,5,32,211,0,136.5,27.3
6,Giants,RB,5,,,,,,128,679,7,16,91,0,135,27
6,Chargers,RB,4,,,,,,89,370,3,27,218,0,103.8,26
6,Bills,RB,5,,,,,,93,527,4,26,247,0,127.4,25.5
6,Texans,RB,5,,,,,,119,441,5,23,195,1,122.6,24.5
6,Jets,RB,5,,,,,,126,534,1,31,260,1,122.4,24.5
6,Patriots,RB,5,,,,,,117,422,5,28,181,0,118.3,23.7
6,Colts,RB,5,,,,,,123,445,5,24,183,0,116.8,23.4
6,Seahawks,RB,4,,,,,,91,237,5,22,144,0,90.1,22.5
6,Steelers,RB,5,,,,,,123,585,3,17,127,1,112.2,22.4
6,Raiders,RB,5,,,,,,122,520,3,23,126,0,105.6,21.1
6,Dolphins,RB,5,,,,,,114,473,4,16,171,0,104.4,20.9
6,Buccaneers,RB,4,,,,,,68,333,0,26,124,1,77.7,19.4
6,Cowboys,RB,5,,,,,,101,389,3,21,118,1,95.7,19.1
6,Bengals,RB,5,,,,,,107,536,3,14,101,0,95.7,19.1
6,Titans,RB,5,,,,,,102,410,3,13,127,1,90.7,18.1
6,Commanders,RB,5,,,,,,98,433,3,19,92,0,89.5,17.9
6,49ers,RB,5,,,,,,59,217,2,30,170,1,86.7,17.3
6,Ravens,RB,5,,,,,,109,417,0,23,155,1,86.2,17.2
6,Vikings,RB,5,,,,,,120,431,2,17,87,0,80.8,16.2
6,Jaguars,RB,5,,,,,,84,301,1,28,159,0,80,16
6,Rams,RB,5,,,,,,102,428,2,16,86,0,79.4,15.9
6,Chiefs,RB,5,,,,,,82,370,1,19,94,1,77.4,15.5
6,Saints,RB,5,,,,,,91,311,0,24,171,0,72.2,14.4
6,Eagles,RB,5,,,,,,79,246,1,26,148,0,71.4,14.3
6,Browns,RB,4,,,,,,69,266,0,17,123,0,55.9,14
6,Lions,RB,5,,,,,,79,248,2,17,113,0,65.1,13
6,Falcons,RB,5,,,,,,115,430,0,12,78,0,62.8,12.6
6,Seahawks,WR,4,,,,,,4,25,0,74,883,5,194.8,48.7
6,Chargers,WR,4,,,,,,2,17,0,59,927,6,189.4,47.4
6,Vikings,WR,5,,,,,,4,14,0,90,"1,048",6,232.2,46.4
6,Eagles,WR,5,,,,,,1,1,1,81,936,8,228.7,45.7
6,Commanders,WR,5,,,,,,8,47,0,60,"1,032",9,221.9,44.4
6,Steelers,WR,5,,,,,,5,26,0,74,"1,024",6,215,43
6,Titans,WR,5,,,,,,9,28,0,83,984,4,208.2,41.6
6,Cardinals,WR,5,,,,,,6,21,0,79,991,4,204.2,40.8
6,Colts,WR,5,,,,,,3,0,0,73,932,5,196.2,39.2
6,Dolphins,WR,5,,,,,,4,10,0,74,846,5,189.6,37.9
6,Jaguars,WR,5,,,,,,1,3,0,62,902,6,188.5,37.7
6,Broncos,WR,5,,,,,,4,42,0,63,837,6,186.9,37.4
6,Giants,WR,5,,,,,,4,16,1,60,821,6,185.7,37.1
6,Lions,WR,5,,,,,,8,27,0,68,782,6,184.9,37
6,Bears,WR,5,,,,,,2,9,0,61,863,6,184.2,36.8
6,49ers,WR,5,,,,,,5,26,0,75,747,3,170.3,34.1
6,Ravens,WR,5,,,,,,3,-5,0,76,759,3,169.4,33.9
6,Buccaneers,WR,4,,,,,,1,-3,0,48,689,3,134.6,33.7
6,Patriots,WR,5,,,,,,6,61,0,65,717,4,166.8,33.4
6,Chiefs,WR,5,,,,,,3,22,0,65,705,4,161.7,32.3
6,Saints,WR,5,,,,,,3,27,0,62,718,4,160.5,32.1
6,Raiders,WR,5,,,,,,4,46,0,51,682,6,159.8,32
6,Bengals,WR,5,,,,,,11,116,0,51,698,4,156.4,31.3
6,Bills,WR,5,,,,,,7,80,0,54,689,4,154.9,31
6,Packers,WR,5,,,,,,6,59,0,52,623,4,144.2,28.8
6,Panthers,WR,5,,,,,,0,0,0,49,642,4,137.2,27.4
6,Falcons,WR,5,,,,,,5,5,0,52,605,4,137,27.4
6,Rams,WR,5,,,,,,5,38,1,53,664,1,135.2,27
6,Texans,WR,5,,,,,,4,14,0,60,617,1,129.1,25.8
6,Cowboys,WR,5,,,,,,8,84,1,37,569,2,120.3,24.1
6,Jets,WR,5,,,,,,6,34,0,55,542,1,118.6,23.7
6,Browns,WR,4,,,,,,3,-6,0,28,365,1,69.9,17.5
6,Jets,TE,5,,,,,,1,0,0,27,289,5,85.9,17.2
6,Falcons,TE,5,,,,,,0,0,0,35,313,3,84.3,16.9
6,Lions,TE,5,,,,,,1,-4,0,37,353,2,83.9,16.8
6,Bengals,TE,5,,,,,,0,0,0,27,269,4,77.9,15.6
6,Rams,TE,5,,,,,,0,0,0,26,330,3,77,15.4
6,Texans,TE,5,,,,,,0,0,0,35,355,1,76.5,15.3
6,Broncos,TE,5,,,,,,1,1,0,26,316,3,75.7,15.1
6,Bears,TE,5,,,,,,0,0,0,34,282,2,74.2,14.8
6,Dolphins,TE,5,,,,,,1,2,0,31,270,2,70.2,14
6,Jaguars,TE,5,,,,,,0,0,0,28,297,2,69.7,13.9
6,Eagles,TE,5,,,,,,1,2,0,24,254,3,67.6,13.5
6,Panthers,TE,5,,,,,,9,75,0,22,242,2,65.7,13.1
6,Chiefs,TE,5,,,,,,0,0,0,29,297,1,64.7,12.9
6,Cowboys,TE,5,,,,,,0,0,0,22,242,3,64.2,12.8
6,Vikings,TE,5,,,,,,0,0,0,29,170,3,64,12.8
6,Raiders,TE,5,,,,,,1,0,0,29,227,2,63.7,12.7
6,Colts,TE,5,,,,,,2,2,0,29,295,0,58.7,11.7
6,Giants,TE,4,,,,,,0,0,0,19,252,0,44.2,11.1
6,Packers,TE,5,,,,,,5,12,0,23,241,1,54.3,10.9
6,Chargers,TE,4,,,,,,0,0,0,18,172,1,41.2,10.3
6,Buccaneers,TE,4,,,,,,4,10,0,22,159,0,38.9,9.7
6,Cardinals,TE,4,,,,,,0,0,0,18,196,0,37.6,9.4
6,Seahawks,TE,4,,,,,,0,0,0,16,194,0,35.4,8.9
6,Browns,TE,4,,,,,,0,0,0,12,106,2,34.6,8.7
6,Titans,TE,5,,,,,,5,8,0,21,206,0,42.4,8.5
6,49ers,TE,5,,,,,,0,0,0,20,148,1,40.8,8.2
6,Steelers,TE,5,,,,,,0,0,0,17,176,1,40.6,8.1
6,Commanders,TE,5,,,,,,0,0,0,20,135,1,39.5,7.9
6,Patriots,TE,5,,,,,,3,19,0,16,142,1,38.1,7.6
6,Bills,TE,5,,,,,,0,0,0,19,156,0,34.6,6.9
6,Ravens,TE,5,,,,,,1,2,0,19,122,0,31.4,6.3
6,Saints,TE,5,,,,,,0,0,0,14,99,1,29.9,6
7,Commanders,QB,5,106,177,"1,434",12,5,33,209,1,,,,146.6,29.3
7,Broncos,QB,5,129,168,"1,515",12,3,16,94,0,,,,133.2,26.6
7,Chargers,QB,4,97,143,"1,123",5,2,12,65,3,,,,100.7,25.2
7,Cardinals,QB,5,122,168,"1,396",8,3,20,91,2,,,,122.9,24.6
7,Jaguars,QB,5,128,197,"1,464",8,7,17,68,1,,,,118,23.6
7,Bears,QB,5,132,182,"1,412",10,3,21,71,0,,,,117.7,23.5
7,Vikings,QB,5,130,167,"1,224",6,3,26,106,3,,,,113.8,22.8
7,Colts,QB,5,122,182,"1,350",5,3,27,141,2,,,,113.6,22.7
7,Seahawks,QB,4,113,162,"1,072",7,4,14,81,0,,,,89.7,22.4
7,Jets,QB,5,112,173,"1,135",7,5,32,174,1,,,,108.2,21.6
7,Rams,QB,5,100,178,"1,203",3,3,38,178,3,,,,108,21.6
7,Texans,QB,5,132,190,"1,329",4,3,15,71,3,,,,107.6,21.5
7,Dolphins,QB,5,121,175,"1,279",7,2,19,77,1,,,,105.7,21.1
7,Steelers,QB,4,88,152,"1,101",5,5,18,90,0,,,,84.1,21
7,Giants,QB,5,102,154,"1,188",8,3,13,67,1,,,,104.1,20.8
7,Buccaneers,QB,4,92,148,968,4,5,18,35,2,,,,79.9,20
7,Falcons,QB,5,93,146,"1,001",9,1,20,73,1,,,,99.4,19.9
7,Panthers,QB,5,97,151,"1,161",9,5,16,-14,1,,,,98.7,19.7
7,Eagles,QB,5,115,180,"1,208",8,1,11,57,0,,,,98.1,19.6
7,Raiders,QB,5,100,152,"1,058",6,5,23,79,2,,,,96.8,19.4
7,Cowboys,QB,5,85,140,"1,046",8,6,21,117,0,,,,96,19.2
7,Bengals,QB,5,102,164,"1,235",6,7,26,93,0,,,,95.1,19
7,Lions,QB,5,120,193,"1,228",6,5,11,32,1,,,,94.6,18.9
7,Saints,QB,5,97,167,989,7,5,23,106,1,,,,94.1,18.8
7,Titans,QB,5,115,160,"1,235",5,1,25,85,0,,,,90.3,18.1
7,Packers,QB,4,83,125,859,4,3,16,53,1,,,,70.3,17.6
7,Chiefs,QB,5,103,171,939,6,3,25,123,0,,,,83.3,16.7
7,Browns,QB,4,55,101,637,4,2,18,36,2,,,,63.5,15.9
7,Bills,QB,5,109,161,"1,152",3,7,16,81,0,,,,77.7,15.5
7,Patriots,QB,5,107,160,"1,134",5,2,19,2,0,,,,76.9,15.4
7,49ers,QB,5,118,189,"1,062",4,8,24,73,0,,,,76.4,15.3
7,Ravens,QB,5,103,174,944,4,5,14,40,0,,,,67.2,13.4
7,Broncos,RB,5,,,,,,132,840,8,37,293,4,222.3,44.5
7,Panthers,RB,5,,,,,,127,675,9,17,126,1,157.1,31.4
7,Cardinals,RB,5,,,,,,124,602,5,28,172,3,153.4,30.7
7,Packers,RB,4,,,,,,113,471,4,21,131,0,105.2,26.3
7,Bears,RB,5,,,,,,99,364,3,32,263,3,130.7,26.1
7,Jets,RB,5,,,,,,125,510,1,34,276,2,130.6,26.1
7,Chargers,RB,4,,,,,,94,364,2,29,251,0,102.5,25.6
7,Giants,RB,5,,,,,,129,694,5,14,79,0,121.3,24.3
7,Patriots,RB,5,,,,,,128,441,5,26,177,0,117.8,23.6
7,Colts,RB,5,,,,,,119,435,5,23,190,0,115.5,23.1
7,Texans,RB,5,,,,,,116,445,2,29,229,1,114.4,22.9
7,Bills,RB,5,,,,,,98,469,4,24,194,0,114.3,22.9
7,Raiders,RB,5,,,,,,118,507,5,20,136,0,114.3,22.9
7,Steelers,RB,4,,,,,,96,423,2,14,110,1,85.3,21.3
7,Ravens,RB,5,,,,,,107,476,1,21,192,1,99.8,20
7,49ers,RB,5,,,,,,79,311,3,26,176,1,98.7,19.7
7,Bengals,RB,5,,,,,,95,461,4,16,120,0,98.1,19.6
7,Commanders,RB,5,,,,,,106,463,3,20,133,0,97.6,19.5
7,Titans,RB,5,,,,,,107,436,3,16,135,1,97.1,19.4
7,Seahawks,RB,4,,,,,,67,198,2,28,177,0,77.5,19.4
7,Jaguars,RB,5,,,,,,83,316,2,32,211,0,96.7,19.3
7,Cowboys,RB,5,,,,,,102,355,3,20,140,1,93.5,18.7
7,Buccaneers,RB,4,,,,,,73,333,0,24,144,0,71.7,17.9
7,Browns,RB,4,,,,,,70,258,1,17,125,1,67.3,16.8
7,Dolphins,RB,5,,,,,,106,371,3,14,130,0,82.1,16.4
7,Vikings,RB,5,,,,,,120,466,2,16,73,0,81.9,16.4
7,Rams,RB,5,,,,,,105,436,2,15,94,0,80,16
7,Chiefs,RB,5,,,,,,73,338,0,21,104,1,71.2,14.2
7,Eagles,RB,5,,,,,,75,241,2,19,117,0,66.8,13.4
7,Saints,RB,5,,,,,,99,324,0,22,118,0,66.2,13.2
7,Falcons,RB,5,,,,,,105,367,0,9,69,2,64.6,12.9
7,Lions,RB,5,,,,,,78,238,2,14,77,0,57.5,11.5
7,Seahawks,WR,4,,,,,,4,25,0,70,762,7,190.7,47.7
7,Commanders,WR,5,,,,,,5,6,0,65,"1,122",9,231.8,46.4
7,Cardinals,WR,5,,,,,,5,15,0,79,"1,070",5,217.5,43.5
7,Vikings,WR,5,,,,,,5,29,0,85,"1,029",4,214.8,43
7,Steelers,WR,4,,,,,,3,18,0,61,840,4,170.8,42.7
7,Eagles,WR,5,,,,,,2,19,1,76,897,6,209.6,41.9
7,Dolphins,WR,5,,,,,,3,6,0,79,884,6,204,40.8
7,Jaguars,WR,5,,,,,,1,3,0,69,948,6,200.1,40
7,Giants,WR,5,,,,,,1,2,0,66,838,7,192,38.4
7,Titans,WR,5,,,,,,8,18,0,77,861,4,188.9,37.8
7,Chargers,WR,4,,,,,,1,14,0,52,729,4,150.3,37.6
7,Lions,WR,5,,,,,,6,32,0,72,818,5,187,37.4
7,Buccaneers,WR,4,,,,,,2,0,0,53,702,4,147.2,36.8
7,Panthers,WR,5,,,,,,0,0,0,61,845,6,181.5,36.3
7,Bears,WR,5,,,,,,2,10,0,63,867,5,180.7,36.1
7,Bengals,WR,5,,,,,,9,97,0,60,860,4,179.7,35.9
7,Colts,WR,5,,,,,,2,-2,0,66,846,4,174.4,34.9
7,49ers,WR,5,,,,,,7,54,0,72,736,3,169,33.8
7,Broncos,WR,5,,,,,,6,37,0,56,788,5,168.5,33.7
7,Bills,WR,5,,,,,,7,80,0,62,761,3,164.1,32.8
7,Patriots,WR,5,,,,,,7,65,0,58,721,4,160.6,32.1
7,Saints,WR,5,,,,,,4,33,0,56,700,5,159.3,31.9
7,Raiders,WR,5,,,,,,5,50,0,53,701,4,152.1,30.4
7,Packers,WR,4,,,,,,6,59,0,44,531,3,121,30.3
7,Falcons,WR,5,,,,,,4,0,0,54,660,5,150,30
7,Chiefs,WR,5,,,,,,3,22,0,59,586,4,143.8,28.8
7,Texans,WR,5,,,,,,4,23,0,60,693,2,143.6,28.7
7,Cowboys,WR,5,,,,,,8,84,1,43,673,3,142.7,28.5
7,Ravens,WR,5,,,,,,2,-4,0,63,616,3,142.2,28.4
7,Rams,WR,5,,,,,,8,34,1,56,720,0,137.4,27.5
7,Jets,WR,5,,,,,,5,30,0,53,579,0,113.9,22.8
7,Browns,WR,4,,,,,,6,26,0,28,422,1,78.8,19.7
7,Broncos,TE,5,,,,,,2,2,0,36,434,3,97.6,19.5
7,Texans,TE,5,,,,,,1,2,0,45,433,1,94.5,18.9
7,Rams,TE,5,,,,,,0,0,0,29,389,3,85.9,17.2
7,Jets,TE,5,,,,,,1,0,0,25,280,5,83,16.6
7,Bears,TE,5,,,,,,0,0,0,37,282,2,77.2,15.4
7,Lions,TE,5,,,,,,1,-4,0,34,333,1,72.9,14.6
7,Bengals,TE,5,,,,,,0,0,0,27,257,3,70.7,14.1
7,Colts,TE,5,,,,,,2,2,0,33,314,1,70.6,14.1
7,Falcons,TE,5,,,,,,0,0,0,30,272,2,69.2,13.8
7,Jaguars,TE,5,,,,,,0,0,0,26,305,2,68.5,13.7
7,Giants,TE,4,,,,,,0,0,0,21,273,1,54.3,13.6
7,Cowboys,TE,5,,,,,,1,2,0,21,223,4,67.5,13.5
7,Vikings,TE,5,,,,,,0,0,0,30,171,3,65.1,13
7,Dolphins,TE,5,,,,,,0,0,0,29,269,1,61.9,12.4
7,Raiders,TE,5,,,,,,1,0,0,27,221,2,61.1,12.2
7,Panthers,TE,5,,,,,,9,75,0,20,198,2,59.3,11.9
7,Commanders,TE,5,,,,,,0,0,0,21,179,3,56.9,11.4
7,Packers,TE,4,,,,,,4,12,0,18,197,1,44.9,11.2
7,Chiefs,TE,5,,,,,,0,0,0,24,248,1,54.8,11
7,Patriots,TE,5,,,,,,3,19,0,23,236,1,54.5,10.9
7,Eagles,TE,5,,,,,,1,2,0,20,194,2,51.6,10.3
7,Saints,TE,5,,,,,,0,0,0,19,171,2,48.1,9.6
7,Titans,TE,5,,,,,,3,4,0,22,239,0,46.3,9.3
7,Chargers,TE,4,,,,,,0,0,0,16,143,1,36.3,9.1
7,Steelers,TE,4,,,,,,0,0,0,14,157,1,35.7,8.9
7,Bills,TE,5,,,,,,0,0,0,23,197,0,42.7,8.5
7,Browns,TE,4,,,,,,0,0,0,10,90,2,31,7.8
7,Buccaneers,TE,4,,,,,,4,10,0,16,135,0,30.5,7.6
7,Cardinals,TE,4,,,,,,0,0,0,15,154,0,30.4,7.6
7,49ers,TE,5,,,,,,0,0,0,20,150,0,35,7
7,Seahawks,TE,4,,,,,,0,0,0,14,133,0,27.3,6.8
7,Ravens,TE,5,,,,,,1,2,0,19,136,0,32.8,6.6
8,Chargers,QB,4,109,161,"1,301",8,3,15,82,2,,,,117.3,29.3
8,Commanders,QB,5,106,174,"1,405",11,4,35,178,1,,,,138.1,27.6
8,Broncos,QB,5,123,160,"1,396",12,4,17,102,0,,,,128,25.6
8,Dolphins,QB,5,113,164,"1,327",8,2,25,73,2,,,,117.7,23.5
8,Jaguars,QB,5,132,211,"1,460",7,7,13,52,1,,,,112.2,22.4
8,Bears,QB,5,133,193,"1,299",10,6,15,54,0,,,,110.4,22.1
8,Panthers,QB,4,76,115,933,9,4,13,-10,1,,,,87.7,21.9
8,Browns,QB,4,55,94,720,5,2,17,71,4,,,,87.1,21.8
8,Rams,QB,5,100,178,"1,227",3,3,43,173,3,,,,108.7,21.7
8,Lions,QB,5,109,180,"1,257",7,5,17,48,2,,,,107.7,21.5
8,Jets,QB,4,81,135,880,5,5,26,160,1,,,,86,21.5
8,Cardinals,QB,5,114,155,"1,294",8,3,17,42,1,,,,106.9,21.4
8,Vikings,QB,5,133,174,"1,303",6,4,19,90,1,,,,104.2,20.8
8,Steelers,QB,4,80,141,"1,097",5,5,13,76,0,,,,82.5,20.6
8,Buccaneers,QB,4,95,144,"1,007",3,3,20,70,2,,,,81.4,20.3
8,Cowboys,QB,4,73,113,876,7,3,16,81,0,,,,79.9,20
8,Seahawks,QB,4,105,161,899,4,3,21,124,1,,,,79.4,19.8
8,Saints,QB,5,95,163,"1,040",7,5,29,131,1,,,,99.1,19.8
8,Falcons,QB,5,106,163,"1,125",7,2,21,82,1,,,,98.5,19.7
8,Colts,QB,5,108,172,"1,149",3,5,27,143,2,,,,95.8,19.2
8,Texans,QB,4,107,157,"1,102",3,3,10,33,1,,,,76.4,19.1
8,Giants,QB,5,103,165,"1,209",7,4,12,41,0,,,,92.6,18.5
8,Patriots,QB,5,113,171,"1,150",6,2,22,16,1,,,,89.1,17.8
8,Chiefs,QB,5,98,160,982,7,5,22,102,0,,,,87.3,17.5
8,Bengals,QB,4,78,131,998,4,7,14,39,0,,,,69.8,17.5
8,Bills,QB,5,118,167,"1,239",4,5,18,91,0,,,,87.1,17.4
8,Raiders,QB,5,90,144,946,4,5,23,94,2,,,,84.7,16.9
8,Titans,QB,4,88,119,930,3,1,24,85,0,,,,67,16.8
8,49ers,QB,5,119,179,"1,133",5,7,22,55,0,,,,82.2,16.4
8,Eagles,QB,5,107,168,"1,060",5,2,12,54,0,,,,78.4,15.7
8,Packers,QB,4,84,122,816,4,2,7,35,0,,,,60.3,15.1
8,Ravens,QB,5,109,186,"1,006",2,5,13,35,0,,,,61.8,12.4
8,Broncos,RB,5,,,,,,137,859,6,39,271,4,212,42.4
8,Panthers,RB,4,,,,,,106,612,7,17,126,1,138.8,34.7
8,Colts,RB,5,,,,,,127,516,8,22,196,0,141.2,28.2
8,Cardinals,RB,5,,,,,,132,639,4,25,149,2,139.8,28
8,Packers,RB,4,,,,,,101,434,4,24,129,0,104.3,26.1
8,Jets,RB,4,,,,,,90,396,1,23,206,2,101.2,25.3
8,Bills,RB,5,,,,,,105,514,5,24,189,0,124.3,24.9
8,Chargers,RB,4,,,,,,78,274,1,30,282,1,97.6,24.4
8,Bears,RB,5,,,,,,85,309,2,31,265,3,118.4,23.7
8,Giants,RB,5,,,,,,120,645,5,14,96,0,118.1,23.6
8,Texans,RB,4,,,,,,98,357,1,25,210,1,93.7,23.4
8,Raiders,RB,5,,,,,,118,466,5,19,132,1,114.8,23
8,Ravens,RB,5,,,,,,107,499,2,25,219,1,114.8,23
8,Titans,RB,4,,,,,,89,388,3,14,122,1,89,22.3
8,Cowboys,RB,4,,,,,,92,331,3,18,132,1,88.3,22.1
8,Jaguars,RB,5,,,,,,91,324,2,38,261,0,108.5,21.7
8,Patriots,RB,5,,,,,,123,366,3,26,205,1,107.1,21.4
8,Commanders,RB,5,,,,,,115,488,2,19,145,1,100.3,20.1
8,Buccaneers,RB,4,,,,,,94,384,0,25,163,0,79.7,19.9
8,Browns,RB,4,,,,,,90,327,2,16,109,1,77.6,19.4
8,Bengals,RB,4,,,,,,74,358,3,13,108,0,77.6,19.4
8,Steelers,RB,4,,,,,,98,379,2,12,90,0,70.9,17.7
8,49ers,RB,5,,,,,,83,329,2,24,169,0,85.8,17.2
8,Dolphins,RB,5,,,,,,109,386,3,14,133,0,83.9,16.8
8,Rams,RB,5,,,,,,105,405,3,16,89,0,83.4,16.7
8,Chiefs,RB,5,,,,,,81,410,1,19,94,1,81.4,16.3
8,Seahawks,RB,4,,,,,,55,167,1,23,150,0,60.7,15.2
8,Falcons,RB,5,,,,,,103,347,0,14,126,2,73.3,14.7
8,Vikings,RB,5,,,,,,100,286,2,15,113,1,72.9,14.6
8,Saints,RB,5,,,,,,99,320,2,17,104,0,71.4,14.3
8,Lions,RB,5,,,,,,74,286,1,16,174,0,68,13.6
8,Eagles,RB,5,,,,,,77,261,2,17,107,0,65.8,13.2
8,Steelers,WR,4,,,,,,2,13,0,58,894,5,178.7,44.7
8,Cardinals,WR,5,,,,,,5,15,0,77,"1,016",6,216.1,43.2
8,Dolphins,WR,5,,,,,,3,6,0,77,940,7,213.6,42.7
8,Vikings,WR,5,,,,,,5,29,0,89,"1,000",3,209.9,42
8,Eagles,WR,5,,,,,,2,19,1,79,838,5,200.7,40.1
8,Chargers,WR,4,,,,,,1,14,0,53,717,5,156.1,39
8,Giants,WR,5,,,,,,1,2,0,71,879,6,195.1,39
8,Commanders,WR,5,,,,,,3,-4,0,59,983,6,192.9,38.6
8,Seahawks,WR,4,,,,,,7,38,0,64,623,4,154.1,38.5
8,Jaguars,WR,5,,,,,,1,4,0,68,875,6,191.9,38.4
8,Panthers,WR,4,,,,,,0,0,0,44,641,6,144.1,36
8,Buccaneers,WR,4,,,,,,1,3,0,53,686,3,139.9,35
8,Bengals,WR,4,,,,,,5,76,0,45,688,3,139.4,34.9
8,Lions,WR,5,,,,,,6,32,0,64,819,4,173.1,34.6
8,Bears,WR,5,,,,,,2,1,0,68,748,5,172.9,34.6
8,49ers,WR,5,,,,,,4,39,0,65,734,5,172.3,34.5
8,Bills,WR,5,,,,,,7,66,0,68,792,3,171.8,34.4
8,Titans,WR,4,,,,,,6,5,0,57,647,2,134.2,33.6
8,Saints,WR,5,,,,,,5,25,0,58,753,5,165.8,33.2
8,Broncos,WR,5,,,,,,6,25,0,51,762,6,165.7,33.1
8,Packers,WR,4,,,,,,7,48,0,46,544,3,123.2,30.8
8,Patriots,WR,5,,,,,,3,62,0,58,647,4,152.9,30.6
8,Cowboys,WR,4,,,,,,8,84,1,38,561,2,120.5,30.1
8,Falcons,WR,5,,,,,,4,0,0,61,714,3,150.4,30.1
8,Chiefs,WR,5,,,,,,6,36,0,56,657,4,149.3,29.9
8,Texans,WR,4,,,,,,4,23,0,45,565,2,115.8,29
8,Raiders,WR,5,,,,,,8,66,0,52,633,2,133.9,26.8
8,Colts,WR,5,,,,,,3,15,0,54,646,2,132.1,26.4
8,Rams,WR,5,,,,,,4,-3,0,56,756,0,131.3,26.3
8,Ravens,WR,5,,,,,,2,-4,0,61,609,1,127.5,25.5
8,Browns,WR,4,,,,,,6,35,0,29,529,2,97.4,24.4
8,Jets,WR,4,,,,,,3,24,0,37,406,0,80,20
8,Texans,TE,4,,,,,,1,2,0,39,353,0,74.5,18.6
8,Chargers,TE,4,,,,,,0,0,0,26,302,2,68.2,17.1
8,Rams,TE,5,,,,,,0,0,0,28,382,3,84.2,16.8
8,Broncos,TE,5,,,,,,2,2,0,34,377,2,83.9,16.8
8,Jets,TE,4,,,,,,0,0,0,21,268,3,65.8,16.5
8,Commanders,TE,5,,,,,,0,0,0,28,277,4,79.7,15.9
8,Bears,TE,5,,,,,,0,0,0,34,286,2,74.6,14.9
8,Lions,TE,5,,,,,,1,-4,0,29,264,3,73,14.6
8,Jaguars,TE,5,,,,,,5,18,1,26,324,1,72.2,14.4
8,Vikings,TE,5,,,,,,1,2,0,30,239,3,72.1,14.4
8,Cowboys,TE,4,,,,,,1,2,0,16,173,4,57.5,14.4
8,Falcons,TE,5,,,,,,0,0,0,31,285,2,71.5,14.3
8,Colts,TE,5,,,,,,0,0,0,32,307,1,68.7,13.7
8,Bengals,TE,4,,,,,,0,0,0,21,204,2,53.4,13.4
8,Patriots,TE,5,,,,,,3,19,0,29,298,1,66.7,13.3
8,Giants,TE,4,,,,,,0,0,0,17,236,1,46.6,11.7
8,Chiefs,TE,5,,,,,,0,0,0,23,231,2,58.1,11.6
8,Bills,TE,5,,,,,,0,0,0,26,258,1,57.8,11.6
8,Dolphins,TE,5,,,,,,0,0,0,23,261,1,55.1,11
8,Panthers,TE,4,,,,,,0,0,0,15,166,2,43.6,10.9
8,49ers,TE,5,,,,,,0,0,0,30,230,0,53,10.6
8,Saints,TE,5,,,,,,0,0,0,21,196,2,52.6,10.5
8,Buccaneers,TE,4,,,,,,4,10,0,18,171,0,36.1,9
8,Packers,TE,4,,,,,,4,12,0,14,143,1,35.5,8.9
8,Raiders,TE,5,,,,,,1,0,0,19,181,1,43.1,8.6
8,Titans,TE,4,,,,,,3,4,0,17,161,0,33.5,8.4
8,Ravens,TE,5,,,,,,1,2,0,23,178,0,41,8.2
8,Browns,TE,4,,,,,,0,0,0,10,82,2,30.2,7.6
8,Seahawks,TE,4,,,,,,0,0,0,17,126,0,29.6,7.4
8,Steelers,TE,4,,,,,,0,0,0,11,119,1,28.9,7.2
8,Cardinals,TE,4,,,,,,0,0,0,12,129,0,24.9,6.2
8,Eagles,TE,4,,,,,,1,2,0,11,115,0,22.7,5.7
9,Commanders,QB,5,115,180,"1,506",14,3,34,140,0,,,,145.3,29.1
9,Chargers,QB,4,102,148,"1,166",5,4,18,71,3,,,,103.4,25.9
9,Rams,QB,5,101,163,"1,275",7,3,47,191,3,,,,128.9,25.8
9,Browns,QB,4,65,106,870,7,4,19,68,4,,,,102.3,25.6
9,Dolphins,QB,5,109,155,"1,182",9,2,26,71,2,,,,114.2,22.8
9,Buccaneers,QB,4,103,147,"1,054",4,2,17,83,2,,,,89,22.3
9,Patriots,QB,5,125,180,"1,317",9,3,27,23,1,,,,110.2,22
9,Bears,QB,5,137,195,"1,294",10,4,11,28,0,,,,107.5,21.5
9,Jaguars,QB,5,137,224,"1,391",6,9,14,66,1,,,,106.2,21.2
9,Falcons,QB,5,103,159,"1,120",10,1,25,94,0,,,,105.4,21.1
9,49ers,QB,5,125,178,"1,279",8,6,25,91,0,,,,105.1,21
9,Lions,QB,5,98,163,"1,182",7,6,17,57,2,,,,104.8,21
9,Panthers,QB,4,69,103,777,8,3,11,7,2,,,,83.6,20.9
9,Eagles,QB,5,131,195,"1,311",8,2,14,63,0,,,,103.9,20.8
9,Broncos,QB,5,122,170,"1,261",7,6,19,123,0,,,,103.4,20.7
9,Jets,QB,4,72,120,686,4,5,31,192,2,,,,81.5,20.4
9,Cardinals,QB,5,107,142,"1,202",8,2,19,35,1,,,,101.6,20.3
9,Bengals,QB,4,82,129,"1,094",4,7,19,89,0,,,,79.6,19.9
9,Bills,QB,5,124,180,"1,306",6,1,20,92,0,,,,98.5,19.7
9,Steelers,QB,4,76,129,"1,065",4,3,12,79,0,,,,77.2,19.3
9,Cowboys,QB,4,74,124,891,7,4,11,35,0,,,,76.1,19
9,Chiefs,QB,5,99,157,997,9,4,19,85,0,,,,94.4,18.9
9,Texans,QB,4,100,146,"1,049",3,2,11,32,1,,,,73.7,18.4
9,Saints,QB,5,96,160,994,8,5,21,95,0,,,,91.2,18.2
9,Seahawks,QB,4,87,135,795,3,5,25,140,1,,,,71.8,17.9
9,Vikings,QB,5,117,168,"1,127",4,5,21,113,1,,,,89.7,17.9
9,Giants,QB,5,95,164,"1,139",6,4,11,68,0,,,,87.8,17.6
9,Packers,QB,4,87,123,909,5,2,11,43,0,,,,69.8,17.4
9,Colts,QB,5,105,168,"1,257",5,5,14,41,0,,,,87,17.4
9,Raiders,QB,5,100,153,983,3,6,22,81,2,,,,81.3,16.3
9,Titans,QB,4,81,119,887,2,1,25,109,0,,,,63.3,15.8
9,Ravens,QB,5,107,179,987,3,7,19,61,1,,,,73.5,14.7
9,Colts,RB,5,,,,,,131,532,9,24,210,1,158.2,31.6
9,Cardinals,RB,5,,,,,,127,582,7,24,167,1,146.9,29.4
9,Panthers,RB,4,,,,,,100,543,5,15,94,1,114.7,28.7
9,Raiders,RB,5,,,,,,131,598,6,22,158,1,139.6,27.9
9,Bills,RB,5,,,,,,106,472,5,30,268,0,134,26.8
9,Packers,RB,4,,,,,,109,419,5,22,118,0,105.7,26.4
9,Jets,RB,4,,,,,,96,398,1,25,200,2,102.8,25.7
9,Bengals,RB,4,,,,,,81,376,4,17,145,1,99.1,24.8
9,Chargers,RB,4,,,,,,74,227,2,30,273,1,98,24.5
9,Broncos,RB,5,,,,,,106,550,1,32,189,1,117.9,23.6
9,Patriots,RB,5,,,,,,122,399,3,28,217,1,113.6,22.7
9,Cowboys,RB,4,,,,,,92,293,3,18,160,1,87.3,21.8
9,Browns,RB,4,,,,,,88,420,2,15,121,1,87.1,21.8
9,Giants,RB,5,,,,,,103,528,4,12,136,1,108.4,21.7
9,Jaguars,RB,5,,,,,,80,284,1,42,290,0,105.4,21.1
9,Ravens,RB,5,,,,,,96,452,2,25,204,0,102.6,20.5
9,Steelers,RB,4,,,,,,110,413,2,10,126,1,81.9,20.5
9,Bears,RB,5,,,,,,77,236,0,33,327,2,101.3,20.3
9,Commanders,RB,5,,,,,,108,413,2,24,166,1,99.9,20
9,Chiefs,RB,5,,,,,,98,464,1,22,114,2,97.8,19.6
9,Texans,RB,4,,,,,,94,286,0,23,206,1,78.2,19.6
9,Titans,RB,4,,,,,,89,430,3,10,67,0,77.7,19.4
9,49ers,RB,5,,,,,,93,400,2,22,160,0,90,18
9,Vikings,RB,5,,,,,,100,307,2,23,166,1,88.3,17.7
9,Buccaneers,RB,4,,,,,,83,285,0,25,160,0,69.5,17.4
9,Seahawks,RB,4,,,,,,78,274,1,19,165,0,68.9,17.2
9,Saints,RB,5,,,,,,106,436,3,15,85,0,85.1,17
9,Falcons,RB,5,,,,,,103,367,0,20,154,2,84.1,16.8
9,Rams,RB,5,,,,,,102,407,2,19,91,0,80.8,16.2
9,Dolphins,RB,5,,,,,,107,395,3,12,106,0,80.1,16
9,Eagles,RB,5,,,,,,73,295,2,22,131,0,76.6,15.3
9,Lions,RB,5,,,,,,73,309,2,13,169,0,72.8,14.6
9,Eagles,WR,5,,,,,,3,19,1,92,"1,020",7,243.9,48.8
9,Commanders,WR,5,,,,,,0,0,0,62,"1,041",9,220.1,44
9,49ers,WR,5,,,,,,7,37,0,73,892,8,213.9,42.8
9,Cardinals,WR,5,,,,,,4,24,0,72,907,6,201.1,40.2
9,Patriots,WR,5,,,,,,3,62,0,68,805,7,196.7,39.3
9,Dolphins,WR,5,,,,,,3,7,0,69,761,8,193.8,38.8
9,Buccaneers,WR,4,,,,,,1,3,0,62,718,3,152.1,38
9,Bills,WR,5,,,,,,8,80,0,70,800,5,188,37.6
9,Jaguars,WR,5,,,,,,3,14,0,67,775,6,181.9,36.4
9,Bears,WR,5,,,,,,2,1,0,74,716,6,181.7,36.3
9,Giants,WR,5,,,,,,2,9,0,71,840,4,179.9,36
9,Browns,WR,4,,,,,,8,33,1,41,642,4,138.5,34.6
9,Steelers,WR,4,,,,,,2,13,0,45,733,3,137.6,34.4
9,Falcons,WR,5,,,,,,3,-4,0,56,742,7,171.8,34.4
9,Lions,WR,5,,,,,,6,32,0,64,799,4,171.1,34.2
9,Packers,WR,4,,,,,,8,52,0,48,581,4,135.3,33.8
9,Saints,WR,5,,,,,,5,25,0,64,725,5,169,33.8
9,Panthers,WR,4,,,,,,3,15,0,43,583,5,132.8,33.2
9,Titans,WR,4,,,,,,2,5,0,53,628,2,128.3,32.1
9,Vikings,WR,5,,,,,,5,29,0,70,747,2,159.6,31.9
9,Chiefs,WR,5,,,,,,6,36,0,56,674,5,157,31.4
9,Bengals,WR,4,,,,,,3,50,0,41,669,2,124.9,31.2
9,Colts,WR,5,,,,,,2,13,0,53,820,3,154.3,30.9
9,Chargers,WR,4,,,,,,3,15,0,45,586,3,123.1,30.8
9,Rams,WR,5,,,,,,6,12,0,54,789,3,152.1,30.4
9,Texans,WR,4,,,,,,4,23,0,47,577,1,113,28.3
9,Broncos,WR,5,,,,,,8,25,0,50,641,4,140.6,28.1
9,Seahawks,WR,4,,,,,,6,26,0,48,455,2,108.1,27
9,Cowboys,WR,4,,,,,,7,38,0,37,511,2,103.9,26
9,Raiders,WR,5,,,,,,9,64,0,53,623,1,127.7,25.5
9,Ravens,WR,5,,,,,,4,7,0,52,530,2,117.7,23.5
9,Jets,WR,4,,,,,,4,36,0,30,320,0,65.6,16.4
9,Broncos,TE,5,,,,,,2,2,0,41,445,2,97.7,19.5
9,Rams,TE,5,,,,,,0,0,0,28,395,4,91.5,18.3
9,Texans,TE,4,,,,,,1,2,0,32,292,1,67.4,16.9
9,Commanders,TE,5,,,,,,0,0,0,29,299,4,82.9,16.6
9,Bengals,TE,4,,,,,,0,0,0,25,282,2,65.2,16.3
9,Colts,TE,5,,,,,,9,63,2,29,271,1,80.4,16.1
9,Chargers,TE,4,,,,,,0,0,0,27,307,1,63.7,15.9
9,Cowboys,TE,4,,,,,,1,2,0,18,210,4,63.2,15.8
9,Jaguars,TE,5,,,,,,5,18,1,28,326,0,68.4,13.7
9,Chiefs,TE,4,,,,,,0,0,0,21,209,2,53.9,13.5
9,Dolphins,TE,5,,,,,,0,0,0,29,322,1,67.2,13.4
9,Bears,TE,5,,,,,,0,0,0,30,251,2,67.1,13.4
9,Patriots,TE,5,,,,,,3,19,0,29,295,1,66.4,13.3
9,Steelers,TE,4,,,,,,0,0,0,22,212,1,49.2,12.3
9,Ravens,TE,5,,,,,,1,2,0,30,253,1,61.5,12.3
9,Lions,TE,5,,,,,,0,0,0,21,214,3,60.4,12.1
9,Jets,TE,4,,,,,,0,0,0,17,166,2,45.6,11.4
9,Falcons,TE,5,,,,,,1,4,0,27,224,1,55.8,11.2
9,Saints,TE,5,,,,,,0,0,0,18,197,3,55.7,11.1
9,Packers,TE,4,,,,,,0,0,0,17,210,1,44,11
9,Bills,TE,5,,,,,,0,0,0,24,238,1,53.8,10.8
9,Buccaneers,TE,4,,,,,,4,10,0,17,189,1,42.9,10.7
9,Seahawks,TE,4,,,,,,0,0,0,19,175,1,42.5,10.6
9,49ers,TE,5,,,,,,0,0,0,30,227,0,52.7,10.5
9,Vikings,TE,5,,,,,,1,2,0,24,214,1,51.6,10.3
9,Raiders,TE,5,,,,,,0,0,0,25,202,1,51.2,10.2
9,Eagles,TE,4,,,,,,1,2,0,17,160,1,39.2,9.8
9,Panthers,TE,4,,,,,,2,1,1,11,100,2,39.1,9.8
9,Titans,TE,4,,,,,,1,0,0,18,192,0,37.2,9.3
9,Giants,TE,4,,,,,,0,0,0,11,165,1,33.5,8.4
9,Browns,TE,4,,,,,,0,0,0,9,107,2,31.7,7.9
9,Cardinals,TE,4,,,,,,0,0,0,11,128,1,29.8,7.5
10,Buccaneers,QB,4,110,151,"1,397",9,1,15,92,2,,,,127.1,31.8
10,Commanders,QB,5,114,187,"1,407",13,4,28,109,0,,,,133.3,26.7
10,Chargers,QB,4,111,158,"1,191",5,3,17,75,2,,,,99.1,24.8
10,Falcons,QB,5,105,165,"1,149",11,1,26,129,1,,,,120.4,24.1
10,Cowboys,QB,4,75,117,891,9,2,18,64,1,,,,93,23.2
10,Rams,QB,5,110,164,"1,303",6,3,41,142,2,,,,115.4,23.1
10,Patriots,QB,5,124,189,"1,361",9,4,28,53,1,,,,115.4,23.1
10,Jaguars,QB,4,118,193,"1,200",5,7,13,60,1,,,,92,23
10,Eagles,QB,5,131,198,"1,395",10,2,14,37,0,,,,113.5,22.7
10,Bengals,QB,4,90,142,"1,112",4,7,21,122,1,,,,89.8,22.5
10,Texans,QB,4,103,148,"1,182",5,1,13,27,1,,,,87.8,22
10,Bills,QB,5,130,189,"1,372",7,0,23,89,0,,,,105.5,21.1
10,Lions,QB,4,75,127,936,6,4,15,59,1,,,,82.7,20.7
10,Bears,QB,5,141,201,"1,282",9,4,10,18,0,,,,101.9,20.4
10,Panthers,QB,4,74,110,765,7,1,15,12,2,,,,79.5,19.9
10,49ers,QB,4,97,137,"1,014",6,6,13,43,0,,,,79,19.8
10,Cardinals,QB,5,106,151,"1,138",9,2,19,58,0,,,,98.7,19.7
10,Vikings,QB,5,113,174,"1,191",5,6,22,123,1,,,,97.9,19.6
10,Seahawks,QB,4,86,134,817,4,3,29,142,1,,,,77.1,19.3
10,Dolphins,QB,5,108,160,"1,047",7,2,25,81,1,,,,94.5,18.9
10,Browns,QB,4,61,107,742,5,6,13,61,2,,,,75.2,18.8
10,Saints,QB,5,89,158,968,7,7,21,134,0,,,,89.8,18
10,Jets,QB,4,70,120,619,3,3,27,158,2,,,,70.8,17.7
10,Chiefs,QB,5,92,152,945,8,4,19,78,0,,,,87.1,17.4
10,Broncos,QB,4,94,135,926,3,5,15,98,0,,,,68.1,17
10,Giants,QB,5,96,163,"1,175",5,4,10,57,0,,,,84.5,16.9
10,Titans,QB,4,80,119,882,3,1,23,107,0,,,,66.8,16.7
10,Colts,QB,5,102,167,"1,111",5,7,17,68,0,,,,82.4,16.5
10,Steelers,QB,4,82,138,"1,021",2,4,9,65,0,,,,65.6,16.4
10,Packers,QB,4,81,123,829,4,2,12,52,0,,,,62.7,15.7
10,Ravens,QB,5,101,171,"1,023",3,5,17,41,1,,,,73.3,14.7
10,Raiders,QB,5,106,158,"1,016",3,7,16,80,0,,,,70.8,14.2
10,Panthers,RB,4,,,,,,103,481,5,17,102,2,,29.3
10,Raiders,RB,5,,,,,,128,618,6,24,172,1,,29
10,Colts,RB,5,,,,,,120,479,7,27,212,1,,28.8
10,Jets,RB,4,,,,,,87,329,2,24,183,2,,24.8
10,Titans,RB,4,,,,,,101,516,4,13,93,0,,24.5
10,Cowboys,RB,4,,,,,,95,320,4,17,176,1,,24.2
10,Patriots,RB,5,,,,,,122,427,3,29,240,1,,23.9
10,Seahawks,RB,4,,,,,,87,465,4,14,103,0,,23.7
10,Cardinals,RB,5,,,,,,139,554,5,21,105,0,,23.4
10,Broncos,RB,4,,,,,,83,434,1,27,168,0,,23.3
10,Giants,RB,5,,,,,,113,522,5,13,144,1,,23.1
10,Bills,RB,5,,,,,,108,412,4,28,221,0,,23.1
10,Steelers,RB,4,,,,,,100,396,3,15,119,1,,22.6
10,Commanders,RB,5,,,,,,105,447,2,25,193,1,,21.4
10,Texans,RB,4,,,,,,99,263,2,22,192,1,,21.4
10,Chiefs,RB,5,,,,,,103,478,2,22,128,2,,21.3
10,Chargers,RB,4,,,,,,72,211,1,31,208,1,,21.2
10,Jaguars,RB,4,,,,,,59,163,1,36,262,0,,21.1
10,Rams,RB,5,,,,,,114,486,3,24,120,0,,20.5
10,Bengals,RB,4,,,,,,62,238,3,18,141,1,,20
10,49ers,RB,4,,,,,,81,345,2,18,135,0,,19.5
10,Falcons,RB,5,,,,,,103,373,0,22,199,3,,19.4
10,Vikings,RB,5,,,,,,97,337,3,23,143,1,,19
10,Ravens,RB,5,,,,,,90,389,2,22,191,0,,18.4
10,Bears,RB,5,,,,,,75,184,0,32,344,1,,18.2
10,Browns,RB,4,,,,,,79,328,2,13,88,1,,18.2
10,Packers,RB,4,,,,,,91,309,2,18,103,0,,17.8
10,Lions,RB,4,,,,,,63,280,2,12,173,0,,17.3
10,Saints,RB,5,,,,,,105,455,3,14,88,0,,17.3
10,Dolphins,RB,5,,,,,,103,374,2,11,56,1,,14.4
10,Eagles,RB,5,,,,,,67,290,1,22,130,0,,14
10,Buccaneers,RB,4,,,,,,84,255,0,12,117,0,,12.3
10,Buccaneers,WR,4,,,,,,4,17,0,70,963,7,210,52.5
10,Eagles,WR,5,,,,,,3,18,0,88,"1,061",8,243.9,48.8
10,49ers,WR,4,,,,,,7,37,0,56,710,6,166.7,41.7
10,Jaguars,WR,4,,,,,,3,14,0,62,728,5,166.2,41.6
10,Cardinals,WR,5,,,,,,1,18,0,70,877,7,201.5,40.3
10,Patriots,WR,5,,,,,,1,4,0,68,877,7,198.1,39.6
10,Commanders,WR,5,,,,,,1,0,0,58,901,7,190.1,38
10,Giants,WR,5,,,,,,4,30,1,71,908,3,188.8,37.8
10,Bills,WR,5,,,,,,6,55,0,72,853,4,186.8,37.4
10,Browns,WR,4,,,,,,11,42,1,41,605,4,135.7,33.9
10,Bears,WR,5,,,,,,2,1,0,73,643,5,167.4,33.5
10,Falcons,WR,5,,,,,,3,-4,0,55,707,7,167.3,33.5
10,Dolphins,WR,5,,,,,,3,7,0,68,667,5,165.4,33.1
10,Rams,WR,5,,,,,,7,33,0,60,837,3,165,33
10,Titans,WR,4,,,,,,4,15,0,50,598,3,129.3,32.3
10,Lions,WR,4,,,,,,6,32,0,49,589,3,129.1,32.3
10,Packers,WR,4,,,,,,8,10,0,50,572,3,126.2,31.6
10,Bengals,WR,4,,,,,,3,50,0,42,663,2,125.3,31.3
10,Chargers,WR,4,,,,,,3,15,0,45,603,3,124.8,31.2
10,Texans,WR,4,,,,,,3,18,0,49,674,1,124.2,31.1
10,Chiefs,WR,5,,,,,,6,38,0,53,676,5,154.4,30.9
10,Panthers,WR,4,,,,,,3,15,0,47,568,3,123.3,30.8
10,Steelers,WR,4,,,,,,2,10,0,45,704,1,122.4,30.6
10,Cowboys,WR,4,,,,,,7,38,0,41,508,4,119.6,29.9
10,Vikings,WR,5,,,,,,3,16,0,58,685,2,140.1,28
10,Saints,WR,5,,,,,,5,9,0,54,643,3,137.2,27.4
10,Seahawks,WR,4,,,,,,5,19,0,44,444,3,108.3,27.1
10,Ravens,WR,5,,,,,,3,27,0,56,627,2,133.4,26.7
10,Colts,WR,5,,,,,,2,13,0,45,647,3,129,25.8
10,Raiders,WR,5,,,,,,6,13,0,56,608,1,124.1,24.8
10,Broncos,WR,4,,,,,,5,-4,0,37,438,3,98.4,24.6
10,Jets,WR,4,,,,,,3,19,0,34,346,0,70.5,17.6
10,Texans,TE,4,,,,,,1,2,0,34,345,3,86.7,21.7
10,Chargers,TE,4,,,,,,0,0,0,35,380,1,79,19.8
10,Bears,TE,5,,,,,,11,52,0,37,298,4,96,19.2
10,Commanders,TE,5,,,,,,0,0,0,31,313,5,92.3,18.5
10,Buccaneers,TE,4,,,,,,0,0,0,28,317,2,71.7,17.9
10,Colts,TE,5,,,,,,9,63,2,31,296,1,84.9,17
10,Bengals,TE,4,,,,,,0,0,0,30,308,1,66.8,16.7
10,Broncos,TE,4,,,,,,1,1,0,31,334,0,64.5,16.1
10,Vikings,TE,5,,,,,,2,2,0,32,363,2,80.5,16.1
10,Rams,TE,5,,,,,,0,0,0,26,346,3,78.6,15.7
10,Bills,TE,5,,,,,,0,0,0,30,298,3,77.8,15.6
10,Seahawks,TE,4,,,,,,0,0,0,28,270,1,61,15.3
10,Cowboys,TE,4,,,,,,1,2,0,16,197,4,59.9,15
10,Saints,TE,5,,,,,,0,0,0,22,250,4,71,14.2
10,Dolphins,TE,5,,,,,,0,0,0,30,331,1,69.1,13.8
10,Eagles,TE,4,,,,,,0,0,0,21,204,2,53.4,13.4
10,Lions,TE,4,,,,,,0,0,0,14,174,3,49.4,12.4
10,Jaguars,TE,4,,,,,,5,18,1,20,210,0,48.8,12.2
10,Patriots,TE,5,,,,,,3,19,0,27,244,1,59.3,11.9
10,Falcons,TE,5,,,,,,1,4,0,28,243,1,58.7,11.7
10,Raiders,TE,5,,,,,,0,0,0,26,236,1,55.6,11.1
10,Cardinals,TE,4,,,,,,0,0,0,15,156,2,42.6,10.7
10,Steelers,TE,4,,,,,,0,0,0,22,198,0,41.8,10.5
10,49ers,TE,4,,,,,,0,0,0,23,169,0,39.9,10
10,Ravens,TE,5,,,,,,0,0,0,23,205,1,49.5,9.9
10,Panthers,TE,4,,,,,,2,1,1,10,95,2,37.6,9.4
10,Chiefs,TE,4,,,,,,0,0,0,17,141,1,37.1,9.3
10,Titans,TE,4,,,,,,1,0,0,17,191,0,36.1,9
10,Packers,TE,4,,,,,,0,0,0,13,154,1,34.4,8.6
10,Giants,TE,4,,,,,,0,0,0,12,123,1,30.3,7.6
10,Jets,TE,4,,,,,,0,0,0,12,90,1,27,6.8
10,Browns,TE,4,,,,,,0,0,0,7,49,0,11.9,3
11,Buccaneers,QB,5,129,190,"1,596",9,2,15,92,2,,,,137,27.4
11,Falcons,QB,5,104,162,"1,149",10,2,32,161,3,,,,131.6,26.3
11,Bengals,QB,4,98,149,"1,302",3,6,20,129,2,,,,102,25.5
11,Commanders,QB,5,130,205,"1,494",11,4,18,65,0,,,,125.2,25
11,Chargers,QB,5,134,191,"1,524",7,3,20,73,2,,,,123.5,24.7
11,Eagles,QB,4,110,161,"1,173",8,2,14,37,0,,,,94.4,23.6
11,Lions,QB,4,77,126,"1,012",7,3,17,69,1,,,,91.5,22.9
11,Saints,QB,5,97,161,"1,104",8,5,28,178,1,,,,111,22.2
11,Texans,QB,4,102,151,"1,200",6,3,14,37,0,,,,87.7,21.9
11,Giants,QB,5,107,177,"1,339",7,4,12,73,1,,,,108.3,21.7
11,Patriots,QB,5,124,191,"1,372",7,5,25,52,1,,,,107.8,21.6
11,Jaguars,QB,4,111,181,"1,143",6,6,12,43,0,,,,85.5,21.4
11,Seahawks,QB,5,115,178,"1,129",7,3,31,159,1,,,,106.4,21.3
11,Rams,QB,4,85,126,"1,000",5,2,26,70,1,,,,83,20.8
11,Bills,QB,5,129,181,"1,250",8,0,25,88,0,,,,103.3,20.7
11,Cowboys,QB,4,71,119,724,7,3,24,106,1,,,,80.8,20.2
11,Dolphins,QB,4,85,128,842,7,2,18,43,1,,,,80.4,20.1
11,49ers,QB,4,99,142,"1,043",5,5,13,50,0,,,,77.2,19.3
11,Vikings,QB,5,108,176,"1,142",5,8,23,133,1,,,,96.4,19.3
11,Titans,QB,4,78,122,907,5,2,23,112,0,,,,76.6,19.1
11,Broncos,QB,4,90,135,904,4,6,16,85,1,,,,75.7,18.9
11,Browns,QB,5,74,130,965,6,8,21,102,2,,,,94.5,18.9
11,Steelers,QB,4,81,140,"1,074",4,5,5,31,0,,,,72.8,18.2
11,Cardinals,QB,5,82,126,915,7,1,22,96,1,,,,89.4,17.9
11,Bears,QB,5,125,188,"1,079",7,3,9,17,0,,,,83.7,16.7
11,Chiefs,QB,4,63,105,661,6,4,16,73,0,,,,64.4,16.1
11,Colts,QB,5,97,160,"1,042",5,8,18,81,0,,,,80.2,16
11,Ravens,QB,5,103,174,"1,012",3,6,19,84,1,,,,77,15.4
11,Raiders,QB,5,113,167,"1,097",3,5,18,97,0,,,,76.6,15.3
11,Jets,QB,4,66,116,576,2,4,22,112,2,,,,60,15
11,Panthers,QB,4,74,115,691,4,1,17,26,1,,,,59.2,14.8
11,Packers,QB,4,73,115,747,3,1,12,64,0,,,,55.8,13.9
11,Colts,RB,5,,,,,,133,544,6,25,206,1,142,28.4
11,Raiders,RB,5,,,,,,123,594,5,25,214,1,141.8,28.4
11,Seahawks,RB,5,,,,,,99,516,4,26,267,2,140.3,28.1
11,Jaguars,RB,4,,,,,,73,266,1,40,309,1,109.5,27.4
11,Panthers,RB,4,,,,,,105,423,4,20,100,2,108.3,27.1
11,Chargers,RB,5,,,,,,98,404,4,34,243,1,128.7,25.7
11,Cardinals,RB,5,,,,,,147,607,6,20,115,0,128.2,25.6
11,Commanders,RB,5,,,,,,109,433,2,30,275,2,124.8,25
11,Steelers,RB,4,,,,,,103,421,2,16,136,1,89.7,22.4
11,Bills,RB,5,,,,,,107,363,2,33,243,1,111.6,22.3
11,Chiefs,RB,4,,,,,,89,422,2,18,105,1,88.7,22.2
11,Bengals,RB,4,,,,,,76,297,3,20,146,1,88.3,22.1
11,Broncos,RB,4,,,,,,76,405,1,25,149,0,86.4,21.6
11,Packers,RB,4,,,,,,101,419,3,17,95,0,86.4,21.6
11,Lions,RB,4,,,,,,71,296,3,15,221,0,84.7,21.2
11,Jets,RB,4,,,,,,100,360,2,20,104,1,84.4,21.1
11,Rams,RB,4,,,,,,90,399,3,17,75,0,82.4,20.6
11,Patriots,RB,5,,,,,,112,381,3,23,176,1,102.7,20.5
11,Titans,RB,4,,,,,,96,393,2,13,92,1,79.5,19.9
11,Giants,RB,5,,,,,,120,438,4,11,128,1,97.6,19.5
11,Ravens,RB,5,,,,,,94,451,3,19,151,0,97.2,19.4
11,Falcons,RB,5,,,,,,102,395,0,21,183,3,96.8,19.4
11,Browns,RB,5,,,,,,95,393,4,15,124,1,96.7,19.3
11,49ers,RB,4,,,,,,80,346,2,17,136,0,77.2,19.3
11,Texans,RB,4,,,,,,79,223,3,21,146,0,75.9,19
11,Vikings,RB,5,,,,,,90,320,2,28,152,1,93.2,18.6
11,Saints,RB,5,,,,,,113,491,4,10,72,0,90.3,18.1
11,Bears,RB,5,,,,,,82,199,0,29,284,1,83.3,16.7
11,Dolphins,RB,4,,,,,,82,328,2,9,52,1,65,16.3
11,Cowboys,RB,4,,,,,,75,249,2,15,130,0,64.9,16.2
11,Eagles,RB,4,,,,,,53,236,1,20,126,0,62.2,15.6
11,Buccaneers,RB,5,,,,,,100,297,0,17,155,0,62.2,12.4
11,Eagles,WR,4,,,,,,3,18,0,71,863,6,195.1,48.8
11,Buccaneers,WR,5,,,,,,4,17,0,79,"1,081",7,230.8,46.2
11,Giants,WR,5,,,,,,5,44,2,80,"1,062",4,226.6,45.3
11,49ers,WR,4,,,,,,6,31,0,58,754,5,166.5,41.6
11,Patriots,WR,5,,,,,,1,4,0,74,947,6,205.1,41
11,Texans,WR,4,,,,,,2,18,0,53,841,3,156.9,39.2
11,Commanders,WR,5,,,,,,1,0,0,71,927,5,193.7,38.7
11,Bengals,WR,4,,,,,,2,30,0,50,826,2,147.6,36.9
11,Lions,WR,4,,,,,,1,5,0,51,649,5,146.4,36.6
11,Titans,WR,4,,,,,,4,17,0,51,662,4,142.9,35.7
11,Dolphins,WR,4,,,,,,2,6,0,56,559,5,142.5,35.6
11,Rams,WR,4,,,,,,7,33,0,51,700,3,142.3,35.6
11,Jaguars,WR,4,,,,,,6,43,1,53,544,4,141.7,35.4
11,Steelers,WR,4,,,,,,2,10,0,46,735,3,138.5,34.6
11,Chargers,WR,5,,,,,,5,24,0,59,838,4,169.2,33.8
11,Bills,WR,5,,,,,,3,31,0,68,732,4,168.3,33.7
11,Browns,WR,5,,,,,,11,42,1,49,743,5,163.5,32.7
11,Falcons,WR,5,,,,,,1,0,0,53,666,7,161.6,32.3
11,Bears,WR,5,,,,,,2,1,0,67,575,4,148.6,29.7
11,Vikings,WR,5,,,,,,2,15,0,57,696,3,146.1,29.2
11,Saints,WR,5,,,,,,5,9,0,55,670,3,140.9,28.2
11,Panthers,WR,4,,,,,,5,32,0,45,514,2,111.6,27.9
11,Chiefs,WR,4,,,,,,5,29,0,35,492,4,111.1,27.8
11,Cowboys,WR,4,,,,,,3,8,0,39,410,5,110.8,27.7
11,Cardinals,WR,5,,,,,,1,18,0,43,613,5,136.1,27.2
11,Raiders,WR,5,,,,,,5,18,0,62,636,1,133.4,26.7
11,Packers,WR,4,,,,,,5,-3,0,43,510,2,105.7,26.4
11,Seahawks,WR,5,,,,,,5,19,0,53,531,4,132,26.4
11,Ravens,WR,5,,,,,,2,11,0,56,610,2,130.1,26
11,Broncos,WR,4,,,,,,5,-4,0,37,465,3,101.1,25.3
11,Colts,WR,5,,,,,,2,13,0,44,602,3,123.5,24.7
11,Jets,WR,4,,,,,,5,43,0,34,382,0,76.5,19.1
11,Saints,TE,5,,,,,,0,0,0,33,375,5,100.5,20.1
11,Chargers,TE,5,,,,,,0,0,0,41,443,2,97.3,19.5
11,Texans,TE,4,,,,,,1,2,0,29,220,3,69.2,17.3
11,Eagles,TE,3,,,,,,0,0,0,19,184,2,49.4,16.5
11,Commanders,TE,5,,,,,,0,0,0,29,292,4,82.2,16.4
11,Broncos,TE,4,,,,,,1,1,0,29,304,1,65.5,16.4
11,Colts,TE,5,,,,,,9,63,2,29,278,1,81.1,16.2
11,Buccaneers,TE,5,,,,,,0,0,0,33,360,2,81,16.2
11,Bengals,TE,4,,,,,,0,0,0,28,330,0,61,15.3
11,Jaguars,TE,4,,,,,,5,18,1,18,290,1,60.8,15.2
11,Bears,TE,5,,,,,,11,52,0,30,223,3,75.5,15.1
11,Seahawks,TE,5,,,,,,0,0,0,36,331,1,75.1,15
11,Bills,TE,5,,,,,,0,0,0,28,275,3,73.5,14.7
11,Rams,TE,4,,,,,,0,0,0,17,225,2,51.5,12.9
11,Dolphins,TE,4,,,,,,0,0,0,21,238,1,50.8,12.7
11,Falcons,TE,5,,,,,,1,4,0,30,300,0,60.4,12.1
11,Ravens,TE,5,,,,,,1,2,0,28,251,1,59.3,11.9
11,Vikings,TE,5,,,,,,3,8,0,23,294,1,59.2,11.8
11,Cowboys,TE,4,,,,,,1,2,0,16,174,2,45.6,11.4
11,Raiders,TE,5,,,,,,0,0,0,26,247,1,56.7,11.3
11,Patriots,TE,5,,,,,,0,0,0,27,249,0,51.9,10.4
11,Cardinals,TE,5,,,,,,0,0,0,19,187,2,49.7,9.9
11,Steelers,TE,4,,,,,,0,0,0,19,203,0,39.3,9.8
11,49ers,TE,4,,,,,,0,0,0,24,153,0,39.3,9.8
11,Lions,TE,4,,,,,,0,0,0,11,142,2,37.2,9.3
11,Giants,TE,5,,,,,,0,0,0,16,149,2,42.9,8.6
11,Packers,TE,4,,,,,,0,0,0,13,142,1,33.2,8.3
11,Chiefs,TE,3,,,,,,0,0,0,10,64,1,22.4,7.5
11,Titans,TE,4,,,,,,1,0,0,14,153,0,29.3,7.3
11,Jets,TE,4,,,,,,0,0,0,12,90,1,27,6.8
11,Panthers,TE,4,,,,,,3,2,1,9,77,0,22.9,5.7
11,Browns,TE,5,,,,,,0,0,0,10,98,0,19.8,4
13,Eagles,QB,4,121,190,"1,287",11,3,24,144,2,,,,134.8,33.7
13,Buccaneers,QB,5,125,187,"1,577",10,3,14,71,2,,,,138,27.6
13,Commanders,QB,5,124,187,"1,485",14,1,10,39,0,,,,134.2,26.8
13,Falcons,QB,4,87,135,"1,027",6,2,27,133,3,,,,106.7,26.7
13,Bengals,QB,5,111,167,"1,521",5,4,30,168,2,,,,124.9,25
13,Bills,QB,5,112,175,"1,092",10,3,36,134,2,,,,120,24
13,Texans,QB,5,113,169,"1,425",7,4,22,86,2,,,,119.9,24
13,Jaguars,QB,4,84,124,975,8,2,17,74,1,,,,94.2,23.5
13,Lions,QB,4,75,116,886,8,2,27,170,0,,,,93.3,23.3
13,Saints,QB,4,77,126,869,6,6,24,147,1,,,,88.2,22
13,Giants,QB,5,118,185,"1,319",6,8,11,82,2,,,,110.2,22
13,Rams,QB,4,98,145,"1,027",7,2,13,24,1,,,,87.8,21.9
13,Cardinals,QB,5,102,149,"1,037",10,4,17,85,1,,,,106.4,21.3
13,Titans,QB,5,99,155,"1,140",6,1,18,90,2,,,,102,20.4
13,Raiders,QB,5,123,178,"1,358",6,5,19,93,0,,,,101.2,20.2
13,Seahawks,QB,5,109,170,"1,193",7,4,27,114,0,,,,99.1,19.8
13,Chargers,QB,5,126,191,"1,327",5,2,23,43,1,,,,96.7,19.3
13,Patriots,QB,4,94,143,"1,034",5,3,18,40,0,,,,75.7,18.9
13,Ravens,QB,5,106,175,964,6,5,25,161,1,,,,94.3,18.9
13,Packers,QB,5,103,166,"1,145",6,1,22,125,0,,,,93.8,18.8
13,Vikings,QB,5,125,194,"1,205",5,4,22,124,0,,,,92.7,18.5
13,Chiefs,QB,4,70,108,705,5,1,22,66,2,,,,73.9,18.5
13,Cowboys,QB,5,93,155,920,6,4,22,102,2,,,,92.2,18.4
13,Bears,QB,5,122,179,"1,115",8,7,11,36,0,,,,91.4,18.3
13,Broncos,QB,4,79,138,829,3,5,21,74,2,,,,72.9,18.2
13,Colts,QB,4,81,124,877,5,6,12,79,0,,,,71.8,17.9
13,49ers,QB,4,93,135,899,4,4,15,76,0,,,,68.6,17.1
13,Dolphins,QB,4,90,138,796,6,6,10,27,0,,,,66.5,16.6
13,Steelers,QB,5,110,180,"1,235",4,6,10,52,0,,,,83,16.6
13,Jets,QB,5,79,133,814,5,4,24,77,1,,,,74.4,14.9
13,Browns,QB,5,75,130,775,4,6,30,109,1,,,,71.7,14.3
13,Panthers,QB,5,98,152,818,3,0,21,30,1,,,,61.9,12.4
13,Seahawks,RB,5,,,,,,122,641,7,26,265,2,170.6,34.1
13,Cardinals,RB,5,,,,,,149,663,7,25,177,2,163,32.6
13,Commanders,RB,5,,,,,,91,436,3,31,276,4,144.2,28.8
13,Jets,RB,5,,,,,,149,612,4,19,139,2,130.1,26
13,Chiefs,RB,4,,,,,,86,424,3,22,128,1,101.2,25.3
13,Giants,RB,5,,,,,,131,543,4,24,182,1,126.5,25.3
13,Raiders,RB,5,,,,,,120,530,3,26,211,1,124.1,24.8
13,Chargers,RB,5,,,,,,106,499,4,31,191,0,124,24.8
13,Saints,RB,4,,,,,,105,531,3,10,82,1,95.3,23.8
13,Bengals,RB,5,,,,,,104,474,5,21,141,1,118.5,23.7
13,Colts,RB,4,,,,,,98,449,1,21,162,1,94.1,23.5
13,Bills,RB,5,,,,,,89,357,1,32,256,2,111.3,22.3
13,Bears,RB,5,,,,,,84,282,2,33,315,1,110.7,22.1
13,Titans,RB,5,,,,,,131,483,3,17,165,1,105.8,21.2
13,Panthers,RB,5,,,,,,116,423,4,22,89,1,103.2,20.6
13,Vikings,RB,5,,,,,,79,283,1,43,240,0,101.3,20.3
13,Steelers,RB,5,,,,,,106,378,2,23,188,1,97.6,19.5
13,Jaguars,RB,4,,,,,,61,234,0,27,210,1,77.4,19.4
13,Browns,RB,5,,,,,,89,482,4,15,90,0,96.2,19.2
13,Packers,RB,5,,,,,,120,486,4,16,74,0,96,19.2
13,Broncos,RB,4,,,,,,77,462,1,17,70,0,76.2,19.1
13,Rams,RB,4,,,,,,83,357,1,25,86,0,75.3,18.8
13,Falcons,RB,4,,,,,,85,360,0,18,146,1,74.6,18.7
13,Patriots,RB,4,,,,,,82,290,3,16,103,0,73.3,18.3
13,Lions,RB,4,,,,,,85,284,3,13,135,0,72.9,18.2
13,Eagles,RB,4,,,,,,79,340,0,23,145,0,71.5,17.9
13,Texans,RB,5,,,,,,101,309,3,21,181,0,88,17.6
13,Cowboys,RB,5,,,,,,105,420,2,18,130,0,85,17
13,49ers,RB,4,,,,,,62,240,2,19,115,0,66.5,16.6
13,Buccaneers,RB,5,,,,,,97,393,2,16,88,1,82.1,16.4
13,Ravens,RB,5,,,,,,95,384,1,18,89,1,77.3,15.5
13,Dolphins,RB,4,,,,,,57,210,0,16,98,1,52.8,13.2
13,Eagles,WR,4,,,,,,4,14,0,71,908,8,211.2,52.8
13,Commanders,WR,5,,,,,,3,2,0,75,"1,018",9,231,46.2
13,Patriots,WR,4,,,,,,0,0,0,66,853,5,181.3,45.3
13,Buccaneers,WR,5,,,,,,5,16,0,76,"1,098",6,223.4,44.7
13,Giants,WR,5,,,,,,6,47,2,78,991,4,217.8,43.6
13,Lions,WR,4,,,,,,2,16,0,52,660,7,161.6,40.4
13,Rams,WR,4,,,,,,3,36,0,54,724,5,160,40
13,Jaguars,WR,4,,,,,,7,89,1,43,598,5,147.7,36.9
13,Chargers,WR,5,,,,,,10,94,2,59,802,4,184.6,36.9
13,49ers,WR,4,,,,,,6,31,0,56,630,4,146.1,36.5
13,Titans,WR,5,,,,,,4,34,0,63,812,5,177.6,35.5
13,Texans,WR,5,,,,,,3,0,0,58,945,4,176.5,35.3
13,Raiders,WR,5,,,,,,1,-2,0,67,835,4,174.3,34.9
13,Bengals,WR,5,,,,,,3,37,0,52,902,4,169.9,34
13,Dolphins,WR,4,,,,,,2,-2,0,51,481,5,128.9,32.2
13,Packers,WR,5,,,,,,5,14,0,64,767,3,160.1,32
13,Bills,WR,5,,,,,,2,11,0,57,630,6,157.1,31.4
13,Falcons,WR,4,,,,,,2,40,0,39,526,5,125.6,31.4
13,Vikings,WR,5,,,,,,0,0,0,59,705,4,153.5,30.7
13,Colts,WR,4,,,,,,0,0,0,41,546,4,119.6,29.9
13,Chiefs,WR,4,,,,,,3,17,0,41,516,4,118.3,29.6
13,Bears,WR,5,,,,,,1,2,0,63,597,4,146.9,29.4
13,Seahawks,WR,5,,,,,,6,17,1,52,617,4,145.4,29.1
13,Steelers,WR,5,,,,,,3,18,0,55,762,2,145,29
13,Cardinals,WR,5,,,,,,1,18,0,55,675,3,142.3,28.5
13,Cowboys,WR,5,,,,,,3,8,0,59,583,4,142.1,28.4
13,Ravens,WR,5,,,,,,4,10,0,59,594,3,137.4,27.5
13,Browns,WR,5,,,,,,8,11,1,49,559,3,130,26
13,Saints,WR,4,,,,,,1,-5,0,42,507,1,98.2,24.6
13,Panthers,WR,5,,,,,,8,53,0,57,541,1,122.4,24.5
13,Jets,WR,5,,,,,,7,43,0,45,560,2,117.3,23.5
13,Broncos,WR,4,,,,,,3,0,0,34,462,0,80.2,20.1
13,Saints,TE,4,,,,,,0,0,0,25,280,4,77,19.3
13,Broncos,TE,4,,,,,,1,0,0,28,297,3,75.7,18.9
13,Buccaneers,TE,5,,,,,,0,0,0,33,391,3,90.1,18
13,Bengals,TE,5,,,,,,0,0,0,38,478,0,85.8,17.2
13,Falcons,TE,4,,,,,,8,30,0,30,355,0,68.5,17.1
13,Eagles,TE,4,,,,,,0,0,0,27,234,3,68.4,17.1
13,Texans,TE,5,,,,,,0,0,0,34,302,3,82.2,16.4
13,Bears,TE,5,,,,,,11,52,0,27,206,4,76.8,15.4
13,Chargers,TE,5,,,,,,0,0,0,36,334,1,75.4,15.1
13,Colts,TE,4,,,,,,9,63,2,20,213,0,59.6,14.9
13,Cardinals,TE,5,,,,,,1,0,0,22,185,5,70.5,14.1
13,Packers,TE,5,,,,,,0,0,0,22,298,3,69.8,14
13,Ravens,TE,5,,,,,,1,2,0,29,281,2,69.3,13.9
13,Seahawks,TE,5,,,,,,0,0,0,31,311,1,68.1,13.6
13,Raiders,TE,5,,,,,,0,0,0,30,312,1,67.2,13.4
13,Steelers,TE,5,,,,,,0,0,0,32,285,1,66.5,13.3
13,Rams,TE,4,,,,,,0,0,0,19,217,2,52.7,13.2
13,Dolphins,TE,4,,,,,,0,0,0,23,217,0,44.7,11.2
13,Bills,TE,5,,,,,,0,0,0,23,206,2,55.6,11.1
13,Vikings,TE,5,,,,,,2,6,0,23,260,1,55.6,11.1
13,Panthers,TE,5,,,,,,3,2,1,19,188,1,50,10
13,Cowboys,TE,5,,,,,,0,0,0,16,207,2,48.7,9.7
13,Jaguars,TE,4,,,,,,0,0,0,13,165,1,35.5,8.9
13,Commanders,TE,5,,,,,,0,0,0,18,191,1,43.1,8.6
13,49ers,TE,4,,,,,,0,0,0,18,154,0,33.4,8.4
13,Giants,TE,5,,,,,,0,0,0,16,146,1,36.6,7.3
13,Titans,TE,5,,,,,,0,0,0,19,163,0,35.3,7.1
13,Jets,TE,5,,,,,,0,0,0,15,115,1,32.5,6.5
13,Lions,TE,4,,,,,,0,0,0,10,91,1,25.1,6.3
13,Browns,TE,5,,,,,,0,0,0,11,126,1,29.6,5.9
13,Patriots,TE,4,,,,,,0,0,0,12,78,0,19.8,5
13,Chiefs,TE,3,,,,,,0,0,0,7,61,0,13.1,4.4
14,Eagles,QB,4,101,165,"1,204",11,2,24,141,2,,,,130.3,32.6
14,Jaguars,QB,4,91,118,"1,118",8,0,15,68,2,,,,106.7,26.7
14,Lions,QB,4,84,122,"1,027",9,2,27,157,0,,,,103.1,25.8
14,Bengals,QB,5,120,175,"1,477",6,2,30,126,3,,,,128.5,25.7
14,Texans,QB,5,106,164,"1,376",7,7,28,119,3,,,,126.7,25.3
14,Commanders,QB,5,114,174,"1,449",12,1,6,33,0,,,,123.8,24.8
14,Bills,QB,4,87,133,855,8,3,33,115,2,,,,98.3,24.6
14,Giants,QB,4,101,149,"1,079",5,8,7,57,2,,,,91.7,22.9
14,Buccaneers,QB,5,109,178,"1,431",8,3,7,30,1,,,,112.6,22.5
14,Cowboys,QB,5,98,164,"1,050",8,4,23,99,3,,,,112.4,22.5
14,Falcons,QB,4,87,144,"1,003",2,3,20,128,3,,,,89,22.2
14,Saints,QB,4,70,110,869,6,5,25,142,1,,,,87.7,21.9
14,Seahawks,QB,5,122,179,"1,235",9,2,28,110,0,,,,108.8,21.8
14,Cardinals,QB,5,102,149,"1,067",10,4,18,76,1,,,,107,21.4
14,Titans,QB,5,105,164,"1,206",7,1,16,52,2,,,,105.5,21.1
14,Raiders,QB,4,97,141,"1,086",5,4,17,95,0,,,,83.8,21
14,Chiefs,QB,4,83,125,858,5,1,16,46,2,,,,79.5,19.9
14,Broncos,QB,4,72,128,880,4,3,24,65,2,,,,78.5,19.6
14,Rams,QB,4,94,155,974,5,2,6,8,1,,,,75.5,18.9
14,Vikings,QB,4,101,153,976,4,3,18,90,0,,,,73.8,18.5
14,Dolphins,QB,4,83,132,762,4,6,13,50,2,,,,71.1,17.8
14,Chargers,QB,5,114,179,"1,236",5,0,23,60,0,,,,87.8,17.6
14,Packers,QB,5,98,164,"1,058",5,2,22,143,0,,,,87.2,17.4
14,Ravens,QB,4,81,138,756,4,3,19,135,0,,,,67.3,16.8
14,49ers,QB,4,93,151,930,2,4,18,59,1,,,,66.4,16.6
14,Bears,QB,4,91,139,817,5,7,10,35,0,,,,64.4,16.1
14,Colts,QB,4,78,130,791,4,6,13,85,0,,,,64.1,16
14,Browns,QB,5,74,130,800,5,4,29,110,1,,,,77,15.4
14,Steelers,QB,5,99,171,"1,088",4,5,18,62,0,,,,76.6,15.3
14,Jets,QB,5,85,146,928,6,4,18,32,0,,,,73.6,14.7
14,Patriots,QB,4,86,135,922,2,2,16,27,0,,,,56.8,14.2
14,Panthers,QB,5,96,157,880,4,1,21,15,0,,,,61.5,12.3
14,Seahawks,QB,5,,,,,,114,591,7,27,232,2,163.3,32.7
14,Commanders,RB,5,,,,,,105,510,5,28,270,4,160,32
14,Cardinals,RB,5,,,,,,151,690,4,22,133,2,140.3,28.1
14,Giants,RB,4,,,,,,115,519,4,18,106,0,104.5,26.1
14,Jets,RB,5,,,,,,139,561,4,19,167,2,127.8,25.6
14,Colts,RB,4,,,,,,109,527,2,20,125,0,97.2,24.3
14,Jaguars,RB,4,,,,,,77,331,2,24,198,1,94.9,23.7
14,Chargers,RB,5,,,,,,114,519,3,29,197,0,118.6,23.7
14,Bills,RB,4,,,,,,76,312,1,23,170,2,89.2,22.3
14,Saints,RB,4,,,,,,108,486,3,10,65,1,89.1,22.3
14,Panthers,RB,5,,,,,,115,433,5,23,89,1,111.2,22.2
14,Bengals,RB,5,,,,,,103,467,5,20,116,0,108.3,21.7
14,Chiefs,RB,4,,,,,,75,405,3,17,105,0,86,21.5
14,Rams,RB,4,,,,,,89,373,1,25,112,1,85.5,21.4
14,Broncos,RB,4,,,,,,90,498,2,15,80,0,84.8,21.2
14,Lions,RB,4,,,,,,88,277,4,17,160,0,84.7,21.2
14,Raiders,RB,4,,,,,,80,304,2,20,162,1,84.6,21.2
14,Packers,RB,5,,,,,,115,552,4,17,85,0,104.7,20.9
14,Vikings,RB,4,,,,,,66,243,1,34,182,0,82.5,20.6
14,Bears,RB,4,,,,,,60,229,2,25,216,0,81.5,20.4
14,Titans,RB,5,,,,,,129,434,2,21,182,1,100.6,20.1
14,Browns,RB,5,,,,,,98,451,5,15,99,0,100,20
14,Buccaneers,RB,5,,,,,,112,452,4,15,84,1,98.6,19.7
14,Steelers,RB,5,,,,,,106,412,4,20,118,0,97,19.4
14,Eagles,RB,4,,,,,,89,383,1,18,137,0,76,19
14,Texans,RB,5,,,,,,100,342,3,24,164,0,92.6,18.5
14,Falcons,RB,4,,,,,,82,283,0,18,156,1,67.9,17
14,Cowboys,RB,5,,,,,,104,411,2,16,115,0,80.6,16.1
14,Ravens,RB,4,,,,,,71,292,1,15,77,1,63.9,16
14,49ers,RB,4,,,,,,53,167,1,24,168,0,63.5,15.9
14,Dolphins,RB,4,,,,,,64,252,0,18,124,1,61.6,15.4
14,Patriots,RB,4,,,,,,82,254,2,13,86,0,59,14.8
14,Eagles,WR,4,,,,,,6,36,1,59,826,9,205.2,51.3
14,Giants,WR,4,,,,,,4,38,2,68,846,4,192.4,48.1
14,Lions,WR,4,,,,,,4,10,0,55,765,7,174.5,43.6
14,Commanders,WR,5,,,,,,5,-2,0,70,"1,001",7,211.9,42.4
14,Jaguars,WR,4,,,,,,6,84,1,52,719,5,168.3,42.1
14,Buccaneers,WR,5,,,,,,5,16,0,64,999,5,195.5,39.1
14,Bengals,WR,5,,,,,,6,44,0,61,941,5,189.5,37.9
14,Titans,WR,5,,,,,,4,34,0,65,836,6,188,37.6
14,Chargers,WR,5,,,,,,9,132,2,58,777,4,184.9,37
14,Chiefs,WR,4,,,,,,5,32,0,55,654,4,147.6,36.9
14,Raiders,WR,4,,,,,,0,0,0,56,674,4,147.4,36.9
14,Patriots,WR,4,,,,,,0,0,0,59,734,2,144.4,36.1
14,Seahawks,WR,5,,,,,,7,52,1,62,686,6,177.8,35.6
14,Cowboys,WR,5,,,,,,1,0,0,68,730,6,177,35.4
14,Texans,WR,5,,,,,,4,8,0,50,924,5,173.2,34.6
14,49ers,WR,4,,,,,,3,33,0,55,633,2,133.6,33.4
14,Cardinals,WR,5,,,,,,0,0,0,60,770,4,161,32.2
14,Rams,WR,4,,,,,,1,21,0,47,633,2,124.4,31.1
14,Bills,WR,4,,,,,,1,-3,0,45,506,4,119.3,29.8
14,Vikings,WR,4,,,,,,0,0,0,46,543,3,118.3,29.6
14,Panthers,WR,5,,,,,,9,77,1,57,616,2,144.3,28.9
14,Dolphins,WR,4,,,,,,1,-6,0,48,491,3,114.5,28.6
14,Packers,WR,5,,,,,,4,16,0,60,682,2,141.8,28.4
14,Ravens,WR,4,,,,,,2,-1,0,47,493,2,108.2,27.1
14,Browns,WR,5,,,,,,8,47,0,48,572,4,133.9,26.8
14,Bears,WR,4,,,,,,1,2,0,44,441,3,106.3,26.6
14,Steelers,WR,5,,,,,,3,18,0,47,658,2,126.6,25.3
14,Colts,WR,4,,,,,,1,4,0,36,394,4,99.8,25
14,Falcons,WR,4,,,,,,3,41,0,39,468,1,95.9,24
14,Jets,WR,5,,,,,,5,26,0,45,569,2,116.5,23.3
14,Broncos,WR,4,,,,,,1,0,0,32,512,1,89.2,22.3
14,Saints,WR,4,,,,,,3,23,1,28,426,1,84.9,21.2
14,Saints,TE,4,,,,,,0,0,0,32,378,4,93.8,23.5
14,Broncos,TE,4,,,,,,1,0,0,25,288,3,71.8,18
14,Falcons,TE,4,,,,,,7,26,0,30,379,0,70.5,17.6
14,Bengals,TE,5,,,,,,0,0,0,39,420,1,87,17.4
14,Bears,TE,4,,,,,,11,52,0,23,163,3,62.5,15.6
14,Buccaneers,TE,5,,,,,,0,0,0,30,348,2,76.8,15.4
14,Steelers,TE,5,,,,,,0,0,0,32,312,2,75.2,15
14,Eagles,TE,4,,,,,,0,0,0,24,241,2,60.1,15
14,Texans,TE,5,,,,,,0,0,0,32,291,2,73.1,14.6
14,Rams,TE,4,,,,,,0,0,0,22,229,2,56.9,14.2
14,Seahawks,TE,5,,,,,,0,0,0,33,317,1,70.7,14.1
14,Packers,TE,5,,,,,,0,0,0,20,285,3,66.5,13.3
14,Vikings,TE,4,,,,,,2,6,0,21,251,1,52.7,13.2
14,Colts,TE,4,,,,,,1,2,0,22,272,0,49.4,12.4
14,Bills,TE,4,,,,,,0,0,0,19,179,2,48.9,12.2
14,Cardinals,TE,5,,,,,,1,0,0,20,164,4,60.4,12.1
14,Chargers,TE,5,,,,,,0,0,0,27,262,1,59.2,11.8
14,Lions,TE,4,,,,,,13,59,1,12,102,2,46.1,11.5
14,Raiders,TE,4,,,,,,0,0,0,21,250,0,46,11.5
14,Ravens,TE,4,,,,,,1,2,0,19,186,1,43.8,11
14,Jets,TE,5,,,,,,0,0,0,21,192,2,52.2,10.4
14,Jaguars,TE,4,,,,,,0,0,0,14,199,1,39.9,10
14,Cowboys,TE,5,,,,,,0,0,0,14,205,2,46.5,9.3
14,Giants,TE,4,,,,,,0,0,0,15,127,1,33.7,8.4
14,Commanders,TE,5,,,,,,0,0,0,16,178,1,39.8,8
14,Dolphins,TE,4,,,,,,0,0,0,17,147,0,31.7,7.9
14,Panthers,TE,5,,,,,,1,1,0,16,175,1,39.6,7.9
14,Titans,TE,5,,,,,,1,2,0,19,188,0,38,7.6
14,49ers,TE,4,,,,,,0,0,0,14,129,0,26.9,6.7
14,Chiefs,TE,4,,,,,,0,0,0,11,99,1,26.9,6.7
14,Patriots,TE,4,,,,,,0,0,0,14,102,0,24.2,6.1
14,Browns,TE,5,,,,,,0,0,0,11,129,1,29.9,6